year,dep,prof_h,prof_m,conf_h,conf_m,espe_h,espe_m,admin_h,admin_m,auxadm_h,auxadm_m,obre_h,obre_m,obre_s,serv_h,serv_m,direct_h,direct_m
1960,ENA,,,3,4,2,4,,,,,,,1,40,,1,1
1960,ENAP,,,3,3,9,1,,,,,,,6,25,,1,
1960,FC,,,5,3,1,1,,,,,,,2,25,,1,
1960,FCPyS,,,3,4,1,2,,,,,,,,6,,1,
1960,ENCQ,,,9,11,31,10,,,,,,,9,38,4,2,
1960,ENCA,,,20,12,1,3,,,,,,,2,26,,1,
1960,FD,,,18,16,3,5,,,,,,,,28,,3,
1960,ENE,,,9,12,7,4,,,,,,,,12,,3,
1960,ENEO,,,2,4,,4,,,,,,,,5,2,1,
1960,FFyL,,,2,5,,4,,,,,,,,11,2,1,
1960,ENI,,,18,16,13,4,,,,,,,15,34,1,4,1
1960,ENMed,,,21,40,33,29,,,,,,,4,148,10,2,
1960,ENMúsica,,,4,6,3,1,,,,,,,,10,1,,1
1960,ENO,,,15,1,2,31,,,,,,,2,50,4,2,
1960,ENMVZ,,,10,4,17,6,,,,,,,1,40,,1,
1960,ENP,,,28,35,17,6,,,,,,,14,124,9,5,
1960,Centro de estudios filosóficos,,,,4,,1,,,,,,,,3,,1,
1960,IH,,,,3,,3,,,,,,,,1,,1,
1960,IM,,,,2,,1,,,,,,,,2,,1,
1960,IF,,,2,4,5,,,,,,,,2,6,,3,
1960,IDComparado,,,1,4,,,,,,,,,,2,,,
1960,IQ,,,2,1,2,1,,,,,,,1,2,4,1,
1960,Igeología,,,3,8,5,2,,,,,,,,13,1,2,
1960,Igeofísica,,,1,3,13,6,,,,,,,,7,,3,
1960,Igeografía,,,,1,1,1,,,,,,,,5,,1,
1960,IB,,,4,2,5,,,,,,,,4,15,,1,
1960,IMB,,,1,3,5,,,,,,,,,6,,1,
1960,IIS,,,2,6,2,1,,,,,,,,2,,1,
1960,IIE,,,,5,,,,,,,,,,2,,1,
1960,Observatorio Astronómico Nacional,,,,2,2,2,,,,,,,1,9,,2,
1960,BN,,,4,6,23,17,,,,,,,,14,,3,
1960,HN,,,5,4,15,7,,,,,,,,6,,1,
1960,Depto EF,,,1,3,,1,,,,,,,,2,,1,
1962,FC,,,2,,25,14,7,6,35,2,,,5,,,,
1962,FD,,,10,,2,4,16,28,36,1,,,,,,,
1962,FFyL,,,1,2,4,5,4,12,23,3,,,,,,,
1962,FI,,,3,,50,7,20,22,82,3,,,21,,,,
1962,FM,2,,3,1,52,35,33,48,152,13,,,5,,,,
1962,ENA,,,2,,7,5,6,22,61,2,,,,,,,
1962,ENAP,,,1,,17,1,10,4,31,,,,5,,,,
1962,FCPyS,,,1,,1,2,1,7,7,,,,,,,,
1962,ENCQ,2,1,3,,3,7,11,15,60,6,,,12,,,,
1962,ENCA,,,4,,,4,18,10,32,1,,,2,,,,
1962,ENE,,,4,,6,5,7,17,16,,,,,,,,
1962,ENEO,,,1,,3,1,,10,10,5,,,,,,,
1962,ENMVZ,,,2,,53,12,12,6,48,1,,,,,,,
1962,ENM,,,2,1,5,1,5,4,10,,,,,,,,
1962,ENO,7,,3,1,7,64,16,2,64,10,,,,,,,
1962,ENP,,,22,,155,84,46,93,254,37,,,43,,,,
1962,IB,,,1,,7,,3,2,13,1,,,,,,,
1962,ID Comparado,,,1,,,,1,7,2,,,,,,,,
1962,CEFilosoficos,,,1,,2,2,,5,3,,,,,,,,
1962,IEMB,,,1,,6,3,2,4,13,1,,,,,,,
1962,IF,,,1,,8,1,4,6,10,,,,4,,,,
1962,Igeología,,,1,,19,8,5,12,15,1,,,3,,,,
1962,igeografía,,,1,1,4,3,,1,6,,,,,,,,
1962,igeofísica,,,1,,26,10,,,9,1,,,1,,,,
1962,IH,,,1,,1,2,3,5,2,,,,,,,,
1962,IIE,,,1,,1,,2,8,3,,,,,,,,
1962,IIS,,,1,,1,2,2,8,3,,,,,,,,
1962,Imat,,,1,,,2,,3,3,,,,,,,,
1962,IQ,,,1,,3,1,2,1,1,3,,,1,,,,
1962,BN,,,1,,71,25,10,16,30,2,,,,,,,
1962,OAN,,,1,,3,2,1,3,8,,,,1,,,,
1963,FC,,,2,,24,18,6,7,31,3,6,,,,,,
1963,FD,,,13,,1,5,14,20,32,2,,,,,,,
1963,FFyL,,,1,1,2,6,4,12,22,3,,,,,,,
1963,FI,,,5,,71,6,37,26,82,2,26,,,,,,
1963,FM,,5,6,,50,32,36,59,153,13,5,,,,,,
1963,ENA,,,5,14,6,6,3,10,64,1,,,,,,,
1963,ENAP,,,2,,17,1,11,5,32,,5,,,,,,
1963,ENCPYS,,,6,,1,2,4,8,7,,,,,,,,
1963,ENCQ,,2,4,,36,7,13,15,54,6,11,,,,,,
1963,ENCA,,,4,,10,2,28,13,35,2,2,,,,,,
1963,ENE,,,4,,12,7,31,25,14,2,,,,,,,
1963,ENEO,,,1,,,3,1,23,8,7,,,,,,,
1963,ENMVZ,,,5,,50,17,9,7,47,,1,,,,,,
1963,ENM,,,3,,5,1,4,6,10,,,,,,,,
1963,ENO,,9,2,,12,73,22,6,70,8,2,,,,,,
1963,ENP,,,25,,161,105,251,162,282,33,,,,,,,
1963,CEFilosoficos,,,1,,1,2,1,5,3,,,,,,,,
1963,IB,,,1,,12,4,12,7,14,,,,,,,,
1963,IDComparado,,,1,,,1,1,8,2,,,,,,,,
1963,IEMB,,,1,,9,5,13,8,13,2,,,,,,,
1963,IF,,,1,,17,1,6,11,10,2,6,,,,,,
1963,Igeofísica,,,1,,11,16,1,1,10,,3,,,,,,
1963,Igeografía,,,,1,47,21,2,5,,1,,,,,,,
1963,Igeología,,,1,,23,14,5,12,15,,2,,,,,,
1963,IH,,,1,,7,11,2,6,2,,,,,,,,
1963,IIE,,,1,,2,,2,7,1,,,,,,,,
1963,IIS,,,1,,5,2,4,6,2,,,,,,,,
1963,IM,,,1,,,2,1,3,3,,,,,,,,
1963,IQ,,,1,,2,1,11,6,,3,1,,,,,,
1963,BN,,,1,,53,23,7,11,25,2,,,,,,,
1963,OAN,,,1,,6,3,7,4,8,,2,,,,,,
1963,HN,,,1,,26,12,7,6,10,,,,,,,,
1964,FC,,,2,,21,13,6,7,34,2,5,,,,,,
1964,FD,,,12,,3,5,16,20,30,1,,,,,,,
1964,FFyL,,,1,1,2,6,4,9,24,3,,,,,,,
1964,FI,,,5,,6,11,33,28,84,3,32,,,,,,
1964,FM,,4,8,1,44,32,42,62,159,19,5,,,,,,
1964,ENA,,,3,,6,5,12,19,56,2,2,,,,,,
1964,ENAP,,,2,,15,1,9,6,31,1,6,,,,,,
1964,ENCPYS,,,8,,1,2,6,9,8,,,,,,,,
1964,ENCQ,,2,4,,34,10,15,16,57,7,13,,,,,,
1964,ENCA,,,4,,6,4,26,15,41,2,2,,,,,,
1964,ENE,,,4,,9,7,30,28,16,,,,,,,,
1964,ENEO,,,1,3,3,2,,18,10,9,,,,,,,
1964,ENMVZ,,,3,,48,17,11,7,49,2,1,,,,,,
1964,ENM,,,3,,5,1,5,5,10,,1,,,,,,
1964,ENO,,9,3,,12,72,21,7,73,10,3,,,,,,
1964,ENP,,,36,2,153,120,272,202,407,47,,,,,,,
1964,CEFilosoficos,,,1,,1,2,,5,3,,,,,,,,
1964,IB,,,1,,8,2,6,,14,,1,,,,,,
1964,IDComparado,,,1,1,1,,1,8,2,,,,,,,,
1964,IEMB,,,1,,13,5,3,4,15,2,2,,,,,,
1964,IF,,,1,,17,3,5,6,13,,5,1,,,,,
1964,Igeofísica,,,1,,14,11,2,5,14,1,6,,,,,,
1964,Igeografía,,,,1,38,20,1,2,5,,1,,,,,,
1964,Igeología,,,1,,32,15,8,10,16,1,2,1,,,,,
1964,IH,,,1,,3,5,3,7,2,,,,,,,,
1964,IIE,,,1,,2,,2,7,1,,,,,,,,
1964,IIS,,,1,,6,3,3,9,1,,,,,,,,
1964,IM,,,1,,,2,,3,3,,,,,,,,
1964,IQ,,,1,,4,1,16,5,1,2,1,,,,,,
1964,BN,,,2,,76,34,15,15,42,4,,,,,,,
1964,OAN,,,1,,5,3,5,3,7,,2,,,,,,
1964,HN,,,,,,,,,,,,,,,,,
1965,ENA,,,4,,10,5,23,28,64,1,3,,,,,,
1965,ENAP,,,2,,17,2,11,5,31,2,5,,,,,,
1965,FC,,,1,,28,11,6,6,34,1,6,,,,,,
1965,ENCPyS,,,8,,2,2,5,9,9,,,,,,,,
1965,ENCQ,2,,4,,34,11,6,16,65,9,12,,,,,,
1965,ENCA,,,4,,16,3,24,15,40,2,2,,,,,,
1965,FD,,,12,,1,5,26,16,37,3,,,,,,,
1965,ENE,,,2,,7,7,37,16,19,2,,,,,,,
1965,ENEO,,,1,3,1,2,,12,12,9,,,,,,,
1965,FFyL,,,2,2,3,7,4,14,24,3,6,,,,,,
1965,FI,,,4,,30,6,12,20,75,3,14,,,,,,
1965,FM,6,1,9,1,50,36,43,61,160,19,5,,,,,,
1965,ENMZ,,,2,,91,14,10,8,51,1,5,,,,,,
1965,ENM,,,4,,6,1,3,6,10,1,,,,,,,
1965,ENO,,,4,,13,17,19,7,70,11,3,,,,,,
1965,ENP,107,44,28,26,163,120,177,126,390,63,53,,,,,,
1966,ENA,1,,4,,12,3,11,25,80,2,3,,,,,,
1966,ENAP,,,1,,14,3,7,4,37,2,6,,,,,,
1966,FC,,,3,,15,3,11,6,36,2,9,,,,,,
1966,ENCPyS,,,4,1,2,2,5,8,9,,,,,,,,
1966,ENCA,,,2,,14,3,19,16,43,2,2,,,,,,
1966,FD,,,11,,1,5,21,34,37,2,,,,,,,
1966,ENE,,,3,,14,9,22,26,22,2,1,,,,,,
1966,ENEO,,,1,2,1,2,1,14,19,9,,,,,,,
1966,FFyL,,,2,1,7,9,7,15,24,3,,,,,,,
1966,FI,,,5,,39,12,21,23,98,5,21,,,,,,
1966,FM,6,16,11,1,55,40,28,66,161,27,3,,,,,,
1966,ENMZ,,,2,,88,17,9,11,51,3,5,,,,,,
1966,ENM,,,4,,7,,4,7,10,1,,,,,,,
1966,ENO,,6,3,,12,75,17,7,62,11,3,,,,,,
1966,FQ,,2,2,,38,14,11,15,65,9,13,,,,,,
1966,ENP,56,72,34,2,234,167,231,172,535,79,82,,,,,,
1967,CELinguisticos,,,,,2,5,,3,1,,,,,,,,
1967,BN,,,,,60,21,11,10,36,2,,,,,,,
1967,HN,,,1,,34,12,7,5,14,,,,,,,,
1967,IDComparado,,,1,,1,,3,7,2,,,,,,,,
1967,IIE,,,1,,3,2,,5,3,,,,,,,,
1967,IEF,,,3,,1,2,,8,3,1,,,,,,,
1967,IIH,,,1,,1,4,1,5,2,,,,,,,,
1967,Santropologia,,,,,1,,1,3,1,,,,,,,,
1967,IIS,,,2,,6,5,2,8,2,1,,,,,,,
1967,CCE,,,1,,24,16,2,2,6,1,,,,,,,
1967,IB,,,2,,17,4,5,1,14,2,,,,,,,
1967,JB,,,2,,8,2,3,1,9,,,,,,,,
1967,IEMB,,,2,,13,6,6,8,17,,,,,,,,
1967,IF,,,1,,21,3,8,6,11,1,,,,,,,
1967,Igeofísica,,,2,,51,19,10,8,12,1,,,,,,,
1967,Igeografía,,,1,1,17,8,,1,5,,,,,,,,
1967,Igeología,,,1,,30,15,7,,18,,,,,,,,
1967,IM,,,1,,3,1,,5,2,,,,,,,,
1967,IQ,,,2,,3,,4,1,5,3,,,,,,,
1967,OAN,,,1,,9,7,7,4,7,1,,,,,,,
1967,ENA,,,,,17,5,10,19,66,1,,,,,,,
1967,ENAP,,,,,17,3,8,4,31,,,,,,,,
1967,FC,1,,1,,25,3,13,13,27,4,,,,,,,
1967,ENCPyS,,,,,1,4,7,12,7,,,,,,,,
1967,FCA,,,4,,15,2,69,19,2,,,,,,,,
1967,FD,,,1,,1,4,50,29,3,,,,,,,,
1967,ENE,,,1,,22,16,15,34,21,2,,,,,,,
1967,ENEO,,,,,2,,,15,14,8,,,,,,,
1967,FFyL,,,1,,7,6,34,25,4,,,,,,,,
1967,FI,,,,,48,14,27,36,127,4,,,,,,,
1967,II,,,,,25,,24,4,6,0,,,,,,,
1967,FM,8,10,,,55,52,33,88,153,29,11,,,,,,
1967,ENMVZ,,,,,46,10,9,16,43,3,,,,,,,
1967,ENM,,,,,7,,3,6,16,2,7,,,,,,
1967,ENO,,8,,,15,83,22,6,68,13,10,,,,,,
1967,FQ,1,,4,,44,6,66,29,9,,,,,,,,
1968,CELiterarios,,,,,3,4,,4,1,,,,,,,,
1968,CELingustica H,,,1,,,,,1,,,,,,,,,
1968,Sem Estudio Escritura Maya,,,1,,,1,,2,,,,,,,,,
1968,BN,2,2,,,60,31,9,8,38,3,,,,,,,
1968,HN,,,1,,32,12,9,5,14,,,,,,,,
1968,IIEc,,,1,,7,10,1,12,2,,,,,,,,
1968,IIE,,,1,,3,2,1,6,2,,,,,,,,
1968,IIF,,,,,1,3,,,,1,,,,,,,
1968,IIH,,,1,,1,3,2,8,,,,,,,,,
1968,IIJ,,,3,1,4,,,7,2,,,,,,,,
1968,IIS,,,2,,5,9,10,2,2,,,,,,,,
1968,IA,,,1,,10,6,9,3,8,,,,,,,,
1968,IBio,,,2,,11,9,5,2,15,,,,,,,,
1968,JB,3,,,1,7,1,3,1,9,,38,,,,,,
1968,IF,,,1,,23,3,4,3,10,1,6,,,,,,
1968,Igeofísica,,,3,,51,17,10,8,11,2,7,,,,,,
1968,Igeografía,2,,1,,18,7,,1,5,,,,,,,,
1968,Igeología,5,,1,,34,12,5,13,17,2,2,,,,,,
1968,IIBIOMÉDICAS,,,3,,10,7,6,9,16,6,1,,,,,,
1968,IM,,,2,,4,1,,4,3,,,,,,,,
1968,IQ,,,2,,2,1,1,4,4,3,2,,,,,,
1968,ENA,,,12,1,10,4,5,20,67,1,3,,,,,,
1968,ENAP,,,,,15,4,4,4,33,1,6,,,,,,
1968,FC,1,,,,33,3,6,13,28,3,11,,,,,,
1968,FCPyS,,,7,,1,7,7,18,10,1,,,,,,,
1968,FCA,,,1,,15,1,20,17,45,3,2,,,,,,
1968,FD,,,6,2,1,4,12,29,38,4,,,,,,,
1968,ENE,,,2,,11,8,15,25,20,2,1,,,,,,
1968,ENEO,,,,,,2,,14,14,8,,,,,,,
1968,FFyL,,,7,3,7,6,5,18,24,4,,,,,,,
1968,FI,,,27,,73,13,46,40,134,8,62,,,,,,
1968,FM,14,6,1,,57,36,32,82,147,30,5,,,,,,
1968,ENMVZ,,,3,,72,23,7,17,46,4,13,1,,,,,
1968,ENM,,,,,8,1,4,7,16,5,,,,,,,
1968,ENO,,9,2,,14,77,16,9,67,12,9,,,,,,
1968,FQ,,1,3,,49,7,18,22,55,11,10,,,,,,
1969,CELiterarios,,,,,3,5,,3,1,,,,,,,,
1969,CELingustica H,,,,,,,,1,,,,,,,,,
1969,Sem Estudio Escritura Maya,,,,,1,,,1,,,,,,,,,
1969,IIB,,,1,,4,1,1,3,3,1,,,,,,,
1969,BN,1,,,,50,30,24,14,40,,,,,,,,
1969,HN,,,1,,30,13,3,7,16,,,,,,,,
1969,IIEc,,,1,,9,10,1,13,2,,,,,,,,
1969,IIE,,1,,1,3,2,1,5,2,,,,,,,,
1969,IIF,,,2,,1,3,1,7,4,,,,,,,,
1969,IIH,,,1,,,4,1,5,,,,,,,,,
1969,Santropologia,,,,,2,,1,3,,,,,,,,,
1969,IIJ,,,3,1,3,,1,7,3,,,,,,,,
1969,IIS,,,2,,6,11,2,13,2,,,,,,,,
1969,CCE,1,,2,,23,7,2,4,7,1,,,,,,,
1969,Lab Nuclear,,,1,,2,,,1,1,,,,,,,,
1969,CI de Materiales,,,1,,2,1,,2,1,,,,,,,,
1969,IA,,,3,,10,7,9,4,7,,,,,,,,
1969,IBio,1,,3,,13,9,7,8,17,,,,,,,,
1969,JB,1,,1,,7,2,4,1,10,,24,,,,,,
1969,IF,,,1,,29,2,8,6,,,,,,,,,
1969,Igeofísica,1,,2,,62,11,17,10,9,1,7,,,,,,
1969,Igeografía,,,1,1,15,9,1,1,5,,,,,,,,
1969,Igeología,,,2,,35,13,6,12,17,,2,,,,,,
1969,IIBIOMÉDICAS,1,,2,,12,9,7,9,19,3,2,,,,,,
1969,IM,,,2,,4,1,,3,3,,,,,,,,
1969,IQ,,,2,,4,2,4,2,3,4,7,,,,,,
1969,ENP,9,14,11,,247,148,241,175,559,72,10,,,,,,
1969,ENA,1,2,4,,7,4,12,29,71,1,3,,,,,,
1969,CI Arquitectónicas,,,,,,1,,4,,,,,,,,,
1969,ENAP,,,2,,13,3,11,5,30,2,6,,,,,,
1969,FC,,,3,,16,5,24,14,29,3,10,,,,,,
1969,FCPyS,1,,6,,1,8,11,20,13,2,,,,,,,
1969,FCA,,,,,13,1,23,19,58,7,2,,,,,,
1969,FD,,2,4,,2,5,12,25,38,4,,,,,,,
1969,ENE,,,4,4,13,13,24,28,21,2,1,,,,,,
1969,ENEO,,,1,3,,2,15,1,12,7,,,,,,,
1969,FFyL,,,18,6,8,5,6,18,23,5,1,,,,,,
1969,FI,,,30,,53,12,41,24,141,6,24,,,,,,
1969,II,,,,,21,1,21,7,5,,39,,,,,,
1969,FM,9,9,5,,59,43,36,84,155,26,3,,,,,,
1969,ENMVZ,,,4,,70,25,8,19,45,28,12,1,,,,,
1969,ENM,,,,,8,,5,8,15,3,,,,,,,
1969,ENO,,8,6,,15,69,17,8,72,13,11,,,,,,
1969,FQ,,1,7,,40,10,16,28,59,11,10,,,,,,
1970,IIB,,,2,,71,36,54,34,38,1,,1,,,,,
1970,IIEc,,,1,,8,9,1,15,2,,,,,,,,
1970,IIE,,,1,1,1,1,2,5,2,,,,,,,,
1970,IIF,,,1,,2,3,1,7,3,1,,,,,,,
1970,IIH,,,1,,,5,1,8,,,,,,,,,
1970,IIJ,,,2,,1,,2,8,2,,1,,,,,,
1970,IIS,,,,,4,6,1,13,3,,,,,,,,
1970,IA,1,,,,4,5,,4,8,,2,,,,,,
1970,IBio,,,7,,10,2,15,7,33,,140,,,,,,
1970,IF,,,,,32,3,8,5,10,1,,,,,,,
1970,Igeofísica,,,1,,60,15,14,15,10,1,6,,,,,,
1970,Igeografía,,,2,1,7,4,,5,5,,,,,,,,
1970,Igeología,,,1,,25,10,5,13,14,2,3,,,,,,
1970,IIBIOMÉDICAS,,,4,,12,5,20,3,7,9,2,,,,,,
1970,IM,,,,,1,2,,4,3,,,,,,,,
1970,IQ,,,,,1,1,3,2,4,3,3,,,,,,
1970,ENA,,,2,1,10,4,13,37,70,1,4,,,,,,
1970,ENAP,,,2,1,14,4,8,6,29,2,7,,,,,,
1970,FC,,,,,23,5,22,15,25,4,11,,,,,,
1970,FCPyS,,,8,,10,2,12,26,15,,,,,,,,
1970,FCA,,,2,,14,6,23,30,57,9,3,,,,,,
1970,FD,13,2,6,2,2,7,13,32,40,4,,,,,,,
1970,ENE,,,4,,13,12,15,34,25,4,1,,,,,,
1970,ENEO,,,1,3,,2,5,13,13,7,,,,,,,
1970,FFyL,,,8,4,12,2,7,14,37,5,1,,,,,,
1970,FI,,1,19,2,79,18,35,57,139,5,73,,,,,,
1970,II,,,,,,,,,,,,,,,,,
1970,FM,9,9,6,1,61,42,34,103,159,29,4,,,,,,
1970,FMVZ,,,2,1,73,18,4,11,86,12,12,,,,,,
1970,ENM,,,1,,6,,3,6,15,4,,,,,,,
1970,ENO,,8,3,,26,75,14,12,80,12,12,,,,,,
1970,FQ,,1,1,,45,16,17,29,65,12,11,,,,,,
1970,CELE,,,4,1,1,2,4,7,5,,,,,,,,
1971,ENP,6,16,20,3,246,150,280,249,555,82,108,1,,,,,
1971,CCH,3,8,18,5,25,1,6,40,63,14,5,1,,,,,
1971,CELiterarios,,,,1,2,4,,,,,,,,,,,
1971,Sem Estudio Escritura Maya,,,,,,2,,,,,,,,,,,
1971,BN,,,2,,43,23,38,35,36,,,,,,,,
1971,HN,,,1,,30,15,9,3,16,,,,,,,,
1971,IIEc,,,1,1,10,8,1,15,3,,,,,,,,
1971,IIE,,,1,1,3,3,1,4,2,,,,,,,,
1971,IIF,,,1,,2,3,1,8,3,1,,,,,,,
1971,IIH,,,1,,,4,1,5,,,,,,,,,
1971,Santropologia,,,,,,,,3,,,,,,,,,
1971,IIJ,,,2,,3,1,1,8,2,,1,,,,,,
1971,IIS,,,,,10,,1,14,3,,,,,,,,
1971,CCE,,,6,1,46,56,13,11,15,,,,,,,,
1971,CI Materiales,,,1,1,15,1,1,8,2,,,,,,,,
1971,LN,,,,,,,,1,,,,,,,,,
1971,IA,1,1,,,17,7,,5,8,,,,,,,,
1971,JB,,,2,,9,2,1,2,9,,,,,,,,
1971,IF,,,,,32,4,6,6,10,1,,,,,,,
1971,Igeofísica,1,,7,2,76,15,14,15,10,1,8,,,,,,
1971,Igeografía,,,2,1,10,12,,5,5,,,,,,,,
1971,Igeología,,,2,,30,16,4,14,21,,2,1,,,,,
1971,IIBIOMÉDICAS,,,4,,14,14,6,11,19,5,1,,,,,,
1971,IM,,,,,1,2,1,3,3,,,,,,,,
1971,IQ,,,,,4,1,3,2,4,3,3,,,,,,
1971,ENA,1,,4,5,9,5,11,43,71,1,4,,,,,,
1971,ENAP,,,,,15,1,8,6,26,3,7,,,,,,
1971,FC,,,,,20,4,24,15,27,3,10,,,,,,
1971,FCPyS,,,8,1,7,11,7,34,15,3,,,,,,,
1971,FCA,5,1,4,,8,5,26,26,60,8,3,,,,,,
1971,FD,,,7,4,4,8,10,41,38,4,,,,,,,
1971,ENE,,,6,3,9,11,11,34,26,5,1,,,,,,
1971,ENEO,,,1,3,,2,3,15,17,7,,,,,,,
1971,FFyL,,1,20,9,8,5,16,29,46,5,1,,,,,,
1971,FI,1,1,19,1,55,7,22,44,134,7,25,,,,,,
1971,II,,,,,19,2,16,6,5,,44,,,,,,
1971,FM,4,10,4,,59,35,33,109,153,34,4,,,,,,
1971,FMVZ,,,3,1,74,26,3,15,81,10,11,1,,,,,
1971,ENM,,,1,,2,6,2,8,16,4,,,,,,,
1971,ENO,,9,1,1,18,85,13,12,80,13,14,,,,,,
1971,FQ,,2,1,,45,15,17,29,67,13,11,,,,,,
1971,CELE,,,2,1,,,3,8,4,,,,,,,,
1972,CELiterarios,,,,1,,1,,,,,,,,,,,
1972,CE Mayas,,,,,,2,,,,,,,,,,,
1972,BN,,,2,,47,19,37,37,41,,,,,,,,
1972,HN,,,1,,29,14,4,8,15,,,,,,,,
1972,IIEc,,,3,,13,7,2,16,4,,,,,,,,
1972,IIE,,,1,1,3,3,2,4,2,,,,,,,,
1972,IIF,,,2,,2,4,1,8,3,1,,,,,,,
1972,IIH,,,1,,,4,1,5,1,,,,,,,,
1972,Sección Antropología,,,,,,,,3,,,,,,,,,
1972,IIJ,,,2,,3,,1,6,2,,,,,,,,
1972,IIS,,,1,2,10,8,1,13,3,,,,,,,,
1972,CIMASS,,,5,1,50,53,16,9,17,,,,,,,,
1972,CIMateriales,,,1,,8,1,,3,2,,,,,,,,
1972,CEN,,,,,9,,1,5,2,,,,,,,,
1972,IA,1,1,3,,12,8,,5,8,,1,,,,,,
1972,Ibio,,,4,,16,0,5,16,24,,1,,,,,,
1972,JB,1,,2,,7,3,,2,8,,25,,,,,,
1972,EIM Carmen,,,1,,,,,,,,,,,,,,
1972,EIM Mazatlan,,,1,,1,,,,,,,,,,,,
1972,IF,,,,,46,3,6,7,12,1,6,,,,,,
1972,Igeofísica,1,,7,1,78,16,14,17,10,1,6,,,,,,
1972,Igeografía,,,3,1,9,11,,5,5,,,,,,,,
1972,Igeología,,,2,,29,11,4,14,19,,1,1,,,,,
1972,IIBIOMÉDICAS,,1,2,,17,13,6,12,19,5,2,,,,,,
1972,IM,,,,,1,3,4,,3,1,,,,,,,
1972,IQ,,,,,1,1,3,2,4,3,3,,,,,,
1972,ENA,1,,4,4,9,5,26,45,72,2,4,,,,,,
1972,enap,,,,,19,,11,6,23,4,5,,,,,,
1972,FC,,,1,,19,5,24,16,30,4,9,,,,,,
1972,FCPyS,6,1,9,1,11,13,10,31,15,1,,,,,,,
1972,FCA,,,19,1,5,4,32,28,59,7,2,,,,,,
1972,FD,,,8,4,4,9,13,43,37,5,,,,,,,
1972,ENE,1,,3,4,13,11,12,31,25,4,1,,,,,,
1972,ENEO,,,2,2,,,2,24,22,8,,,,,,,
1972,ffyl,,,14,6,8,2,22,39,45,10,1,,,,,,
1972,FI,4,1,20,1,55,6,24,47,135,5,23,,,,,,
1972,II,,,,,24,2,16,12,6,,45,,,,,,
1972,FM ,8,8,12,1,74,39,52,92,165,41,10,,,,,,
1972,FMVYZ,,,4,1,61,22,2,15,87,12,11,1,,,,,
1972,ENM,,,,,6,,2,8,17,4,,,,,,,
1972,ENO,1,7,1,1,26,76,15,12,78,13,13,1,,,,,
1972,FQ,,2,1,,53,21,21,26,88,14,12,,,,,,
1972,CELE,,,3,2,2,2,4,9,6,3,,,,,,,
1972,cuec,,,2,2,1,,5,7,4,,,,,,,,
1973,enp,1,,19,3,223,136,284,254,497,134,107,,,,,,
1973,cch,13,15,40,14,185,10,49,113,229,41,26,,,,,,
1973,CELiterarios,,,1,,1,2,1,4,1,,,,,,,,
1973,CELING,,,,,,,,1,,,,,,,,,
1973,CENTRO DE TRAD LC,,,1,,,,,,,,,,,,,,
1973,CENTRO DE EST MAYAS,,,,,1,1,,1,,,,,,,,,
1973,BN,1,,1,,43,23,38,32,40,1,,,,,,,
1973,HN,,,1,,28,13,2,10,11,,,,,,,,
1973,IIEc,,,2,3,8,2,1,16,4,,,,,,,,
1973,IIE,,,,1,3,2,1,5,2,,,,,,,,
1973,IIF,,,2,,2,2,2,9,3,,,,,,,,
1973,IIH,,,1,,,1,1,4,1,,,,,,,,
1973,Sección Antropología,,,,,,1,,3,,,,,,,,,
1973,IIJ,,,2,,3,,1,8,2,,,,,,,,
1973,IIS,1,1,1,1,17,8,2,15,4,,,,,,,,
1973,CIMASS,,1,6,1,51,51,15,10,19,,,,,,,,
1973,CIMateriales,,,2,,2,,,4,5,,,,,,,,
1973,CEN,,,,,10,11,1,4,2,,,,,,,,
1973,Centro de instrumentos,,,,,12,1,1,2,3,,8,,,,,,
1973,Centro de Informacion Cientifica y humanistica,,,,,1,,5,5,3,1,,,,,,,
1973,Centro de servicios de ocmputo,,,7,2,43,1,17,8,3,,,,,,,,
1973,centro de ciencias del mar y limnologia,1,,,,,45,,,,,,,,,,,
1973,IA,1,1,,,13,,1,4,4,8,8,,,,,,
1973,Ibio,1,,3,,13,7,5,6,22,,1,,,,,,
1973,JB,1,,2,,3,3,,2,9,,23,,,,,,
1973,tuxtlas,,,,1,,,,,,,,,,,,,
1973,chamela,,,,,,,1,,,,,,,,,,
1973,if,,,,,31,2,6,8,10,1,,,,,,,
1973,Igeofísica,2,,7,,83,18,12,17,10,,6,,,,,,
1973,Igeografía,,,4,1,8,8,,5,5,,,,,,,,
1973,Igeología,,,1,1,32,8,4,17,19,,2,,,,,,
1973,IIBIOMÉDICAS,,1,3,,13,7,7,11,17,3,4,,,,,,
1973,IM,,,,,1,2,,4,4,,,,,,,,
1973,IQ,,,,,1,1,3,2,3,4,3,,,,,,
1973,ENA,1,,3,3,8,6,37,43,46,,4,,,,,,
1973,enap,,,,,14,8,10,6,23,4,5,,,,,,
1973,FC,,,,,13,5,33,14,21,9,8,,,,,,
1973,FCPyS,7,5,9,9,9,14,10,31,14,3,,,,,,,
1973,FCA,,,,,12,3,24,24,54,7,2,,,,,,
1973,FD,,,6,2,4,10,14,47,36,4,,,,,,,
1973,ENE,1,,4,3,11,14,12,30,27,3,,,,,,,
1973,ENEO,,,1,3,,2,1,14,18,6,,,,,,,
1973,ffyl,,,11,5,8,6,18,31,30,8,1,,,,,,
1973,FI,4,1,24,2,82,7,24,48,122,4,24,,,,,,
1973,II,,,1,,23,2,16,12,5,,47,,,,,,
1973,FM ,8,18,17,6,94,31,56,131,156,45,13,,,,,,
1973,FMVYZ,,,6,,61,18,3,14,84,12,12,1,,,,,
1973,ENM,,,1,,6,,1,7,18,4,,,,,,,
1973,ENO,,9,1,1,28,96,6,15,115,21,13,,,,,,
1973,FP,,,,2,11,5,3,9,16,3,,,,,,,
1973,FQ,,2,4,3,45,18,23,25,97,18,12,,,,,,
1973,ents,,,4,2,1,,,7,1,,,,,,,,
1973,cele,,,3,2,1,,3,8,4,,,,,,,,
1973,cuec,,,3,,2,,2,4,3,,,,,,,,
1974,BN,3,4,2,,38,24,38,23,24,1,,,,,,,
1974,HN,,,1,,25,14,4,14,1,,,,,,,,
1974,IIEc,,,1,,4,1,3,10,3,4,,,,,,,
1974,IIE,1,,,1,2,1,2,5,2,,,,,,,,
1974,IIF,,,2,,2,1,9,1,3,2,,,,,,,
1974,IIH,,,1,,,1,4,1,,2,,,,,,,
1974,IIJ,,,1,,2,,9,1,1,2,,,,,,,
1974,IIS,,,2,2,6,5,10,1,7,3,,,,,,,
1974,IIFilológicas,,,2,,,,2,1,1,,1,,,,,,
1974,CELiterarios,,,,1,,2,,2,1,1,1,,,,,,
1974,CELING,1,,,,,,,1,,,,,,,,,
1974,CENTRO DE TRAD LC,,,,,,,,1,,,,,,,,,
1974,CENTRO DE EST MAYAS,,,,,1,,,1,1,2,,,,,,,
1974,IIAntropo,,,,1,,,,1,1,2,,,,,,,
1974,CIMASS,,,,1,5,4,,5,6,,,,,,,,
1974,CIMateriales,,,2,2,9,1,1,5,7,,,,,,,,
1974,CEN,,,,,10,,1,2,4,1,,,,,,,
1974,Centro de instrumentos,,,2,,7,,2,6,5,1,14,,,,,,
1974,Centro de Informacion Cientifica y humanistica,,,3,,,5,10,,3,2,,,,,,,
1974,Centro de servicios de ocmputo,,,6,1,43,18,9,4,23,,,,,,,,
1974,IA,,,2,,6,3,1,3,6,2,2,,,,,,
1974,Ibio,2,,5,,13,4,15,14,33,7,1,,,,,,
1974,JB,1,,2,,2,,,2,7,1,25,,,,,,
1974,tuxtlas,,,,1,,,,,,,,,,,,,
1974,if,,,,,19,2,7,4,9,1,,,,,,,
1974,Igeofísica,2,1,7,,66,18,10,8,11,,5,,,,,,
1974,Igeografía,,,3,1,6,2,,6,5,,,,,,,,
1974,Igeología,,,4,,25,4,5,9,19,1,3,,,,,,
1974,CDICTNAM,,,1,,1,,,2,2,,,,,,,,
1974,IIBIOMÉDICAS,1,1,3,1,10,3,8,8,16,4,1,,,,,,
1974,IM,,,,,2,3,,3,5,,,,,,,,
1974,IQ,,,,,2,1,2,2,4,3,3,,,,,,
1974,ENA,,,,1,7,6,9,20,72,1,4,,,,,,
1974,ENAP,,,1,,12,12,10,6,26,6,4,,,,,,
1974,FC,,,1,2,12,5,29,8,29,13,5,,,,,,
1974,FCPyS,11,6,9,5,4,4,12,33,20,3,,,,,,,
1974,FCA,1,3,9,4,9,3,17,24,54,11,2,,,,,,
1974,FD,,,11,2,6,10,10,35,42,4,,,,,,,
1974,ENE,1,,5,7,21,5,10,29,35,5,1,,,,,,
1974,ENEO,,,1,3,2,,1,14,20,7,,,,,,,
1974,ffyl,1,1,5,9,6,7,17,30,28,6,1,,,,,,
1974,FI,4,1,30,2,42,10,21,45,134,10,23,,,,,,
1974,II,,,3,2,31,3,15,18,30,,61,,,,,,
1974,FM ,6,6,38,19,89,29,64,116,159,46,14,,,,,,
1974,FMVYZ,,,6,,67,21,4,17,93,23,30,,,,,,
1974,ENM,,1,1,,6,,2,8,16,5,,,,,,,
1974,ENO,,13,14,8,23,108,21,21,125,36,20,,,,,,
1974,FP,,1,8,13,13,5,7,16,27,3,9,,,,,,
1974,FQ,,2,6,12,59,18,27,28,98,20,,,,,,,
1974,ents,,,3,1,1,,,8,2,3,8,,,,,,
1974,ENEP Cuautitlán,1,1,21,24,6,27,21,35,121,47,,,,,,,
1974,CELE,,,3,1,2,1,3,9,6,2,,,,,,,
1974,CUEC,,,5,,2,,3,3,3,1,,,,,,,
1974,ENP,21,17,56,19,478,124,314,398,849,131,160,,,,,,
1975,BN,4,4,2,,30,21,78,36,17,1,,,,,,,
1975,HN,,,2,,27,15,20,5,14,1,,,,,,,
1975,IIEc,,,1,1,4,1,6,17,2,4,,,,,,,
1975,IIE,2,2,6,,1,,3,6,2,,,,,,,,
1975,IIF,,,1,,1,,3,11,3,2,,,,,,,
1975,IIH,,,1,,,1,1,6,,2,,,,,,,
1975,IIJ,,,,,2,,1,10,2,1,1,,,,,,
1975,IIS,,9,2,2,6,3,3,10,5,4,,,,,,,
1975,IIFilológicas,,,2,,,,2,1,3,,1,,,,,,
1975,CELiterarios,,,,1,,2,,4,1,1,,,,,,,
1975,CELING,,,,,,,,1,,,,,,,,,
1975,Centro de Estudios clásicos,,,,,,,,2,,,,,,,,,
1975,CENTRO DE EST MAYAS,,,,,1,,,2,1,2,,,,,,,
1975,IIAntropo,,,1,,1,2,2,6,,1,,,,,,,
1975,CIMASS,,,,1,3,5,6,8,7,,,,,,,,
1975,CIMateriales,1,,4,3,13,1,7,6,10,1,2,,,,,,
1975,CEN,,,,,11,,2,5,6,,,,,,,,
1975,Centro de instrumentos,,,3,,6,1,5,7,8,1,17,,,,,,
1975,Centro de Informacion Cientifica y humanistica,,,3,,1,3,1,12,4,2,,,,,,,
1975,Centro de servicios de ocmputo,1,,2,,21,35,45,23,23,,,,,,,,
1975,centro de ciencias del mar y limnologia,3,,2,,3,,9,4,1,1,,,,,,,
1975,IA,,,1,,6,3,9,9,7,1,3,,,,,,
1975,Ibio,,,3,,10,1,20,17,19,5,1,,,,,,
1975,JB,1,,2,,2,,,2,10,,27,,,,,,
1975,tuxtlas,,,1,,,,,,,,,,,,,,
1975,if,,,2,,15,2,31,11,8,1,,,,,,,
1975,Igeofísica,2,,8,1,60,13,23,15,11,,5,,,,,,
1975,Igeografía,,,2,1,6,2,,7,5,,,,,,,,
1975,Igeología,,,3,1,25,6,4,15,19,6,3,,,,,,
1975,CDICTNAM,,,1,,4,,2,2,3,,,,,,,,
1975,IIBIOMÉDICAS,1,1,3,2,10,4,21,16,18,7,2,,,,,,
1975,IM,,,,,2,3,,3,5,,,,,,,,
1975,IQ,,,,,2,1,2,3,4,3,3,,,,,,
1975,ENA,1,,4,5,6,5,29,52,66,1,3,,,,,,
1975,ENAP,,,1,,17,12,26,7,29,3,5,,,,,,
1975,FC,,,1,,12,1,60,20,26,12,4,,,,,,
1975,FCPyS,14,5,5,3,4,13,29,39,24,7,,,,,,,
1975,FCA,5,2,6,5,8,6,38,36,56,12,5,,,,,,
1975,FD,1,,4,5,6,5,29,52,66,1,3,,,,,,
1975,ENE,2,,9,6,16,15,16,46,42,6,1,,,,,,
1975,ENEO,,,,1,,3,2,13,18,12,,,,,,,
1975,ffyl,,,7,11,6,5,32,43,22,6,1,,,,,,
1975,FI,7,,38,2,44,4,103,62,128,9,22,,,,,,
1975,II,,,2,2,21,2,44,23,25,1,49,,,,,,
1975,FM ,4,6,28,15,72,23,127,194,172,47,13,,,,,,
1975,FMVYZ,,,5,1,64,21,52,30,87,20,13,,,,,,
1975,ENM,,,2,,6,,3,9,18,5,,,,,,,
1975,ENO,,12,16,13,18,97,56,49,118,28,19,,,,,,
1975,FP,,2,10,12,11,5,15,27,37,3,,,,,,,
1975,FQ,,2,6,11,55,9,65,45,97,19,8,,,,,,
1975,ents,,,2,2,1,,1,10,2,3,4,,,,,,
1975,ENEP Cuautitlán,1,1,5,6,4,2,169,93,25,4,4,,,,,,
1975,ENEP Acatlan,,1,12,16,5,1,3,27,57,11,4,,,,,,
1975,ENEP ztacala,,1,17,11,8,26,7,36,58,18,,,,,,,
1975,CELE,,,3,5,1,,8,12,3,2,,,,,,,
1975,CUEC,,,4,,3,,6,5,6,1,,,,,,,
1975,ENP,5,1,16,6,230,120,345,283,522,79,101,,,,,,
1975,CCH,14,14,59,27,240,12,212,252,292,82,59,,,,,,
1976,BN,9,5,2,,37,24,63,28,30,,,,,,,,
1976,HN,,,2,,26,16,20,4,14,1,,,,,,,
1976,IIEc,,,1,1,1,1,7,20,3,4,,,,,,,
1976,IIE,3,4,1,,,,3,8,4,,,,,,,,
1976,IIF,1,,2,,1,1,1,11,3,2,,,,,,,
1976,IIH,,1,,,,2,,6,,2,,,,,,,
1976,IIJ,,,,,1,,,11,2,1,,,,,,,
1976,IIS,,,3,2,7,4,9,19,6,5,,,,,,,
1976,IIFilológicas,,,2,,,,2,1,3,,,1,,,,,
1976,CELiterarios,,,,1,,1,,4,1,1,,,,,,,
1976,CELING,,,,,,,,3,,,,,,,,,
1976,Centro de Estudios clásicos,,,,,,,,2,,,,,,,,,
1976,CENTRO DE EST MAYAS,,,,,1,,,4,1,2,,,,,,,
1976,IIAntropo,,,1,,2,2,1,6,,1,,,,,,,
1976,CIMASS,,,2,7,4,5,7,6,6,1,,,,,,,
1976,CIMateriales,1,,,1,15,1,5,6,11,,2,,,,,,
1976,CEN,,,4,1,11,,3,5,7,,,,,,,,
1976,Centro de instrumentos,,,,,3,,5,6,9,,17,,,,,,
1976,Centro de Informacion Cientifica y humanistica,,,3,,1,3,1,13,4,2,,,,,,,
1976,Centro de servicios de ocmputo,,,4,,20,33,49,20,24,1,,,,,,,
1976,centro de ciencias del mar y limnologia,3,,7,1,5,1,10,9,19,2,,,,,,,
1976,IA,,,2,,6,3,6,7,11,3,7,,,,,,
1976,Ibio,1,2,4,1,12,2,14,20,26,8,1,,,,,,
1976,JB,1,,4,,3,,,2,9,1,30,,,,,,
1976,tuxtlas,,,3,,,,,,,,,,,,,,
1976,if,,,,1,18,1,29,13,15,2,,,,,,,
1976,Igeofísica,1,,1,,67,14,13,15,15,,6,,,,,,
1976,Igeografía,2,,7,,6,2,2,8,8,3,,,,,,,
1976,Igeología,,,2,1,21,7,6,18,18,2,2,,,,,,
1976,CDICTNAM,,,3,1,4,,1,2,3,,,,,,,,
1976,IIBIOMÉDICAS,1,1,1,,9,4,16,18,21,9,2,,,,,,
1976,IM,,,3,2,2,3,,3,5,,,,,,,,
1976,IQ,,,,,2,1,3,2,4,4,3,,,,,,
1976,ENA,3,,6,2,6,31,54,74,1,3,,,,,,,
1976,ENAP,,,3,,10,12,10,19,5,5,,,,,,,
1976,FC,,,2,,6,59,25,33,10,9,,,,,,,
1976,FCPyS,10,8,4,7,8,31,44,25,6,,,,,,,,
1976,FCA,8,4,7,4,5,37,44,65,9,6,,,,,,,
1976,FD,5,,11,1,8,16,62,44,6,,,,,,,,
1976,ENE,8,1,10,7,11,27,50,30,8,,,,,,,,
1976,ENEO,,,4,5,2,2,14,18,12,,,,,,,,
1976,ffyl,4,,13,11,1,28,45,28,7,,,,,,,,
1976,FI,4,1,26,6,15,83,78,158,14,22,,,,,,,
1976,II,,,2,2,2,36,30,17,,51,,,,,,,
1976,FM ,16,12,32,22,29,101,191,158,61,13,,,,,,,
1976,FMVYZ,1,1,5,1,17,26,29,93,24,34,1,,,,,,
1976,ENM,,,2,1,,4,9,19,6,,,,,,,,
1976,ENO,5,10,18,12,132,60,47,195,23,18,,,,,,,
1976,FP,1,1,20,14,6,11,42,38,5,,,,,,,,
1976,FQ,2,3,7,11,11,54,48,110,21,8,,,,,,,
1976,ents,,,2,2,1,1,7,10,3,,,,,,,,
1976,EPE,,1,4,3,2,6,11,8,3,,,,,,,,
1976,CELE,1,,4,4,,7,12,6,2,,,,,,,,
1976,CUEC,,,5,,1,6,5,5,1,,,,,,,,
1976,ENEPC,4,3,6,9,1,45,60,149,35,10,,,,,,,
1976,ENEPAc,,2,13,17,2,6,36,83,24,11,,,,,,,
1976,ENEPI,1,2,12,12,11,39,16,39,118,29,9,,,,,,
1976,ENEPAr,2,1,5,10,8,,21,78,53,31,10,,,,,,
1976,ENEPZ,,,19,10,32,6,10,40,64,15,6,,,,,,
1976,ENP,9,3,16,8,239,118,337,308,584,80,106,,,,,,
1976,CCH,20,20,72,21,296,24,123,260,346,98,74,,,,,,
1977,CELU,5,,4,1,,,,,,,,,,,,,
1977,BN,12,3,1,,36,17,65,41,28,1,,,,,,,
1977,HN,,,1,,28,14,23,5,14,2,,,,,,,
1977,IIEc,1,,1,1,2,,6,20,4,4,,,,,,,
1977,IIE,4,6,2,,1,,1,8,6,,,,,,,,
1977,IIF,3,,,,1,1,3,13,3,1,,,,,,,
1977,IIH,,1,,,1,,,9,,2,,,,,,,
1977,IIJ,1,,1,1,2,,2,13,2,1,,,,,,,
1977,IIS,,,2,2,7,5,10,26,7,6,,,,,,,
1977,IIFilológicas,,,1,1,,,1,1,5,,,,,,,,
1977,CELiterarios,,,,,,1,,5,1,1,,,,,,,
1977,CELING,,,,,,,,3,,,,,,,,,
1977,Centro de Estudios clásicos,,,,,,,,,,4,,,,,,,
1977,CENTRO DE EST MAYAS,,,,1,3,,,3,1,2,,,,,,,
1977,IIAntropo,,,,,3,2,2,9,6,1,,,,,,,
1977,CIMateriales,1,,2,,11,,11,9,14,,1,,,,,,
1977,CEN,,,,2,11,,3,5,8,,,,,,,,
1977,Centro de instrumentos,,,3,1,6,,4,8,8,,19,,,,,,
1977,Centro de Informacion Cientifica y humanistica,,,3,,1,4,3,13,6,2,,,,,,,
1977,Centro de servicios de ocmputo,,,11,3,22,32,41,16,27,4,,,,,,,
1977,centro de ciencias del mar y limnologia,3,,5,2,4,,10,9,28,2,,,,,,,
1977,IA,,,2,1,5,1,1,10,14,2,2,,,,,,
1977,Obser Astr N San Pedro Martir BC,,,2,,,,5,2,4,4,8,,,,,,
1977,IB,,,,,15,4,23,27,25,12,1,,,,,,
1977,JB,1,,1,,2,,1,2,9,1,28,,,,,,
1977,tuxtlas,,,1,,1,,,,2,2,,,,,,,
1977,Chamela,,,,,,1,,,1,,,,,,,,
1977,if,,,3,,19,2,22,23,31,7,,,,,,,
1977,Igeofísica,26,2,1,,34,12,13,22,15,1,6,,,,,,
1977,Igeografía,4,1,1,1,6,2,,8,8,3,,,,,,,
1977,Igeología,3,,4,1,18,5,6,21,17,2,3,,,,,,
1977,CDICTNAM,1,,,,2,,,,1,,,,,,,,
1977,Of Reg Noro Hermosillo,,,,1,1,,1,,,,,,,,,,
1977,IIBIOMÉDICAS,2,1,2,1,4,4,19,24,25,7,3,,,,,,
1977,IM,,,,,2,3,3,3,6,2,,,,,,,
1977,IQ,,1,,,4,,3,4,11,1,3,,,,,,
1977,IIMAS,,1,,,5,3,6,14,7,2,,,,,,,
1977,II,,,2,2,22,1,48,31,40,6,47,,,,,,
1977,ENA,4,,5,4,7,5,33,68,70,3,2,,,,,,
1977,ENAP,,,2,,20,9,24,17,38,6,7,,,,,,
1977,FC,1,,1,,19,2,58,38,38,10,7,1,,,,,
1977,FCPyS,1,1,7,10,7,10,45,65,30,6,,,,,,,
1977,FCA,,,2,3,6,4,53,71,67,12,4,,,,,,
1977,FD,18,,11,,7,6,21,77,45,5,,,,,,,
1977,FE,7,1,14,9,15,11,32,50,37,9,,,,,,,
1977,ENEO,,,5,4,,3,5,16,17,15,1,,,,,,
1977,ffyl,3,8,13,7,1,2,35,54,25,7,,,,,,,
1977,FI,3,,17,11,51,16,125,96,144,18,20,,,,,,
1977,FM ,39,15,30,27,71,20,109,214,146,47,15,,,,,,
1977,FMVYZ,4,2,6,1,66,23,30,38,92,24,30,,,,,,
1977,ENM,1,,1,1,6,,6,8,20,3,18,,,,,,
1977,ENO,1,13,19,16,25,142,69,60,228,27,,,,,,,
1977,FP,1,,20,10,14,3,19,49,34,3,6,,,,,,
1977,FQ,3,3,6,11,58,14,55,54,116,26,,,,,,,
1977,ents,,,3,2,1,1,,11,10,3,,,,,,,
1977,EPE,1,3,3,4,,2,7,6,7,5,,,,,,,
1977,CELE,,,1,2,10,2,6,6,10,2,,,,,,,
1977,CUEC,,,5,,2,,4,5,6,1,,,,,,,
1977,ENEPC,34,10,15,19,14,5,25,62,40,64,30,,,,,,
1977,ENEPAc,,2,14,15,12,3,14,64,98,32,19,,,,,,
1977,ENEPI,1,2,10,8,16,65,45,72,176,59,44,,,,,,
1977,ENEPAr,,2,25,18,19,2,19,86,80,58,19,,,,,,
1977,ENEPZ,,,17,20,33,8,12,38,106,41,7,,,,,,
1977,ENP,10,6,9,7,218,122,386,304,563,86,105,,,,,,
1977,CCH,18,16,66,37,346,28,127,276,365,102,87,,,,,,
1978,CELU,5,4,3,2,,3,,2,,,,,,,,,
1978,BN,11,5,2,,38,18,65,40,30,1,,,,,,,
1978,HN,,,1,,25,14,22,6,15,1,,,,,,,
1978,IIEc,1,,1,1,4,,7,17,4,4,,,,,,,
1978,IIE,2,6,3,,1,,3,7,6,,,,,,,,
1978,IIF,2,,,,1,1,1,12,4,1,,,,,,,
1978,IIH,,2,,,1,,,9,,2,,,,,,,
1978,IIJ,1,,2,,1,,2,15,2,1,1,,,,,,
1978,IIS,1,,3,1,5,4,10,27,8,6,,,,,,,
1978,IIFilológicas,,,1,1,,,2,1,5,,1,,,,,,
1978,CELiterarios,,,,,,,,12,2,2,,,,,,,
1978,CELING,,,,,,2,,6,,,,,,,,,
1978,Centro de Estudios clásicos,,,,,,,,6,,,,,,,,,
1978,CENTRO DE EST MAYAS,,,,,6,,,4,2,4,,,,,,,
1978,IIAntropo,,4,2,2,2,6,4,16,12,2,,,,,,,
1978,CCAtmosfera,,,1,,,,,,,,,,,,,,
1978,CIMateriales,1,,2,2,14,,9,8,14,1,2,,,,,,
1978,CEN,,,1,1,11,,1,7,8,,,,,,,,
1978,Centro de instrumentos,,,3,1,6,,10,9,8,,22,,,,,,
1978,Centro de Informacion Cientifica y humanistica,,,4,1,2,3,3,12,6,3,,,,,,,
1978,Centro de servicios de ocmputo,4,,20,2,22,29,36,27,27,3,,,,,,,
1978,centro de ciencias del mar y limnologia,3,,5,2,7,,12,13,30,3,,,,,,,
1978,IA,,,3,,5,1,1,10,13,2,2,,,,,,
1978,Obser Astr N San Pedro Martir BC,,,2,1,1,,4,3,4,3,7,,,,,,
1978,IB,2,2,1,1,14,5,24,26,26,12,1,,,,,,
1978,JB,2,,1,,2,,,3,8,2,27,,,,,,
1978,tuxtlas,,,,1,1,,1,,3,1,,,,,,,
1978,Chamela,,,,,,1,,,2,1,,,,,,,
1978,if,,,2,,18,1,25,21,32,7,,,,,,,
1978,Igeofísica,26,2,1,,30,8,22,26,14,1,6,,,,,,
1978,Igeografía,4,1,1,1,6,2,,8,9,2,,,,,,,
1978,Igeología,2,,4,1,14,8,10,19,18,2,3,,,,,,
1978,CDICTNAM,1,,1,,2,,1,,,,,,,,,,
1978,IIBIOMÉDICAS,2,1,2,1,4,5,22,24,27,8,3,,,,,,
1978,IM,,,,,2,3,2,4,6,2,,,,,,,
1978,IQ,,1,,1,4,,2,5,11,4,3,,,,,,
1978,IIMAS,,1,,,4,5,6,14,9,3,,,,,,,
1978,II,11,,1,2,23,,47,32,46,8,45,,,,,,
1978,ENA,3,1,11,5,7,4,31,74,72,,2,,,,,,
1978,ENAP,,,6,1,18,10,25,15,38,7,8,,,,,,
1978,FC,1,1,,1,20,4,79,58,74,22,10,,,,,,
1978,FCPyS,9,3,11,6,6,11,37,59,34,7,,,,,,,
1978,FCA,17,5,7,3,4,5,34,65,67,14,5,,,,,,
1978,FD,20,,7,1,7,7,21,83,44,6,,,,,,,
1978,FE,8,1,15,10,15,12,17,68,42,11,,,,,,,
1978,ENEO,,1,5,5,,3,4,17,20,12,1,,,,,,
1978,ffyl,7,11,11,6,4,2,40,47,24,9,,,,,,,
1978,FI,9,,34,19,55,13,84,93,135,16,19,,,,,,
1978,FM ,37,4,36,31,71,19,138,233,159,48,14,,,,,,
1978,FMVYZ,5,2,4,1,71,23,33,45,95,24,33,1,,,,,
1978,ENM,1,,2,2,6,,7,8,18,5,,,,,,,
1978,FO,1,15,19,16,22,129,75,58,216,26,18,,,,,,
1978,FP,6,4,9,10,13,3,16,36,38,4,,,,,,,
1978,FQ,2,4,8,10,52,14,65,53,114,24,6,,,,,,
1978,ents,,,2,3,1,1,1,11,10,3,,,,,,,
1978,EPE,3,3,2,7,,1,7,8,6,5,,,,,,,
1978,CELE,1,2,1,3,10,1,9,11,12,3,,,,,,,
1978,CUEC,,,6,1,2,,6,5,6,1,,,,,,,
1978,ENEPC,31,7,13,19,14,5,35,72,159,43,44,,,,,,
1978,ENEPAc,,2,26,20,23,6,17,82,111,39,20,,,,,,
1978,ENEPI,1,3,17,6,25,71,48,71,186,58,45,,,,,,
1978,ENEPAr,,3,26,17,13,2,21,83,75,57,18,,,,,,
1978,ENEPZ,,,21,28,30,8,25,39,102,37,7,,,,,,
1978,ENP,10,6,13,5,212,117,404,307,548,89,92,2,,,,,
1978,CCH,16,18,84,48,171,24,280,362,382,120,89,,,,,,
1979,CELU,5,5,5,2,,3,1,2,,,,,,,,,
1979,BN,12,5,,1,45,33,52,26,32,,,,,,,,
1979,HN,,,2,,34,15,13,6,17,1,,,,,,,
1979,IIEc,1,,2,3,4,1,4,22,4,3,,,,,,,
1979,IIE,2,4,1,1,2,,1,10,8,,,,,,,,
1979,IIF,,,,2,3,2,1,13,4,2,,,,,,,
1979,IIH,,3,,1,1,2,,5,1,2,,,,,,,
1979,IIJ,,,1,1,2,1,,12,2,2,1,1,,,,,
1979,IIS,1,,2,1,5,2,9,27,8,5,,,,,,,
1979,IIFilológicas,1,,,1,,,2,3,5,,,,,,,,
1979,CELiterarios,,,,,,1,,5,1,1,,,,,,,
1979,CELING,,,,,,,,2,,,,,,,,,
1979,Centro de Estudios clásicos,,,,1,1,,1,2,1,1,,,,,,,
1979,CENTRO DE EST MAYAS,,,,,3,,,2,1,2,,,,,,,
1979,IIAntropo,,3,,1,4,3,2,10,5,2,,,,,,,
1979,CCAtmosfera,,,1,1,5,2,1,6,3,,,,,,,,
1979,CIMateriales,2,1,2,1,19,,5,8,13,1,1,,,,,,
1979,CEN,,,2,3,12,,2,5,6,,,,,,,,
1979,Centro de instrumentos,,,2,1,9,,4,9,9,,25,,,,,,
1979,Centro de Informacion Cientifica y humanistica,,,3,3,1,2,3,10,7,2,,,,,,,
1979,Centro de servicios de ocmputo,3,,30,5,34,36,21,20,24,4,,,,,,,
1979,centro de ciencias del mar y limnologia,2,,4,3,8,,9,14,30,3,1,,,,,,
1979,IA,,,1,1,7,3,,8,15,5,1,,,,,,
1979,Obser Astr N San Pedro Martir BC,3,,3,,,,1,2,7,4,8,,,,,,
1979,IB,3,2,3,2,30,8,10,22,24,12,1,,,,,,
1979,JB,,1,1,,2,1,1,4,8,1,27,,,,,,
1979,tuxtlas,,,,1,1,,,1,3,1,,,,,,,
1979,Chamela,1,,,,,1,,,3,1,,,,,,,
1979,if,4,,2,,24,,23,29,10,,,,,,,,
1979,Igeofísica,12,2,1,,33,11,13,7,5,6,,,,,,,
1979,Igeografía,3,1,,3,4,2,7,8,3,,,,,,,,
1979,Igeología,2,,2,4,19,5,20,21,2,3,,,,,,,
1979,CDICTNAM,1,,,,1,,,1,,,,,,,,,
1979,OFRegNoro Hermosnillo,,,,1,1,,,,,,,,,,,,
1979,IIBIOMÉDICAS,1,2,4,2,8,10,21,31,10,3,,,,,,,
1979,IM,,,1,,2,3,4,7,3,,,,,,,,
1979,IQ,,1,1,1,2,,5,9,5,3,,,,,,,
1979,IIMAS,,,,2,6,6,15,14,4,,,,,,,,
1979,II,12,4,4,2,39,1,28,50,10,55,,,,,,,
1979,ENA,6,,14,5,18,4,80,88,1,3,,,,,,,
1979,ENAP,,,8,2,24,12,17,37,7,10,,,,,,,
1979,FC,1,,2,2,43,6,54,77,30,14,1,,,,,,
1979,FCPyS,15,7,16,20,8,15,51,38,10,,,,,,,,
1979,FCA,19,4,9,1,13,5,63,61,15,5,,,,,,,
1979,FD,18,,11,4,8,12,77,52,6,,,,,,,,
1979,FE,7,1,26,10,16,13,75,40,10,,,,,,,,
1979,ENEO,,,5,5,1,3,19,16,14,2,,,,,,,
1979,ffyl,7,10,15,7,15,5,48,27,13,,,,,,,,
1979,FI,17,1,40,24,94,15,90,146,25,25,,,,,,,
1979,FM ,78,29,36,35,130,34,218,186,53,13,,,,,,,
1979,FMVYZ,8,3,9,1,94,25,32,94,22,32,4,,,,,,
1979,ENM,2,,4,3,10,,4,9,21,7,1,,,,,,
1979,FO,5,12,33,18,42,141,46,48,206,18,25,,,,,,
1979,FP,1,2,11,14,17,9,11,32,45,5,,,,,,,
1979,FQ,11,4,5,10,77,21,23,47,132,21,10,,,,,,
1979,ents,,,5,9,2,1,2,11,11,2,,,,,,,
1979,EPE,2,3,4,12,1,1,5,7,9,3,,,,,,,
1979,CELE,1,2,5,2,10,,5,11,12,3,,,,,,,
1979,CUEC,,,4,1,4,,2,5,7,1,,,,,,,
1979,ENEPC,75,13,35,25,29,9,23,61,161,47,41,1,,,,,
1979,ENEPAc,1,2,34,23,38,11,17,113,118,56,30,2,,,,,
1979,ENEPI,,4,35,15,31,78,49,73,205,67,42,,,,,,
1979,ENEPAr,7,4,25,18,13,2,15,80,91,65,28,,,,,,
1979,ENEPZ,,,31,21,41,22,25,52,157,70,12,,,,,,
1979,ENP,21,11,25,5,229,103,319,315,575,109,109,,,,,,
1979,CCH,27,21,117,65,389,52,84,343,414,157,107,,,,,,
1980,IIBiblio,6,3,15,7,85,46,63,35,45,1,1,,,,,,
1980,IIEc,3,1,15,5,4,1,6,22,4,4,,,,,,,
1980,IIE,1,6,3,3,2,,3,10,8,,,,,,,,
1980,IIF,2,3,1,5,2,1,,12,4,1,,,,,,,
1980,IIH,,7,2,2,1,2,,8,3,2,,,,,,,
1980,IIJ,5,2,8,7,5,3,1,16,6,7,1,,,,,,
1980,IIS,1,,7,3,6,1,8,28,8,6,,,,,,,
1980,IIFilológicas,1,2,5,11,5,4,2,15,8,5,1,1,,,,,
1980,IIAntropo,1,6,5,3,8,3,1,11,5,2,,,,,,,
1980,IA,6,,14,1,10,3,1,10,22,7,8,1,,,,,
1980,IB,5,4,13,3,28,9,15,22,41,11,20,,,,,,
1980,if,6,,10,1,33,1,12,22,29,6,,,,,,,
1980,Igeofísica,13,3,7,1,34,12,11,12,12,2,6,,,,,,
1980,Igeografía,3,1,7,6,6,2,1,7,8,3,,,,,,,
1980,Igeología,5,1,14,5,31,4,6,23,21,1,3,,,,,,
1980,IIBIOMÉDICAS,3,2,14,5,12,9,8,23,33,13,2,,,,,,
1980,IM,,,7,,5,4,1,4,9,3,,,,,,,
1980,IQ,1,1,3,2,4,,2,5,10,5,3,,,,,,
1980,IIMAS,1,,9,4,6,5,1,15,14,4,,,,,,,
1980,II,20,2,20,3,41,3,13,26,50,7,56,,,,,,
1980,IIMateriales,1,1,10,,27,,6,5,18,3,,,,,,,
1980,ENA,10,,93,19,19,4,9,68,81,4,3,,,,,,
1980,ENAP,1,,19,5,28,12,16,23,53,14,12,,,,,,
1980,FC,1,1,8,10,56,4,56,49,77,37,16,1,,,,,
1980,FCPyS,12,14,40,41,11,16,35,54,39,16,,,,,,,
1980,FCA,23,3,12,2,20,3,25,65,64,16,5,,,,,,
1980,FD,16,,19,7,9,9,24,68,51,7,,,,,,,
1980,FE,9,1,42,21,13,12,15,66,41,13,,,,,,,
1980,ENEO,0,,12,13,2,3,5,16,18,15,2,,,,,,
1980,ffyl,16,10,46,19,21,5,25,47,34,10,,,,,,,
1980,FI,48,10,136,39,114,13,35,106,153,36,30,,,,,,
1980,FM ,78,43,115,56,132,35,68,196,189,56,13,,,,,,
1980,FMVYZ,10,2,43,10,116,26,23,31,95,23,35,3,,,,,
1980,ENM,1,,6,5,10,,4,9,20,8,1,,,,,,
1980,FO,9,14,60,25,47,135,49,39,196,18,24,,,,,,
1980,FP,6,7,29,35,20,9,8,42,40,7,,,,,,,
1980,FQ,11,4,55,27,117,24,39,43,141,43,8,,,,,,
1980,ents,2,,11,10,6,,5,11,14,7,,,,,,,
1980,CELE,,3,5,9,10,,5,15,13,4,,,,,,,
1980,ENEPAc,,2,89,55,47,9,34,94,116,53,31,3,,,,,
1980,ENEPAr,8,3,48,23,19,8,18,122,104,71,30,,,,,,
1980,ENEPC,93,18,106,49,42,11,35,63,169,50,64,1,,,,,
1980,ENEPI,15,8,95,23,85,73,71,76,186,56,43,2,,,,,
1980,ENEPZ,25,15,134,57,92,37,34,10,205,95,35,1,,,,,
1980,ENP,10,2,166,76,307,104,356,199,548,91,107,2,,,,,
1980,CCH,33,13,257,97,409,46,169,260,418,132,108,,,,,,
1980,CUEC,30,10,47,43,6,,5,4,9,1,,,,,,,
