escuela,tipo,clas,1962,1963,1964,1965,1966,1967,1968,1969,1970,1971,1972,1973,1974,1975,1976,1977,1978,1979
ENAP,Salones de clase,num,,16,16,16,,5,,47,,47,21,21,21,22,14,14,12,
ENAP,Salones de clase,cap,,461,461,461,,230,,1078,,1078,620,620,620,528,690,602,560,
ENAP,bibliotecas,num,,1,1,1,,1,,1,,1,2,,,,2,1,2,
ENAP,bibliotecas,cap,,50,50,50,,52,,52,,52,170,,,,105,45,170,
ENAP,auditorios,num,,1,1,1,,,,,,,2,,,,,,,
ENAP,auditorios,cap,,110,110,110,,,,,,,247,,,,,,,
ENAP,laboratorios,num,,1,1,1,,,,,,,5,5,5,14,8,2,9,
ENAP,laboratorios,cap,,10,10,10,,,,,,,90,,,,240,50,220,
ENAP,talleres de docencia,num,43,38,38,38,,13,,13,,103,38,38,38,49,31,25,31,
ENAP,talleres de docencia,cap,1086,963,963,963,,490,,205,,205,400,,,,775,450,950,
ENAP,cubiculos,num,,,,,,,,5,,5,2,,,,,,,
ENAP,cubiculos,cap,,,,,,,,69,,69,4,,,,,,,
ENAP,cafeterias,num,,,,,,,,,,,,,,,,,,
ENAP,cafeterias,cap,,,,,,,,,,,,,,,,,,
ENAP,oficinas administrativas,num,,,,,,4,,,,,,,,,,,,
ENAP,oficinas administrativas,cap,,,,,,13,,,,,,,,,,,,
ENARQ,Salones de clase,num,50,50,50,50,,17,,77,,77,89,79,79,46,45,54,45,91
ENARQ,Salones de clase,cap,2600,3140,3140,3140,,1453,,5730,,5730,2370,6105,6105,5192,2076,2161,1557,3157
ENARQ,bibliotecas,num,1,1,1,1,,1,,2,,2,2,,,,4,4,2,4
ENARQ,bibliotecas,cap,70,76,76,76,,40,,40,,40,170,,,,212,212,92,176
ENARQ,auditorios,num,1,1,1,1,,1,,1,,1,1,,,,,,,
ENARQ,auditorios,cap,463,464,464,464,,456,,458,,458,450,,,,,,,
ENARQ,laboratorios,num,,,,,,1,,1,,1,4,6,6,1,7,7,6,1
ENARQ,laboratorios,cap,,,,,,32,,32,,32,120,,,,135,135,114,15
ENARQ,talleres de docencia,num,3,3,3,3,,18,,18,,18,4,8,8,8,15,15,18,5
ENARQ,talleres de docencia,cap,242,200,200,200,,654,,654,,654,120,,,,1583,1583,1351,40
ENARQ,cubiculos,num,,,,,,26,,31,,31,30,,,,,,,
ENARQ,cubiculos,cap,,,,,,40,,58,,58,30,,,,,,,
ENARQ,cafeterias,num,,,,,,1,,1,,,,,,,,,,
ENARQ,cafeterias,cap,,,,,,56,,56,,,,,,,,,,
ENARQ,oficinas administrativas,num,,,,,,16,,20,,,,,,,,,,
ENARQ,oficinas administrativas,cap,,,,,,47,,98,,,,,,,,,,
ENEO,Salones de clase,num,6,6,6,6,,5,,5,,13,13,13,13,13,20,19,20,
ENEO,Salones de clase,cap,334,371,371,371,,220,,220,,719,715,715,715,715,1000,1114,1200,
ENEO,bibliotecas,num,1,1,1,1,,1,,1,,1,1,,,,1,1,1,
ENEO,bibliotecas,cap,28,30,30,30,,40,,49,,49,80,,,,40,40,50,
ENEO,auditorios,num,,1,1,1,,1,,,,1,1,,,,,,,
ENEO,auditorios,cap,,50,50,50,,80,,,,100,120,,,,,,,
ENEO,laboratorios,num,3,3,3,3,,2,,4,,6,5,5,5,6,5,5,5,
ENEO,laboratorios,cap,200,108,108,108,,120,,172,,252,250,,,,350,300,300,
ENEO,talleres de docencia,num,,,,,,,,,,,,,,,1,,,
ENEO,talleres de docencia,cap,,,,,,,,,,,,,,,2,,,
ENEO,cubiculos,num,,,,,,,,1,,2,1,,,,,,,
ENEO,cubiculos,cap,,,,,,,,1,,10,3,,,,,,,
ENEO,cafeterias,num,,1,1,1,,,,1,,,,,,,,,,
ENEO,cafeterias,cap,,50,50,50,,,,60,,,,,,,,,,
ENEO,oficinas administrativas,num,,,,,,8,,10,,,,,,,,,,
ENEO,oficinas administrativas,cap,,,,,,23,,38,,,,,,,,,,
ENM,Salones de clase,num,25,26,26,26,,30,,37,,37,38,37,37,37,62,49,49,
ENM,Salones de clase,cap,423,430,430,430,,738,,1060,,1060,760,760,760,760,800,321,880,
ENM,bibliotecas,num,1,1,1,1,,1,,1,,1,1,,,,1,1,1,
ENM,bibliotecas,cap,30,30,30,30,,40,,46,,46,30,,,,40,40,30,
ENM,auditorios,num,1,1,1,1,,1,,1,,1,2,,,,,,,
ENM,auditorios,cap,119,107,107,107,,194,,200,,200,1000,,,,,,,
ENM,laboratorios,num,,,,,,2,,1,,2,1,1,1,1,1,2,1,
ENM,laboratorios,cap,,,,,,10,,4,,10,70,,,,5,20,10,
ENM,talleres de docencia,num,,,,,,,,,,,,,,,1,2,3,
ENM,talleres de docencia,cap,,,,,,,,,,,,,,,2,52,60,
ENM,cubiculos,num,,,,,,2,,2,,2,3,,,,,,,
ENM,cubiculos,cap,,,,,,4,,3,,3,6,,,,,,,
ENM,cafeterias,num,,,,,,,,,,,,,,,,,,
ENM,cafeterias,cap,,,,,,,,,,,,,,,,,,
ENM,oficinas administrativas,num,,,,,,4,,4,,,,,,,,,,
ENM,oficinas administrativas,cap,,,,,,18,,26,,,,,,,,,,
ENTS,Salones de clase,num,,,,,,,,,,,,,6,6,6,6,6,6
ENTS,Salones de clase,cap,,,,,,,,,,,,,360,367,330,330,360,360
ENTS,bibliotecas,num,,,,,,,,,,,,,,,1,1,1,
ENTS,bibliotecas,cap,,,,,,,,,,,,,,,65,72,200,
ENTS,auditorios,num,,,,,,,,,,,,,,,,,,
ENTS,auditorios,cap,,,,,,,,,,,,,,,,,,
ENTS,laboratorios,num,,,,,,,,,,,,,,,1,1,,
ENTS,laboratorios,cap,,,,,,,,,,,,,2,2,40,40,,
ENTS,talleres de docencia,num,,,,,,,,,,,,,,,1,1,2,
ENTS,talleres de docencia,cap,,,,,,,,,,,,,,,60,60,93,
ENTS,cubiculos,num,,,,,,,,,,,,,,,,,,
ENTS,cubiculos,cap,,,,,,,,,,,,,,,,,,
ENTS,cafeterias,num,,,,,,,,,,,,,,,,,,
ENTS,cafeterias,cap,,,,,,,,,,,,,,,,,,
ENTS,oficinas administrativas,num,,,,,,,,,,,,,,,,,,
ENTS,oficinas administrativas,cap,,,,,,,,,,,,,,,,,,
FC,Salones de clase,num,26,26,26,26,,26,,26,,26,31,31,25,45,47,86,55,53
FC,Salones de clase,cap,1002,1206,1206,1206,,1260,,1248,,1248,1481,1481,1557,1557,2921,3300,2267,2152
FC,bibliotecas,num,1,1,1,1,,2,,3,,2,1,,,,1,1,3,4
FC,bibliotecas,cap,61,132,132,132,,164,,174,,174,250,,,,300,304,328,275
FC,auditorios,num,2,2,2,2,,1,,1,,1,1,,,,,,,
FC,auditorios,cap,473,502,502,502,,478,,412,,412,400,,,,,,,
FC,laboratorios,num,21,24,24,24,,42,,42,,42,24,24,,49,51,43,78,105
FC,laboratorios,cap,74,944,944,944,,548,,548,,548,1200,,,,1512,1089,1943,3150
FC,talleres de docencia,num,3,,,,,2,,2,,,2,,,5,1,,2,2
FC,talleres de docencia,cap,60,,,,,12,,13,,,14,,,,13,,20,30
FC,cubiculos,num,6,15,15,15,,24,,28,,28,43,,,,,,,
FC,cubiculos,cap,96,64,64,64,,50,,60,,60,33,,,,,,,
FC,cafeterias,num,,1,1,1,,1,,,,,,,,,,,,
FC,cafeterias,cap,,32,32,32,,80,,,,,,,,,,,,
FC,oficinas administrativas,num,,,,,,12,,,,,,,,,,,,
FC,oficinas administrativas,cap,,,,,,45,,,,,,,,,,,,
FCPyS,Salones de clase,num,14,14,14,14,,14,,14,,14,35,25,25,25,35,37,35,35
FCPyS,Salones de clase,cap,810,833,833,833,,804,,876,,876,2622,1557,1557,1557,2672,2608,2496,2304
FCPyS,bibliotecas,num,1,1,1,1,,1,,1,,1,1,,,,1,2,1,1
FCPyS,bibliotecas,cap,33,36,36,36,,70,,71,,71,200,,,,110,180,200,284
FCPyS,auditorios,num,,,,,,,,,,,,,,,,,,
FCPyS,auditorios,cap,,,,,,,,,,,,,,,,,,
FCPyS,laboratorios,num,1,1,1,1,,1,,,,,,,,,,,1,
FCPyS,laboratorios,cap,27,60,60,60,,29,,,,,,,,,,,40,
FCPyS,talleres de docencia,num,,,,,,,,,,,2,,,,2,1,2,3
FCPyS,talleres de docencia,cap,,,,,,,,,,,70,,,,108,60,80,98
FCPyS,cubiculos,num,10,10,10,10,,15,,15,,15,29,,,,,,,
FCPyS,cubiculos,cap,10,10,10,10,,35,,35,,35,58,,,,,,,
FCPyS,cafeterias,num,,1,1,1,,1,,1,,,,,,,,,,
FCPyS,cafeterias,cap,,40,40,40,,60,,20,,,,,,,,,,
FCPyS,oficinas administrativas,num,,,,,,12,,12,,,,,,,,,,
FCPyS,oficinas administrativas,cap,,,,,,69,,69,,,,,,,,,,
FCyA,Salones de clase,num,48,48,48,49,,58,,114,,110,68,71,71,88,86,76,76,78
FCyA,Salones de clase,cap,3305,3400,3400,3579,,4021,,7740,,7722,4560,4680,4680,4680,6000,5768,5920,7410
FCyA,bibliotecas,num,1,1,1,1,,2,,2,,2,3,,,,1,1,2,1
FCyA,bibliotecas,cap,100,144,144,92,,206,,362,,362,314,,,,350,350,268,300
FCyA,auditorios,num,1,1,1,1,,1,,,,1,1,,,,,,,
FCyA,auditorios,cap,222,240,240,250,,204,,,,220,600,,,,,,,
FCyA,laboratorios,num,,,,,,,,,,,,,,2,1,1,,
FCyA,laboratorios,cap,,,,,,,,,,,,,,,45,20,,
FCyA,talleres de docencia,num,,,,,,,,,,,1,,,2,,,,
FCyA,talleres de docencia,cap,,,,,,,,,,,2,,,,,,,
FCyA,cubiculos,num,,,,4,,12,,33,,33,38,,,,,,,
FCyA,cubiculos,cap,,,,7,,24,,95,,95,76,,,,,,,
FCyA,cafeterias,num,,1,1,1,,1,,2,,,,,,,,,,
FCyA,cafeterias,cap,,35,35,40,,60,,260,,,,,,,,,,
FCyA,oficinas administrativas,num,,,,,,23,,23,,,,,,,,,,
FCyA,oficinas administrativas,cap,,,,,,104,,104,,,,,,,,,,
FD,Salones de clase,num,33,50,50,50,,41,,44,,48,65,54,54,71,70,66,71,70
FD,Salones de clase,cap,2940,3490,3490,3490,,2417,,2417,,3454,5200,3979,3979,3979,5182,5044,5461,5388
FD,bibliotecas,num,1,1,1,1,,2,,2,,2,1,,,,16,16,16,16
FD,bibliotecas,cap,195,262,262,262,,130,,210,,210,154,,,,400,400,478,585
FD,auditorios,num,1,1,1,1,,2,,4,,2,2,,,,,,,
FD,auditorios,cap,214,208,208,208,,469,,585,,483,400,,,,,,,
FD,laboratorios,num,9,,,,,,,,,,1,,,6,1,2,1,1
FD,laboratorios,cap,260,,,,,,,,,,10,,,,38,60,37,36
FD,talleres de docencia,num,,,,,,,,,,,,,,1,,,,
FD,talleres de docencia,cap,,,,,,,,,,,,,,,,,,
FD,cubiculos,num,,,,,,6,,6,,6,43,,,,,,,
FD,cubiculos,cap,,,,,,22,,21,,31,33,,,,,,,
FD,cafeterias,num,,1,1,1,,1,,1,,,,,,,,,,
FD,cafeterias,cap,,120,120,120,,90,,200,,,,,,,,,,
FD,oficinas administrativas,num,,,,,,12,,,,,,,,,,,,
FD,oficinas administrativas,cap,,,,,,108,,,,,,,,,,,,
FE,Salones de clase,num,20,21,21,23,,20,,23,,28,37,37,37,37,46,45,53,47
FE,Salones de clase,cap,1302,1333,1333,1576,,1684,,1892,,1892,1943,1943,1943,1943,3019,2480,3253,3048
FE,bibliotecas,num,1,1,1,1,,1,,1,,2,2,,,,1,1,2,2
FE,bibliotecas,cap,112,120,120,200,,180,,180,,200,160,,,,175,144,141,110
FE,auditorios,num,1,1,1,1,,1,,1,,1,1,,,,,,,
FE,auditorios,cap,224,224,224,224,,224,,233,,233,240,,,,,,,
FE,laboratorios,num,1,1,1,1,,,,1,,1,,,,1,,,,2
FE,laboratorios,cap,31,30,30,12,,,,14,,28,,,,,,,,97
FE,talleres de docencia,num,,,,,,,,,,,,,,3,,,,
FE,talleres de docencia,cap,,,,,,,,,,,,,,,,,,
FE,cubiculos,num,10,10,10,10,,18,,21,,36,12,,,,,,,
FE,cubiculos,cap,10,10,10,10,,38,,59,,80,24,,,,,,,
FE,cafeterias,num,,1,1,1,,1,,,,,,,,,,,,
FE,cafeterias,cap,,65,65,32,,36,,,,,,,,,,,,
FE,oficinas administrativas,num,,,,,,18,,,,,,,,,,,,
FE,oficinas administrativas,cap,,,,,,112,,,,,,,,,,,,
FFyL,Salones de clase,num,30,28,28,28,,29,,33,,71,43,83,83,83,78,58,66,48
FFyL,Salones de clase,cap,1844,1800,1800,1800,,1620,,1696,,3954,3568,5568,5568,5568,2660,2690,2679,998
FFyL,bibliotecas,num,2,2,2,2,,3,,1,,19,2,,,,8,2,3,9
FFyL,bibliotecas,cap,76,120,120,120,,100,,50,,529,120,,,,130,120,106,194
FFyL,auditorios,num,2,2,2,2,,1,,1,,4,2,,,,,,,
FFyL,auditorios,cap,830,830,830,830,,735,,853,,1100,742,,,,,,,
FFyL,laboratorios,num,5,15,15,15,,6,,22,,6,5,9,9,9,5,3,2,1
FFyL,laboratorios,cap,153,50,50,50,,46,,457,,177,50,,,,100,250,80,50
FFyL,talleres de docencia,num,6,4,4,4,,,,8,,,,,,,2,2,,14
FFyL,talleres de docencia,cap,115,80,80,80,,,,108,,,,,,,69,100,,10
FFyL,cubiculos,num,31,31,31,31,,8,,29,,25,13,,,,,,,
FFyL,cubiculos,cap,150,42,42,42,,24,,29,,308,26,,,,,,,
FFyL,cafeterias,num,,1,1,1,,1,,1,,,,,,,,,,
FFyL,cafeterias,cap,,96,96,96,,76,,136,,,,,,,,,,
FFyL,oficinas administrativas,num,,,,,,19,,19,,,,,,,,,,
FFyL,oficinas administrativas,cap,,,,,,77,,77,,,,,,,,,,
FI,Salones de clase,num,56,56,56,86,,97,,,,114,122,106,106,129,108,114,133,
FI,Salones de clase,cap,4369,5370,5370,7330,,7100,,,,7686,8125,7565,7565,7565,9061,6961,6910,
FI,bibliotecas,num,1,1,1,3,,2,,,,2,3,,,,2,2,3,
FI,bibliotecas,cap,126,125,125,165,,140,,,,260,620,,,,656,800,705,
FI,auditorios,num,1,1,1,2,,1,,1,,2,3,,,,,,,
FI,auditorios,cap,402,408,408,512,,417,,417,,718,840,,,,,,,
FI,laboratorios,num,4,1,1,13,,4,,,,29,27,25,25,25,26,33,40,
FI,laboratorios,cap,134,300,300,360,,56,,,,910,932,,,,1307,1387,770,
FI,talleres de docencia,num,3,3,3,8,,8,,,,,8,8,8,8,9,1,2,
FI,talleres de docencia,cap,150,90,90,90,,130,,,,,155,,,,205,20,80,
FI,cubiculos,num,12,12,12,54,,13,,,,43,100,,,,,,,
FI,cubiculos,cap,12,12,12,88,,28,,,,61,180,,,,,,,
FI,cafeterias,num,,1,1,1,,2,,2,,,,,,,,,,
FI,cafeterias,cap,,60,60,60,,96,,96,,,,,,,,,,
FI,oficinas administrativas,num,,,,,,36,,36,,,,,,,,,,
FI,oficinas administrativas,cap,,,,,,171,,171,,,,,,,,,,
FM,Salones de clase,num,25,39,39,39,,42,,49,,53,57,57,57,57,52,52,39,
FM,Salones de clase,cap,2956,2600,2600,2600,,3730,,3944,,4200,6270,6270,6270,6270,4160,3583,1607,
FM,bibliotecas,num,4,4,4,4,,5,,7,,7,2,,,,3,2,4,
FM,bibliotecas,cap,355,300,300,300,,180,,244,,244,160,,,,438,422,615,
FM,auditorios,num,3,3,3,3,,3,,,,3,3,,,,,,,
FM,auditorios,cap,1324,1324,1324,1324,,1350,,,,1381,400,,,,,,,
FM,laboratorios,num,89,89,89,89,,97,,95,,97,74,74,74,74,51,30,30,
FM,laboratorios,cap,6000,2000,2000,2000,,1160,,1560,,1660,115,,,,1865,2075,1245,
FM,talleres de docencia,num,,3,3,3,,,,3,,,,,,,,,3,
FM,talleres de docencia,cap,,15,15,15,,,,5,,,,,,,,,165,
FM,cubiculos,num,18,18,18,18,,12,,23,,23,28,,,,,,,
FM,cubiculos,cap,190,13,18,18,,28,,72,,42,100,,,,,,,
FM,cafeterias,num,,1,1,1,,2,,,,,,,,,,,,
FM,cafeterias,cap,,256,256,256,,160,,,,,,,,,,,,
FM,oficinas administrativas,num,,,,,,48,,,,,,,,,,,,
FM,oficinas administrativas,cap,,,,,,154,,,,,,,,,,,,
FMVyZ,Salones de clase,num,14,15,15,15,,22,,22,,22,24,27,27,27,26,26,27,25
FMVyZ,Salones de clase,cap,916,981,981,981,,1442,,1442,,1442,1821,1821,1821,1821,1691,1738,2236,1339
FMVyZ,bibliotecas,num,1,1,1,1,,1,,2,,2,2,,,,1,1,1,
FMVyZ,bibliotecas,cap,84,90,90,90,,80,,134,,216,138,,,,250,250,250,
FMVyZ,auditorios,num,1,1,1,1,,,,,,3,1,,,,,,,
FMVyZ,auditorios,cap,139,139,139,139,,,,,,387,165,,,,,,,
FMVyZ,laboratorios,num,24,24,24,24,,43,,54,,54,10,43,43,43,34,42,21,44
FMVyZ,laboratorios,cap,500,500,500,500,,467,,609,,609,496,,,,1062,1260,1050,396
FMVyZ,talleres de docencia,num,,,,,,,,8,,,1,,,,,,,
FMVyZ,talleres de docencia,cap,,,,,,,,108,,,,,,,,,,
FMVyZ,cubiculos,num,,2,2,2,,6,,8,,8,6,,,,,,,
FMVyZ,cubiculos,cap,,2,2,2,,12,,13,,8,34,,,,,,,
FMVyZ,cafeterias,num,,,,,,,,,,,,,,,,,,
FMVyZ,cafeterias,cap,,,,,,,,,,,,,,,,,,
FMVyZ,oficinas administrativas,num,,,,,,26,,,,,,,,,,,,
FMVyZ,oficinas administrativas,cap,,,,,,77,,,,,,,,,,,,
FODON,Salones de clase,num,8,8,8,8,,8,,8,,8,8,8,8,12,20,24,26,12
FODON,Salones de clase,cap,691,764,764,674,,600,,674,,674,758,758,758,888,1784,2040,2449,1324
FODON,bibliotecas,num,1,1,1,1,,1,,1,,1,1,,,,1,1,1,1
FODON,bibliotecas,cap,58,64,64,64,,66,,64,,64,70,,,,132,132,38,198
FODON,auditorios,num,,,,,,,,,,,,,,,,,,
FODON,auditorios,cap,,,,,,,,,,,,,,,,,,
FODON,laboratorios,num,24,24,24,24,,25,,25,,25,14,14,14,3,26,12,28,12
FODON,laboratorios,cap,375,900,900,900,,1068,,968,,968,952,,,,1712,840,1632,866
FODON,talleres de docencia,num,3,,,,,,,3,,,,,,11,,,,
FODON,talleres de docencia,cap,3,,,,,,,9,,,,,,,,,,
FODON,cubiculos,num,,6,6,6,,21,,21,,21,12,,,,,,,
FODON,cubiculos,cap,,6,6,6,,38,,38,,38,1803,,,,,,,
FODON,cafeterias,num,,1,1,1,,1,,1,,,,,,,,,,
FODON,cafeterias,cap,,40,40,40,,44,,54,,,,,,,,,,
FODON,oficinas administrativas,num,,,,,,6,,6,,,,,,,,,,
FODON,oficinas administrativas,cap,,,,,,13,,13,,,,,,,,,,
FP,Salones de clase,num,,,,,,,,,,,,18,18,28,24,26,29,31
FP,Salones de clase,cap,,,,,,,,,,,,1008,1008,1568,1200,1332,1550,1360
FP,bibliotecas,num,,,,,,,,,,,,,,,2,1,2,2
FP,bibliotecas,cap,,,,,,,,,,,,,,,158,400,120,175
FP,auditorios,num,,,,,,,,,,,,,,,,,,
FP,auditorios,cap,,,,,,,,,,,,,,,,,,
FP,laboratorios,num,,,,,,,,,,,,13,13,13,14,16,16,10
FP,laboratorios,cap,,,,,,,,,,,,,,,240,320,320,200
FP,talleres de docencia,num,,,,,,,,,,,,,,,,,,
FP,talleres de docencia,cap,,,,,,,,,,,,,,,,,,
FP,cubiculos,num,,,,,,,,,,,,,,,,,,
FP,cubiculos,cap,,,,,,,,,,,,,,,,,,
FP,cafeterias,num,,,,,,,,,,,,,,,,,,
FP,cafeterias,cap,,,,,,,,,,,,,,,,,,
FP,oficinas administrativas,num,,,,,,,,,,,,,,,,,,
FP,oficinas administrativas,cap,,,,,,,,,,,,,,,,,,
FQ,Salones de clase,num,27,27,27,27,,28,,30,,30,62,56,56,56,55,55,53,46
FQ,Salones de clase,cap,2225,2225,2225,2225,,2700,,2768,,2768,4720,4280,4280,4280,5008,4910,4863,3901
FQ,bibliotecas,num,1,1,1,1,,1,,1,,1,2,,,,2,1,2,
FQ,bibliotecas,cap,160,160,160,160,,108,,60,,60,120,,,,600,400,500,
FQ,auditorios,num,2,2,2,2,,1,,2,,2,2,,,,,,,2
FQ,auditorios,cap,518,518,518,518,,300,,505,,505,510,,,,,,,536
FQ,laboratorios,num,40,44,44,44,,34,,43,,43,55,47,47,47,53,57,85,
FQ,laboratorios,cap,2676,3450,3450,3450,,1569,,3852,,3852,2750,,,,2574,3740,3394,
FQ,talleres de docencia,num,1,,,,,,,,,2,2,,,,,,,
FQ,talleres de docencia,cap,40,,,,,,,,,80,80,,,,,,,
FQ,cubiculos,num,4,,,,,8,,10,,10,40,,,,,,,
FQ,cubiculos,cap,4,,,,,12,,10,,10,120,,,,,,,
FQ,cafeterias,num,,1,1,1,,1,,1,,,,,,,,,,
FQ,cafeterias,cap,,96,96,96,,74,,94,,,,,,,,,,
FQ,oficinas administrativas,num,,,,,,19,,22,,,,,,,,,,
FQ,oficinas administrativas,cap,,,,,,76,,82,,,,,,,,,,
ENP,Salones de clase,num,267,341,497,594,,419,,532,,,554,554,580,577,572,485,491,
ENP,Salones de clase,cap,15911,19347,28108,33425,,23567,,28581,,,30278,32618,31658,31658,31330,26654,27896,
ENP,bibliotecas,num,7,7,10,11,,11,,,,,9,,,,10,10,8,
ENP,bibliotecas,cap,970,1002,1382,1631,,568,,,,,2352,,,,1462,1391,1332,
ENP,auditorios,num,8,10,13,16,,8,,16,,,11,,,,,,,
ENP,auditorios,cap,1279,2229,4038,5631,,1126,,5715,,,6503,,,,,,,
ENP,laboratorios,num,31,39,63,80,,11,,85,,,67,71,67,67,81,95,120,
ENP,laboratorios,cap,1522,1786,2650,3780,,4146,,3609,,,3623,,,,4169,4492,6116,
ENP,talleres de docencia,num,37,46,35,4,,,,2,,,14,18,14,14,20,29,10,
ENP,talleres de docencia,cap,1165,214,1331,150,,,,50,,,380,,,,250,1043,209,
ENP,cubiculos,num,31,4,115,83,,,,136,,,66,,,,,,,
ENP,cubiculos,cap,182,186,352,257,,,,352,,,282,,,,,,,
ENP,cafeterias,num,,,7,6,,,,9,,,,,,,,,,
ENP,cafeterias,cap,,,354,323,,,,827,,,,,,,,,,
ENP,oficinas administrativas,num,,,,,,,,101,,,,,,,,,,
ENP,oficinas administrativas,cap,,,,,,,,564,,,,,,,,,,
CCH,Salones de clase,num,,,,,,,,,,,348,469,426,426,398,404,390,
CCH,Salones de clase,cap,,,,,,,,,,,17400,20290,18392,21300,20490,20804,21882,
CCH,bibliotecas,num,,,,,,,,,,,5,,,,5,6,5,
CCH,bibliotecas,cap,,,,,,,,,,,1250,,,,1550,1637,2010,
CCH,auditorios,num,,,,,,,,,,,,,,,,,,
CCH,auditorios,cap,,,,,,,,,,,,,,,,,,
CCH,laboratorios,num,,,,,,,,,,,58,120,58,58,129,130,134,
CCH,laboratorios,cap,,,,,,,,,,,500,,,,6720,4520,7298,
CCH,talleres de docencia,num,,,,,,,,,,,8,5,8,8,14,7,9,
CCH,talleres de docencia,cap,,,,,,,,,,,800,,,,180,129,300,
CCH,cubiculos,num,,,,,,,,,,,85,,,,,,,
CCH,cubiculos,cap,,,,,,,,,,,170,,,,,,,
CCH,cafeterias,num,,,,,,,,,,,,,,,,,,
CCH,cafeterias,cap,,,,,,,,,,,,,,,,,,
CCH,oficinas administrativas,num,,,,,,,,,,,,,,,,,,
CCH,oficinas administrativas,cap,,,,,,,,,,,,,,,,,,
HN,Salones de clase,num,,,,,,,,,,,,,,,,,,
HN,Salones de clase,cap,,,,,,,,,,,,,,,,,,
HN,bibliotecas,num,,,,,,,,,,,,,,,,,,
HN,bibliotecas,cap,,,,,,,,,,,,,,,,,,
HN,auditorios,num,,,,,,,,,,,,,,,,,,
HN,auditorios,cap,,,,,,,,,,,,,,,,,,
HN,laboratorios,num,,,,,,,,,,,,,,,,,,
HN,laboratorios,cap,,,,,,,,,,,,,,,,,,
HN,talleres de docencia,num,,,,,,,,,,,,,,,,,,
HN,talleres de docencia,cap,,,,,,,,,,,,,,,,,,
HN,cubiculos,num,,,,,,,,,,,,,,,,,,
HN,cubiculos,cap,,,,,,,,,,,,,,,,,,
HN,cafeterias,num,,,,,,,,,,,,,,,,,,
HN,cafeterias,cap,,,,,,,,,,,,,,,,,,
HN,oficinas administrativas,num,,,,,,14,,6,,,,,,,,,,
HN,oficinas administrativas,cap,,,,,,115,,29,,,,,,,,,,
BN,Salones de clase,num,,,,,,,,,,,,,,,,,,
BN,Salones de clase,cap,,,,,,,,,,,,,,,,,,
BN,bibliotecas,num,,,,,,,,,,,2,,,,,,,
BN,bibliotecas,cap,,,,,,,,,,,468,,,,,,,
BN,auditorios,num,,,,,,,,,,,,,,,,,,
BN,auditorios,cap,,,,,,,,,,,,,,,,,,
BN,laboratorios,num,,,,,,,,,,,1,,,,,,,
BN,laboratorios,cap,,,,,,,,,,,4,,,,,,,
BN,talleres de docencia,num,,,,,,,,4,,,2,,,,,,,
BN,talleres de docencia,cap,,,,,,,,7,,,8,,,,,,,
BN,cubiculos,num,,,,,,6,,6,,,6,,,,,,,
BN,cubiculos,cap,,,,,,6,,6,,,6,,,,,,,
BN,cafeterias,num,,,,,,,,,,,,,,,,,,
BN,cafeterias,cap,,,,,,,,,,,,,,,,,,
BN,oficinas administrativas,num,,,,,,,,12,,,,,,,,,,
BN,oficinas administrativas,cap,,,,,,,,113,,,,,,,,,,
IIEc,Salones de clase,num,,,,,,,,,,,,,,,,,,
IIEc,Salones de clase,cap,,,,,,,,,,,,,,,,,,
IIEc,bibliotecas,num,,,,,,1,,,,,1,,,,,,,
IIEc,bibliotecas,cap,,,,,,15,,,,,10,,,,,,,
IIEc,auditorios,num,,,,,,,,,,,,,,,,,,
IIEc,auditorios,cap,,,,,,,,,,,,,,,,,,
IIEc,laboratorios,num,,,,,,1,,,,,,,,,,,,
IIEc,laboratorios,cap,,,,,,3,,,,,,,,,,,,
IIEc,talleres de docencia,num,,,,,,,,,,,,,,,,,,
IIEc,talleres de docencia,cap,,,,,,,,,,,,,,,,,,
IIEc,cubiculos,num,,,,,,8,,8,,,26,,,,,,,
IIEc,cubiculos,cap,,,,,,8,,8,,,60,,,,,,,
IIEc,cafeterias,num,,,,,,,,,,,,,,,,,,
IIEc,cafeterias,cap,,,,,,,,,,,,,,,,,,
IIEc,oficinas administrativas,num,,,,,,2,,6,,,,,,,,,,
IIEc,oficinas administrativas,cap,,,,,,5,,22,,,,,,,,,,
IIE,Salones de clase,num,,,,,,,,,,,,,,,,,,
IIE,Salones de clase,cap,,,,,,,,,,,,,,,,,,
IIE,bibliotecas,num,,,,,,1,,,,,1,,,,,,,
IIE,bibliotecas,cap,,,,,,10,,,,,20,,,,,,,
IIE,auditorios,num,,,,,,,,,,,,,,,,,,
IIE,auditorios,cap,,,,,,,,,,,,,,,,,,
IIE,laboratorios,num,,,,,,2,,1,,,1,,,,,,,
IIE,laboratorios,cap,,,,,,4,,2,,,2,,,,,,,
IIE,talleres de docencia,num,,,,,,,,,,,,,,,,,,
IIE,talleres de docencia,cap,,,,,,,,,,,,,,,,,,
IIE,cubiculos,num,,,,,,11,,11,,,10,,,,,,,
IIE,cubiculos,cap,,,,,,22,,22,,,20,,,,,,,
IIE,cafeterias,num,,,,,,,,,,,,,,,,,,
IIE,cafeterias,cap,,,,,,,,,,,,,,,,,,
IIE,oficinas administrativas,num,,,,,,5,,2,,,,,,,,,,
IIE,oficinas administrativas,cap,,,,,,14,,3,,,,,,,,,,
Centro de estudios filosoficos,Salones de clase,num,,,,,,,,,,,,,,,,,,
Centro de estudios filosoficos,Salones de clase,cap,,,,,,,,,,,,,,,,,,
Centro de estudios filosoficos,bibliotecas,num,,,,,,1,,,,,1,,,,,,,
Centro de estudios filosoficos,bibliotecas,cap,,,,,,15,,,,,15,,,,,,,
Centro de estudios filosoficos,auditorios,num,,,,,,,,,,,,,,,,,,
Centro de estudios filosoficos,auditorios,cap,,,,,,,,,,,,,,,,,,
Centro de estudios filosoficos,laboratorios,num,,,,,,1,,,,,1,,,,,,,
Centro de estudios filosoficos,laboratorios,cap,,,,,,4,,,,,1,,,,,,,
Centro de estudios filosoficos,talleres de docencia,num,,,,,,,,,,,,,,,,,,
Centro de estudios filosoficos,talleres de docencia,cap,,,,,,,,,,,,,,,,,,
Centro de estudios filosoficos,cubiculos,num,,,,,,8,,7,,,9,,,,,,,
Centro de estudios filosoficos,cubiculos,cap,,,,,,13,,12,,,21,,,,,,,
Centro de estudios filosoficos,cafeterias,num,,,,,,,,,,,,,,,,,,
Centro de estudios filosoficos,cafeterias,cap,,,,,,,,,,,,,,,,,,
Centro de estudios filosoficos,oficinas administrativas,num,,,,,,2,,3,,,,,,,,,,
Centro de estudios filosoficos,oficinas administrativas,cap,,,,,,9,,8,,,,,,,,,,
IIH,Salones de clase,num,,,,,,2,,,,,,,,,,,,
IIH,Salones de clase,cap,,,,,,76,,,,,,,,,,,,
IIH,bibliotecas,num,,,,,,1,,,,,1,,,,,,,
IIH,bibliotecas,cap,,,,,,44,,,,,10,,,,,,,
IIH,auditorios,num,,,,,,,,,,,,,,,,,,
IIH,auditorios,cap,,,,,,,,,,,,,,,,,,
IIH,laboratorios,num,,,,,,1,,1,,,,,,,,,,
IIH,laboratorios,cap,,,,,,12,,3,,,,,,,,,,
IIH,talleres de docencia,num,,,,,,,,,,,,,,,,,,
IIH,talleres de docencia,cap,,,,,,,,,,,,,,,,,,
IIH,cubiculos,num,,,,,,9,,10,,,9,,,,,,,
IIH,cubiculos,cap,,,,,,18,,20,,,18,,,,,,,
IIH,cafeterias,num,,,,,,,,,,,,,,,,,,
IIH,cafeterias,cap,,,,,,,,,,,,,,,,,,
IIH,oficinas administrativas,num,,,,,,8,,2,,,,,,,,,,
IIH,oficinas administrativas,cap,,,,,,36,,3,,,,,,,,,,
IIJ,Salones de clase,num,,,,,,4,,,,,,,,,,,,
IIJ,Salones de clase,cap,,,,,,87,,,,,,,,,,,,
IIJ,bibliotecas,num,,,,,,1,,,,,1,,,,,,,
IIJ,bibliotecas,cap,,,,,,44,,,,,20,,,,,,,
IIJ,auditorios,num,,,,,,,,,,,,,,,,,,
IIJ,auditorios,cap,,,,,,,,,,,,,,,,,,
IIJ,laboratorios,num,,,,,,9,,,,,,,,,,,,
IIJ,laboratorios,cap,,,,,,28,,,,,,,,,,,,
IIJ,talleres de docencia,num,,,,,,1,,,,,,,,,,,,
IIJ,talleres de docencia,cap,,,,,,6,,,,,,,,,,,,
IIJ,cubiculos,num,,,,,,9,,8,,,11,,,,,,,
IIJ,cubiculos,cap,,,,,,15,,15,,,22,,,,,,,
IIJ,cafeterias,num,,,,,,,,,,,,,,,,,,
IIJ,cafeterias,cap,,,,,,,,,,,,,,,,,,
IIJ,oficinas administrativas,num,,,,,,21,,3,,,,,,,,,,
IIJ,oficinas administrativas,cap,,,,,,106,,11,,,,,,,,,,
IIS,Salones de clase,num,,,,,,1,,,,,,,,,,,,
IIS,Salones de clase,cap,,,,,,30,,,,,,,,,,,,
IIS,bibliotecas,num,,,,,,1,,,,,1,,,,,,,
IIS,bibliotecas,cap,,,,,,38,,,,,20,,,,,,,
IIS,auditorios,num,,,,,,,,,,,,,,,,,,
IIS,auditorios,cap,,,,,,,,,,,,,,,,,,
IIS,laboratorios,num,,,,,,14,,,,,2,,,,,,,
IIS,laboratorios,cap,,,,,,39,,,,,2,,,,,,,
IIS,talleres de docencia,num,,,,,,2,,,,,,,,,,,,
IIS,talleres de docencia,cap,,,,,,60,,,,,,,,,,,,
IIS,cubiculos,num,,,,,,8,,8,,,50,,,,,,,
IIS,cubiculos,cap,,,,,,16,,16,,,200,,,,,,,
IIS,cafeterias,num,,,,,,,,,,,,,,,,,,
IIS,cafeterias,cap,,,,,,,,,,,,,,,,,,
IIS,oficinas administrativas,num,,,,,,5,,6,,,,,,,,,,
IIS,oficinas administrativas,cap,,,,,,22,,14,,,,,,,,,,
Centro de Estudios Mayas,Salones de clase,num,,,,,,,,,,,,,,,,,,
Centro de Estudios Mayas,Salones de clase,cap,,,,,,,,,,,,,,,,,,
Centro de Estudios Mayas,bibliotecas,num,,,,,,,,,,,1,,,,,,,
Centro de Estudios Mayas,bibliotecas,cap,,,,,,,,,,,20,,,,,,,
Centro de Estudios Mayas,auditorios,num,,,,,,,,,,,,,,,,,,
Centro de Estudios Mayas,auditorios,cap,,,,,,,,,,,,,,,,,,
Centro de Estudios Mayas,laboratorios,num,,,,,,,,,,,,,,,,,,
Centro de Estudios Mayas,laboratorios,cap,,,,,,,,,,,,,,,,,,
Centro de Estudios Mayas,talleres de docencia,num,,,,,,,,,,,,,,,,,,
Centro de Estudios Mayas,talleres de docencia,cap,,,,,,,,,,,,,,,,,,
Centro de Estudios Mayas,cubiculos,num,,,,,,,,,,,6,,,,,,,
Centro de Estudios Mayas,cubiculos,cap,,,,,,,,,,,12,,,,,,,
Centro de Estudios Mayas,cafeterias,num,,,,,,,,,,,,,,,,,,
Centro de Estudios Mayas,cafeterias,cap,,,,,,,,,,,,,,,,,,
Centro de Estudios Mayas,oficinas administrativas,num,,,,,,,,,,,,,,,,,,
Centro de Estudios Mayas,oficinas administrativas,cap,,,,,,,,,,,,,,,,,,
IIAntropologicas,Salones de clase,num,,,,,,,,,,,,,,,,,,
IIAntropologicas,Salones de clase,cap,,,,,,,,,,,,,,,,,,
IIAntropologicas,bibliotecas,num,,,,,,,,,,,1,,,,,,,
IIAntropologicas,bibliotecas,cap,,,,,,,,,,,,,,,,,,
IIAntropologicas,auditorios,num,,,,,,,,,,,,,,,,,,
IIAntropologicas,auditorios,cap,,,,,,,,,,,,,,,,,,
IIAntropologicas,laboratorios,num,,,,,,,,,,,2,,,,,,,
IIAntropologicas,laboratorios,cap,,,,,,,,,,,6,,,,,,,
IIAntropologicas,talleres de docencia,num,,,,,,,,,,,,,,,,,,
IIAntropologicas,talleres de docencia,cap,,,,,,,,,,,,,,,,,,
IIAntropologicas,cubiculos,num,,,,,,,,,,,6,,,,,,,
IIAntropologicas,cubiculos,cap,,,,,,,,,,,12,,,,,,,
IIAntropologicas,cafeterias,num,,,,,,,,,,,,,,,,,,
IIAntropologicas,cafeterias,cap,,,,,,,,,,,,,,,,,,
IIAntropologicas,oficinas administrativas,num,,,,,,,,,,,,,,,,,,
IIAntropologicas,oficinas administrativas,cap,,,,,,,,,,,,,,,,,,
centro de estudios literarios,Salones de clase,num,,,,,,2,,2,,,,,,,,,,
centro de estudios literarios,Salones de clase,cap,,,,,,30,,30,,,,,,,,,,
centro de estudios literarios,bibliotecas,num,,,,,,1,,,,,,,,,,,,
centro de estudios literarios,bibliotecas,cap,,,,,,30,,,,,,,,,,,,
centro de estudios literarios,auditorios,num,,,,,,,,,,,,,,,,,,
centro de estudios literarios,auditorios,cap,,,,,,,,,,,,,,,,,,
centro de estudios literarios,laboratorios,num,,,,,,2,,,,,,,,,,,,
centro de estudios literarios,laboratorios,cap,,,,,,7,,,,,,,,,,,,
centro de estudios literarios,talleres de docencia,num,,,,,,,,,,,,,,,,,,
centro de estudios literarios,talleres de docencia,cap,,,,,,,,,,,,,,,,,,
centro de estudios literarios,cubiculos,num,,,,,,2,,2,,,,,,,,,,
centro de estudios literarios,cubiculos,cap,,,,,,5,,5,,,,,,,,,,
centro de estudios literarios,cafeterias,num,,,,,,,,,,,,,,,,,,
centro de estudios literarios,cafeterias,cap,,,,,,,,,,,,,,,,,,
centro de estudios literarios,oficinas administrativas,num,,,,,,1,,1,,,,,,,,,,
centro de estudios literarios,oficinas administrativas,cap,,,,,,6,,6,,,,,,,,,,
CIMAS,Salones de clase,num,,,,,,12,,12,,,3,,,,,,,
CIMAS,Salones de clase,cap,,,,,,113,,133,,,120,,,,,,,
CIMAS,bibliotecas,num,,,,,,1,,,,,1,,,,,,,
CIMAS,bibliotecas,cap,,,,,,16,,,,,20,,,,,,,
CIMAS,auditorios,num,,,,,,,,,,,,,,,,,,
CIMAS,auditorios,cap,,,,,,,,,,,,,,,,,,
CIMAS,laboratorios,num,,,,,,5,,2,,,,,,,,,,
CIMAS,laboratorios,cap,,,,,,5,,10,,,,,,,,,,
CIMAS,talleres de docencia,num,,,,,,,,,,,1,,,,,,,
CIMAS,talleres de docencia,cap,,,,,,,,,,,10,,,,,,,
CIMAS,cubiculos,num,,,,,,16,,16,,,25,,,,,,,
CIMAS,cubiculos,cap,,,,,,28,,28,,,50,,,,,,,
CIMAS,cafeterias,num,,,,,,,,1,,,,,,,,,,
CIMAS,cafeterias,cap,,,,,,,,70,,,,,,,,,,
CIMAS,oficinas administrativas,num,,,,,,16,,18,,,,,,,,,,
CIMAS,oficinas administrativas,cap,,,,,,25,,30,,,,,,,,,,
Centro de investigacion en Materiales,Salones de clase,num,,,,,,,,,,,,,,,,,,
Centro de investigacion en Materiales,Salones de clase,cap,,,,,,,,,,,,,,,,,,
Centro de investigacion en Materiales,bibliotecas,num,,,,,,,,,,,,,,,,,,
Centro de investigacion en Materiales,bibliotecas,cap,,,,,,,,,,,,,,,,,,
Centro de investigacion en Materiales,auditorios,num,,,,,,,,,,,,,,,,,,
Centro de investigacion en Materiales,auditorios,cap,,,,,,,,,,,,,,,,,,
Centro de investigacion en Materiales,laboratorios,num,,,,,,,,,,,3,,,,,,,
Centro de investigacion en Materiales,laboratorios,cap,,,,,,,,,,,6,,,,,,,
Centro de investigacion en Materiales,talleres de docencia,num,,,,,,,,,,,1,,,,,,,
Centro de investigacion en Materiales,talleres de docencia,cap,,,,,,,,,,,4,,,,,,,
Centro de investigacion en Materiales,cubiculos,num,,,,,,,,,,,9,,,,,,,
Centro de investigacion en Materiales,cubiculos,cap,,,,,,,,,,,18,,,,,,,
Centro de investigacion en Materiales,cafeterias,num,,,,,,,,,,,,,,,,,,
Centro de investigacion en Materiales,cafeterias,cap,,,,,,,,,,,,,,,,,,
Centro de investigacion en Materiales,oficinas administrativas,num,,,,,,,,,,,,,,,,,,
Centro de investigacion en Materiales,oficinas administrativas,cap,,,,,,,,,,,,,,,,,,
CEN,Salones de clase,num,,,,,,,,,,,,,,,,,,
CEN,Salones de clase,cap,,,,,,,,,,,,,,,,,,
CEN,bibliotecas,num,,,,,,,,,,,1,,,,,,,
CEN,bibliotecas,cap,,,,,,,,,,,6,,,,,,,
CEN,auditorios,num,,,,,,,,,,,,,,,,,,
CEN,auditorios,cap,,,,,,,,,,,,,,,,,,
CEN,laboratorios,num,,,,,,,,,,,2,,,,,,,
CEN,laboratorios,cap,,,,,,,,,,,16,,,,,,,
CEN,talleres de docencia,num,,,,,,,,,,,1,,,,,,,
CEN,talleres de docencia,cap,,,,,,,,,,,3,,,,,,,
CEN,cubiculos,num,,,,,,,,,,,,,,,,,,
CEN,cubiculos,cap,,,,,,,,,,,,,,,,,,
CEN,cafeterias,num,,,,,,,,,,,,,,,,,,
CEN,cafeterias,cap,,,,,,,,,,,,,,,,,,
CEN,oficinas administrativas,num,,,,,,,,,,,,,,,,,,
CEN,oficinas administrativas,cap,,,,,,,,,,,,,,,,,,
Instituto de Astronomia,Salones de clase,num,,,,,,,,,,,,,,,,,,
Instituto de Astronomia,Salones de clase,cap,,,,,,,,,,,,,,,,,,
Instituto de Astronomia,bibliotecas,num,,,,,,,,,,,1,,,,,,,
Instituto de Astronomia,bibliotecas,cap,,,,,,,,,,,20,,,,,,,
Instituto de Astronomia,auditorios,num,,,,,,,,,,,1,,,,,,,
Instituto de Astronomia,auditorios,cap,,,,,,,,,,,25,,,,,,,
Instituto de Astronomia,laboratorios,num,,,,,,,,3,,,6,,,,,,,
Instituto de Astronomia,laboratorios,cap,,,,,,,,7,,,12,,,,,,,
Instituto de Astronomia,talleres de docencia,num,,,,,,,,1,,,2,,,,,,,
Instituto de Astronomia,talleres de docencia,cap,,,,,,,,2,,,6,,,,,,,
Instituto de Astronomia,cubiculos,num,,,,,,,,12,,,26,,,,,,,
Instituto de Astronomia,cubiculos,cap,,,,,,,,62,,,48,,,,,,,
Instituto de Astronomia,cafeterias,num,,,,,,,,,,,,,,,,,,
Instituto de Astronomia,cafeterias,cap,,,,,,,,1,,,,,,,,,,
Instituto de Astronomia,oficinas administrativas,num,,,,,,,,14,,,,,,,,,,
Instituto de Astronomia,oficinas administrativas,cap,,,,,,,,34,,,,,,,,,,
Instituto de Biologia,Salones de clase,num,,,,,,,,,,,,,,,,,,
Instituto de Biologia,Salones de clase,cap,,,,,,,,,,,,,,,,,,
Instituto de Biologia,bibliotecas,num,,,,,,2,,,,,,,,,,,,
Instituto de Biologia,bibliotecas,cap,,,,,,28,,,,,,,,,,,,
Instituto de Biologia,auditorios,num,,,,,,1,,,,,,,,,,,,
Instituto de Biologia,auditorios,cap,,,,,,67,,,,,,,,,,,,
Instituto de Biologia,laboratorios,num,,,,,,18,,18,,,,,,,,,,
Instituto de Biologia,laboratorios,cap,,,,,,89,,89,,,,,,,,,,
Instituto de Biologia,talleres de docencia,num,,,,,,1,,1,,,,,,,,,,
Instituto de Biologia,talleres de docencia,cap,,,,,,6,,6,,,,,,,,,,
Instituto de Biologia,cubiculos,num,,,,,,23,,23,,,,,,,,,,
Instituto de Biologia,cubiculos,cap,,,,,,39,,39,,,,,,,,,,
Instituto de Biologia,cafeterias,num,,,,,,,,20,,,,,,,,,,
Instituto de Biologia,cafeterias,cap,,,,,,,,1,,,,,,,,,,
Instituto de Biologia,oficinas administrativas,num,,,,,,6,,8,,,,,,,,,,
Instituto de Biologia,oficinas administrativas,cap,,,,,,20,,25,,,,,,,,,,
IF,Salones de clase,num,,,,,,1,,,,,,,,,,,,
IF,Salones de clase,cap,,,,,,35,,,,,,,,,,,,
IF,bibliotecas,num,,,,,,1,,,,,,,,,,,,
IF,bibliotecas,cap,,,,,,9,,,,,,,,,,,,
IF,auditorios,num,,,,,,,,,,,,,,,,,,
IF,auditorios,cap,,,,,,,,,,,,,,,,,,
IF,laboratorios,num,,,,,,3,,9,,,,,,,,,,
IF,laboratorios,cap,,,,,,21,,28,,,,,,,,,,
IF,talleres de docencia,num,,,,,,,,1,,,,,,,,,,
IF,talleres de docencia,cap,,,,,,,,2,,,,,,,,,,
IF,cubiculos,num,,,,,,14,,14,,,,,,,,,,
IF,cubiculos,cap,,,,,,49,,49,,,,,,,,,,
IF,cafeterias,num,,,,,,,,,,,,,,,,,,
IF,cafeterias,cap,,,,,,,,,,,,,,,,,,
IF,oficinas administrativas,num,,,,,,8,,21,,,,,,,,,,
IF,oficinas administrativas,cap,,,,,,39,,106,,,,,,,,,,
Igeofisica,Salones de clase,num,,,,,,5,,,,,1,,,,,,,
Igeofisica,Salones de clase,cap,,,,,,53,,,,,50,,,,,,,
Igeofisica,bibliotecas,num,,,,,,2,,,,,1,,,,,,,
Igeofisica,bibliotecas,cap,,,,,,30,,,,,14,,,,,,,
Igeofisica,auditorios,num,,,,,,,,,,,,,,,,,,
Igeofisica,auditorios,cap,,,,,,,,,,,,,,,,,,
Igeofisica,laboratorios,num,,,,,,28,,10,,,8,,,,,,,
Igeofisica,laboratorios,cap,,,,,,58,,28,,,16,,,,,,,
Igeofisica,talleres de docencia,num,,,,,,3,,5,,,5,,,,,,,
Igeofisica,talleres de docencia,cap,,,,,,12,,12,,,15,,,,,,,
Igeofisica,cubiculos,num,,,,,,25,,25,,,67,,,,,,,
Igeofisica,cubiculos,cap,,,,,,83,,83,,,154,,,,,,,
Igeofisica,cafeterias,num,,,,,,,,,,,,,,,,,,
Igeofisica,cafeterias,cap,,,,,,,,,,,,,,,,,,
Igeofisica,oficinas administrativas,num,,,,,,12,,36,,,,,,,,,,
Igeofisica,oficinas administrativas,cap,,,,,,29,,127,,,,,,,,,,
Igeografia,Salones de clase,num,,,,,,7,,1,,,1,,,,,,,
Igeografia,Salones de clase,cap,,,,,,12,,30,,,36,,,,,,,
Igeografia,bibliotecas,num,,,,,,,,,,,1,,,,,,,
Igeografia,bibliotecas,cap,,,,,,,,,,,20,,,,,,,
Igeografia,auditorios,num,,,,,,,,,,,,,,,,,,
Igeografia,auditorios,cap,,,,,,,,,,,,,,,,,,
Igeografia,laboratorios,num,,,,,,14,,,,,2,,,,,,,
Igeografia,laboratorios,cap,,,,,,47,,,,,5,,,,,,,
Igeografia,talleres de docencia,num,,,,,,13,,,,,,,,,,,,
Igeografia,talleres de docencia,cap,,,,,,32,,,,,,,,,,,,
Igeografia,cubiculos,num,,,,,,11,,11,,,23,,,,,,,
Igeografia,cubiculos,cap,,,,,,22,,21,,,44,,,,,,,
Igeografia,cafeterias,num,,,,,,,,,,,,,,,,,,
Igeografia,cafeterias,cap,,,,,,,,,,,,,,,,,,
Igeografia,oficinas administrativas,num,,,,,,3,,9,,,,,,,,,,
Igeografia,oficinas administrativas,cap,,,,,,6,,47,,,,,,,,,,
Igeologia,Salones de clase,num,,,,,,5,,5,,,1,,,,,,,
Igeologia,Salones de clase,cap,,,,,,53,,23,,,34,,,,,,,
Igeologia,bibliotecas,num,,,,,,,,,,,1,,,,,,,
Igeologia,bibliotecas,cap,,,,,,,,,,,36,,,,,,,
Igeologia,auditorios,num,,,,,,,,,,,,,,,,,,
Igeologia,auditorios,cap,,,,,,,,,,,,,,,,,,
Igeologia,laboratorios,num,,,,,,,,30,,,27,,,,,,,
Igeologia,laboratorios,cap,,,,,,,,60,,,40,,,,,,,
Igeologia,talleres de docencia,num,,,,,,,,2,,,2,,,,,,,
Igeologia,talleres de docencia,cap,,,,,,,,30,,,6,,,,,,,
Igeologia,cubiculos,num,,,,,,40,,40,,,27,,,,,,,
Igeologia,cubiculos,cap,,,,,,78,,78,,,54,,,,,,,
Igeologia,cafeterias,num,,,,,,,,1,,,,,,,,,,
Igeologia,cafeterias,cap,,,,,,,,14,,,,,,,,,,
Igeologia,oficinas administrativas,num,,,,,,6,,12,,,,,,,,,,
Igeologia,oficinas administrativas,cap,,,,,,22,,29,,,,,,,,,,
Centro de Docencia en Investigación de Ciencias de la Tierra,Salones de clase,num,,,,,,,,,,,,,,,,,,
Centro de Docencia en Investigación de Ciencias de la Tierra,Salones de clase,cap,,,,,,,,,,,,,,,,,,
Centro de Docencia en Investigación de Ciencias de la Tierra,bibliotecas,num,,,,,,,,,,,,,,,,,,
Centro de Docencia en Investigación de Ciencias de la Tierra,bibliotecas,cap,,,,,,,,,,,,,,,,,,
Centro de Docencia en Investigación de Ciencias de la Tierra,auditorios,num,,,,,,,,,,,,,,,,,,
Centro de Docencia en Investigación de Ciencias de la Tierra,auditorios,cap,,,,,,,,,,,,,,,,,,
Centro de Docencia en Investigación de Ciencias de la Tierra,laboratorios,num,,,,,,,,,,,,,,,,,,
Centro de Docencia en Investigación de Ciencias de la Tierra,laboratorios,cap,,,,,,,,,,,,,,,,,,
Centro de Docencia en Investigación de Ciencias de la Tierra,talleres de docencia,num,,,,,,,,,,,1,,,,,,,
Centro de Docencia en Investigación de Ciencias de la Tierra,talleres de docencia,cap,,,,,,,,,,,,,,,,,,
Centro de Docencia en Investigación de Ciencias de la Tierra,cubiculos,num,,,,,,,,,,,4,,,,,,,
Centro de Docencia en Investigación de Ciencias de la Tierra,cubiculos,cap,,,,,,,,,,,8,,,,,,,
Centro de Docencia en Investigación de Ciencias de la Tierra,cafeterias,num,,,,,,,,,,,,,,,,,,
Centro de Docencia en Investigación de Ciencias de la Tierra,cafeterias,cap,,,,,,,,,,,,,,,,,,
Centro de Docencia en Investigación de Ciencias de la Tierra,oficinas administrativas,num,,,,,,,,,,,,,,,,,,
Centro de Docencia en Investigación de Ciencias de la Tierra,oficinas administrativas,cap,,,,,,,,,,,,,,,,,,
IEMB,Salones de clase,num,,,,,,1,,,,,,,,,,,,
IEMB,Salones de clase,cap,,,,,,44,,,,,,,,,,,,
IEMB,bibliotecas,num,,,,,,1,,,,,1,,,,,,,
IEMB,bibliotecas,cap,,,,,,16,,,,,10,,,,,,,
IEMB,auditorios,num,,,,,,,,,,,1,,,,,,,
IEMB,auditorios,cap,,,,,,,,,,,,,,,,,,
IEMB,laboratorios,num,,,,,,10,,18,,,25,,,,,,,
IEMB,laboratorios,cap,,,,,,28,,100,,,60,,,,,,,
IEMB,talleres de docencia,num,,,,,,5,,1,,,1,,,,,,,
IEMB,talleres de docencia,cap,,,,,,20,,2,,,3,,,,,,,
IEMB,cubiculos,num,,,,,,,,,,,26,,,,,,,
IEMB,cubiculos,cap,,,,,,,,,,,26,,,,,,,
IEMB,cafeterias,num,,,,,,,,22,,,,,,,,,,
IEMB,cafeterias,cap,,,,,,,,,,,,,,,,,,
IEMB,oficinas administrativas,num,,,,,,36,,6,,,,,,,,,,
IEMB,oficinas administrativas,cap,,,,,,127,,20,,,,,,,,,,
IM,Salones de clase,num,,,,,,1,,,,,,,,,,,,
IM,Salones de clase,cap,,,,,,40,,,,,,,,,,,,
IM,bibliotecas,num,,,,,,1,,,,,1,,,,,,,
IM,bibliotecas,cap,,,,,,24,,,,,24,,,,,,,
IM,auditorios,num,,,,,,,,,,,,,,,,,,
IM,auditorios,cap,,,,,,,,,,,,,,,,,,
IM,laboratorios,num,,,,,,3,,,,,,,,,,,,
IM,laboratorios,cap,,,,,,3,,,,,,,,,,,,
IM,talleres de docencia,num,,,,,,,,1,,,,,,,,,,
IM,talleres de docencia,cap,,,,,,,,30,,,,,,,,,,
IM,cubiculos,num,,,,,,18,,18,,,20,,,,,,,
IM,cubiculos,cap,,,,,,48,,148,,,28,,,,,,,
IM,cafeterias,num,,,,,,,,,,,,,,,,,,
IM,cafeterias,cap,,,,,,,,,,,,,,,,,,
IM,oficinas administrativas,num,,,,,,9,,8,,,,,,,,,,
IM,oficinas administrativas,cap,,,,,,15,,42,,,,,,,,,,
IQ,Salones de clase,num,,,,,,,,1,,,1,,,,,,,
IQ,Salones de clase,cap,,,,,,,,35,,,45,,,,,,,
IQ,bibliotecas,num,,,,,,1,,,,,1,,,,,,,
IQ,bibliotecas,cap,,,,,,514,,,,,40,,,,,,,
IQ,auditorios,num,,,,,,,,,,,,,,,,,,
IQ,auditorios,cap,,,,,,,,,,,,,,,,,,
IQ,laboratorios,num,,,,,,1,,14,,,10,,,,,,,
IQ,laboratorios,cap,,,,,,4,,58,,,57,,,,,,,
IQ,talleres de docencia,num,,,,,,4,,2,,,2,,,,,,,
IQ,talleres de docencia,cap,,,,,,12,,3,,,20,,,,,,,
IQ,cubiculos,num,,,,,,3,,,,,,,,,,,,
IQ,cubiculos,cap,,,,,,5,,,,,,,,,,,,
IQ,cafeterias,num,,,,,,,,,,,,,,,,,,
IQ,cafeterias,cap,,,,,,,,,,,,,,,,,,
IQ,oficinas administrativas,num,,,,,,12,,5,,,,,,,,,,
IQ,oficinas administrativas,cap,,,,,,113,,22,,,,,,,,,,
II,Salones de clase,num,,,,,,7,,1,,,,,,,,,,
II,Salones de clase,cap,,,,,,12,,12,,,,,,,,,,
II,bibliotecas,num,,,,,,1,,,,,,,,,,,,
II,bibliotecas,cap,,,,,,8,,,,,,,,,,,,
II,auditorios,num,,,,,,,,,,,,,,,,,,
II,auditorios,cap,,,,,,,,,,,,,,,,,,
II,laboratorios,num,,,,9,,1,,14,,,,,,,,,,
II,laboratorios,cap,,,,,,4,,47,,,,,,,,,,
II,talleres de docencia,num,,,,2,,,,13,,,,,,,,,,
II,talleres de docencia,cap,,,,,,,,32,,,,,,,,,,
II,cubiculos,num,,,,34,,22,,22,,,,,,,,,,
II,cubiculos,cap,,,,68,,54,,54,,,,,,,,,,
II,cafeterias,num,,,,,,,,,,,,,,,,,,
II,cafeterias,cap,,,,,,,,,,,,,,,,,,
II,oficinas administrativas,num,,,,,,3,,3,,,,,,,,,,
II,oficinas administrativas,cap,,,,,,5,,6,,,,,,,,,,
OAN,Salones de clase,num,,,,,,,,,,,,,,,,,,
OAN,Salones de clase,cap,,,,,,,,,,,,,,,,,,
OAN,bibliotecas,num,,,,,,1,,,,,,,,,,,,
OAN,bibliotecas,cap,,,,,,720,,,,,,,,,,,,
OAN,auditorios,num,,,,,,,,,,,,,,,,,,
OAN,auditorios,cap,,,,,,,,,,,,,,,,,,
OAN,laboratorios,num,,,,,,2,,,,,,,,,,,,
OAN,laboratorios,cap,,,,,,4,,,,,,,,,,,,
OAN,talleres de docencia,num,,,,,,,,,,,,,,,,,,
OAN,talleres de docencia,cap,,,,,,,,,,,,,,,,,,
OAN,cubiculos,num,,,,,,12,,,,,,,,,,,,
OAN,cubiculos,cap,,,,,,46,,,,,,,,,,,,
OAN,cafeterias,num,,,,,,,,,,,,,,,,,,
OAN,cafeterias,cap,,,,,,,,,,,,,,,,,,
OAN,oficinas administrativas,num,,,,,,,,,,,,,,,,,,
OAN,oficinas administrativas,cap,,,,,,,,,,,,,,,,,,
CELE,Salones de clase,num,,,,,,4,,4,,,4,,,,,,,
CELE,Salones de clase,cap,,,,,,93,,93,,,100,,,,,,,
CELE,bibliotecas,num,,,,,,,,,,,,,,,,,,
CELE,bibliotecas,cap,,,,,,,,,,,,,,,,,,
CELE,auditorios,num,,,,,,1,,,,,,,,,,,,
CELE,auditorios,cap,,,,,,60,,,,,,,,,,,,
CELE,laboratorios,num,,,,,,4,,,,,4,,,,,,,
CELE,laboratorios,cap,,,,,,125,,,,,125,,,,,,,
CELE,talleres de docencia,num,,,,,,,,,,,,,,,,,,
CELE,talleres de docencia,cap,,,,,,,,,,,,,,,,,,
CELE,cubiculos,num,,,,,,3,,3,,,3,,,,,,,
CELE,cubiculos,cap,,,,,,6,,4,,,6,,,,,,,
CELE,cafeterias,num,,,,,,,,,,,,,,,,,,
CELE,cafeterias,cap,,,,,,,,,,,,,,,,,,
CELE,oficinas administrativas,num,,,,,,9,,9,,,,,,,,,,
CELE,oficinas administrativas,cap,,,,,,23,,23,,,,,,,,,,
CUEC,Salones de clase,num,,,,,,,,3,,,,,,,,,,
CUEC,Salones de clase,cap,,,,,,,,20,,,,,,,,,,
CUEC,bibliotecas,num,,,,,,,,1,,,,,,,,,,
CUEC,bibliotecas,cap,,,,,,,,10,,,,,,,,,,
CUEC,auditorios,num,,,,,,,,,,,,,,,,,,
CUEC,auditorios,cap,,,,,,,,,,,,,,,,,,
CUEC,laboratorios,num,,,,,,,,1,,,,,,,,,,
CUEC,laboratorios,cap,,,,,,,,6,,,,,,,,,,
CUEC,talleres de docencia,num,,,,,,,,1,,,,,,,,,,
CUEC,talleres de docencia,cap,,,,,,,,6,,,,,,,,,,
CUEC,cubiculos,num,,,,,,,,,,,,,,,,,,
CUEC,cubiculos,cap,,,,,,,,,,,,,,,,,,
CUEC,cafeterias,num,,,,,,,,1,,,,,,,,,,
CUEC,cafeterias,cap,,,,,,,,10,,,,,,,,,,
CUEC,oficinas administrativas,num,,,,,,,,2,,,,,,,,,,
CUEC,oficinas administrativas,cap,,,,,,,,14,,,,,,,,,,
