general,year,num_Salones_de_clase,cap_Salones_de_clase,num_bibliotecas,cap_bibliotecas,num_auditorios,cap_auditorios,num_laboratorios,cap_laboratorios,num_talleres_de_docencia,cap_talleres_de_docencia,num_cubiculos,cap_cubiculos,num_cafeterias,cap_cafeterias,num_oficinas_administrativas,cap_oficinas_administrativas
enap,1962,16,461,1,50,1,110,1,10,43,1086,5,69,0,0,4,13
enap,1963,16,461,1,50,1,110,1,10,38,963,5,69,0,0,4,13
enap,1964,16,461,1,50,1,110,1,10,38,963,5,69,0,0,4,13
enap,1965,16,461,1,50,1,110,1,10,38,963,5,69,0,0,4,13
enap,1966,10,346,1,51,1,130,2,21,26,726,5,69,0,0,4,13
enap,1967,5,230,1,52,1,149,2,33,13,490,5,69,0,0,4,13
enap,1968,26,654,1,52,1,169,3,44,13,348,5,69,0,0,4,13
enap,1969,47,1078,1,52,2,188,3,56,13,205,5,69,0,0,4,13
enap,1970,47,1078,1,52,2,208,4,67,58,205,5,69,0,0,4,13
enap,1971,47,1078,1,52,2,227,4,79,103,205,5,69,0,0,4,13
enap,1972,21,620,2,170,2,247,5,90,38,400,2,4,0,0,4,13
enap,1973,21,620,2,154,2,247,5,128,38,494,2,4,0,0,4,13
enap,1974,21,620,2,138,2,247,5,165,38,588,2,4,0,0,4,13
enap,1975,22,528,2,121,2,247,14,202,49,681,2,4,0,0,4,13
enap,1976,14,690,2,105,2,247,8,240,31,775,2,4,0,0,4,13
enap,1977,14,602,1,45,2,247,2,50,25,450,2,4,0,0,4,13
enap,1978,12,560,2,170,2,247,9,220,31,950,2,4,0,0,4,13
enap,1979,12,560,2,170,2,247,9,220,31,950,2,4,0,0,4,13
enap,1980,12,560,2,170,2,247,9,220,31,950,2,4,0,0,4,13
facultad de arquitectura,1962,50,2600,1,70,1,463,1,32,3,242,26,40,1,56,16,47
facultad de arquitectura,1963,50,3140,1,76,1,464,1,32,3,200,26,40,1,56,16,47
facultad de arquitectura,1964,50,3140,1,76,1,464,1,32,3,200,26,40,1,56,16,47
facultad de arquitectura,1965,50,3140,1,76,1,464,1,32,3,200,26,40,1,56,16,47
facultad de arquitectura,1966,34,2296,1,58,1,460,1,32,10,427,26,40,1,56,16,47
facultad de arquitectura,1967,17,1453,1,40,1,456,1,32,18,654,26,40,1,56,16,47
facultad de arquitectura,1968,47,3592,2,40,1,457,1,32,18,654,28,49,1,56,18,72
facultad de arquitectura,1969,77,5730,2,40,1,458,1,32,18,654,31,58,1,56,20,98
facultad de arquitectura,1970,77,5730,2,40,1,458,1,32,18,654,31,58,1,56,20,98
facultad de arquitectura,1971,77,5730,2,40,1,458,1,32,18,654,31,58,1,56,20,98
facultad de arquitectura,1972,89,2370,2,170,1,450,4,120,4,120,30,30,1,56,20,98
facultad de arquitectura,1973,79,6105,2,180,1,450,6,124,8,486,30,30,1,56,20,98
facultad de arquitectura,1974,79,6105,3,191,1,450,6,128,8,852,30,30,1,56,20,98
facultad de arquitectura,1975,46,5192,4,202,1,450,1,131,8,1217,30,30,1,56,20,98
facultad de arquitectura,1976,45,2076,4,212,1,450,7,135,15,1583,30,30,1,56,20,98
facultad de arquitectura,1977,54,2161,4,212,1,450,7,135,15,1583,30,30,1,56,20,98
facultad de arquitectura,1978,45,1557,2,92,1,450,6,114,18,1351,30,30,1,56,20,98
facultad de arquitectura,1979,91,3157,4,176,1,450,1,15,5,40,30,30,1,56,20,98
facultad de arquitectura,1980,91,3157,4,176,1,450,1,15,5,40,30,30,1,56,20,98
eneo,1962,6,334,1,28,1,50,3,200,1,2,1,1,1,50,8,23
eneo,1963,6,371,1,30,1,50,3,108,1,2,1,1,1,50,8,23
eneo,1964,6,371,1,30,1,50,3,108,1,2,1,1,1,50,8,23
eneo,1965,6,371,1,30,1,50,3,108,1,2,1,1,1,50,8,23
eneo,1966,6,296,1,35,1,65,2,114,1,2,1,1,1,52,8,23
eneo,1967,5,220,1,40,1,80,2,120,1,2,1,1,1,55,8,23
eneo,1968,5,220,1,44,1,85,3,146,1,2,1,1,1,58,9,30
eneo,1969,5,220,1,49,1,90,4,172,1,2,1,1,1,60,10,38
eneo,1970,9,470,1,49,1,95,5,212,1,2,2,6,1,60,10,38
eneo,1971,13,719,1,49,1,100,6,252,1,2,2,10,1,60,10,38
eneo,1972,13,715,1,80,1,120,5,250,1,2,1,3,1,60,10,38
eneo,1973,13,715,1,70,1,120,5,275,1,2,1,3,1,60,10,38
eneo,1974,13,715,1,60,1,120,5,300,1,2,1,3,1,60,10,38
eneo,1975,13,715,1,50,1,120,6,325,1,2,1,3,1,60,10,38
eneo,1976,20,1000,1,40,1,120,5,350,1,2,1,3,1,60,10,38
eneo,1977,19,1114,1,40,1,120,5,300,1,2,1,3,1,60,10,38
eneo,1978,20,1200,1,50,1,120,5,300,1,2,1,3,1,60,10,38
eneo,1979,20,1200,1,50,1,120,5,300,1,2,1,3,1,60,10,38
eneo,1980,20,1200,1,50,1,120,5,300,1,2,1,3,1,60,10,38
escuela nacional de musica,1962,25,423,1,30,1,119,2,10,1,2,2,4,0,0,4,18
escuela nacional de musica,1963,26,430,1,30,1,107,2,10,1,2,2,4,0,0,4,18
escuela nacional de musica,1964,26,430,1,30,1,107,2,10,1,2,2,4,0,0,4,18
escuela nacional de musica,1965,26,430,1,30,1,107,2,10,1,2,2,4,0,0,4,18
escuela nacional de musica,1966,28,584,1,35,1,150,2,10,1,2,2,4,0,0,4,18
escuela nacional de musica,1967,30,738,1,40,1,194,2,10,1,2,2,4,0,0,4,18
escuela nacional de musica,1968,34,899,1,43,1,197,2,7,1,2,2,4,0,0,4,22
escuela nacional de musica,1969,37,1060,1,46,1,200,1,4,1,2,2,3,0,0,4,26
escuela nacional de musica,1970,37,1060,1,46,1,200,2,7,1,2,2,3,0,0,4,26
escuela nacional de musica,1971,37,1060,1,46,1,200,2,10,1,2,2,3,0,0,4,26
escuela nacional de musica,1972,38,760,1,30,2,1000,1,70,1,2,3,6,0,0,4,26
escuela nacional de musica,1973,37,760,1,32,2,1000,1,54,1,2,3,6,0,0,4,26
escuela nacional de musica,1974,37,760,1,35,2,1000,1,38,1,2,3,6,0,0,4,26
escuela nacional de musica,1975,37,760,1,38,2,1000,1,21,1,2,3,6,0,0,4,26
escuela nacional de musica,1976,62,800,1,40,2,1000,1,5,1,2,3,6,0,0,4,26
escuela nacional de musica,1977,49,321,1,40,2,1000,2,20,2,52,3,6,0,0,4,26
escuela nacional de musica,1978,49,880,1,30,2,1000,1,10,3,60,3,6,0,0,4,26
escuela nacional de musica,1979,49,880,1,30,2,1000,1,10,3,60,3,6,0,0,4,26
escuela nacional de musica,1980,49,880,1,30,2,1000,1,10,3,60,3,6,0,0,4,26
ents,1974,6,360,1,65,0,0,1,2,1,60,0,0,0,0,0,0
ents,1975,6,367,1,65,0,0,1,2,1,60,0,0,0,0,0,0
ents,1976,6,330,1,65,0,0,1,40,1,60,0,0,0,0,0,0
ents,1977,6,330,1,72,0,0,1,40,1,60,0,0,0,0,0,0
ents,1978,6,360,1,200,0,0,1,40,2,93,0,0,0,0,0,0
ents,1979,6,360,1,200,0,0,1,40,2,93,0,0,0,0,0,0
ents,1980,6,360,1,200,0,0,1,40,2,93,0,0,0,0,0,0
facultad de ciencias,1962,26,1002,1,61,2,473,21,74,3,60,6,96,1,32,12,45
facultad de ciencias,1963,26,1206,1,132,2,502,24,944,3,50,15,64,1,32,12,45
facultad de ciencias,1964,26,1206,1,132,2,502,24,944,3,41,15,64,1,32,12,45
facultad de ciencias,1965,26,1206,1,132,2,502,24,944,2,31,15,64,1,32,12,45
facultad de ciencias,1966,26,1233,2,148,2,490,33,746,2,22,20,57,1,56,12,45
facultad de ciencias,1967,26,1260,2,164,1,478,42,548,2,12,24,50,1,80,12,45
facultad de ciencias,1968,26,1254,2,169,1,445,42,548,2,12,26,55,1,80,12,45
facultad de ciencias,1969,26,1248,3,174,1,412,42,548,2,13,28,60,1,80,12,45
facultad de ciencias,1970,26,1248,2,174,1,412,42,548,2,13,28,60,1,80,12,45
facultad de ciencias,1971,26,1248,2,174,1,412,42,548,2,14,28,60,1,80,12,45
facultad de ciencias,1972,31,1481,1,250,1,400,24,1200,2,14,43,33,1,80,12,45
facultad de ciencias,1973,31,1481,1,262,1,400,24,1278,3,14,43,33,1,80,12,45
facultad de ciencias,1974,25,1557,1,275,1,400,36,1356,4,14,43,33,1,80,12,45
facultad de ciencias,1975,45,1557,1,288,1,400,49,1434,5,13,43,33,1,80,12,45
facultad de ciencias,1976,47,2921,1,300,1,400,51,1512,1,13,43,33,1,80,12,45
facultad de ciencias,1977,86,3300,1,304,1,400,43,1089,2,16,43,33,1,80,12,45
facultad de ciencias,1978,55,2267,3,328,1,400,78,1943,2,20,43,33,1,80,12,45
facultad de ciencias,1979,53,2152,4,275,1,400,105,3150,2,30,43,33,1,80,12,45
facultad de ciencias,1980,53,2152,4,275,1,400,105,3150,2,30,43,33,1,80,12,45
fcpys,1962,14,810,1,33,0,0,1,27,2,70,10,10,1,40,12,69
fcpys,1963,14,833,1,36,0,0,1,60,2,70,10,10,1,40,12,69
fcpys,1964,14,833,1,36,0,0,1,60,2,70,10,10,1,40,12,69
fcpys,1965,14,833,1,36,0,0,1,60,2,70,10,10,1,40,12,69
fcpys,1966,14,818,1,53,0,0,1,44,2,70,12,22,1,50,12,69
fcpys,1967,14,804,1,70,0,0,1,29,2,70,15,35,1,60,12,69
fcpys,1968,14,840,1,70,0,0,1,30,2,70,15,35,1,40,12,69
fcpys,1969,14,876,1,71,0,0,1,31,2,70,15,35,1,20,12,69
fcpys,1970,14,876,1,71,0,0,1,32,2,70,15,35,1,20,12,69
fcpys,1971,14,876,1,71,0,0,1,33,2,70,15,35,1,20,12,69
fcpys,1972,35,2622,1,200,0,0,1,34,2,70,29,58,1,20,12,69
fcpys,1973,25,1557,1,178,0,0,1,35,2,80,29,58,1,20,12,69
fcpys,1974,25,1557,1,155,0,0,1,36,2,89,29,58,1,20,12,69
fcpys,1975,25,1557,1,132,0,0,1,37,2,98,29,58,1,20,12,69
fcpys,1976,35,2672,1,110,0,0,1,38,2,108,29,58,1,20,12,69
fcpys,1977,37,2608,2,180,0,0,1,39,1,60,29,58,1,20,12,69
fcpys,1978,35,2496,1,200,0,0,1,40,2,80,29,58,1,20,12,69
fcpys,1979,35,2304,1,284,0,0,1,40,3,98,29,58,1,20,12,69
fcpys,1980,35,2304,1,284,0,0,1,40,3,98,29,58,1,20,12,69
facultad de contaduria y administracion,1962,48,3305,1,100,1,222,2,45,1,2,4,7,1,35,23,104
facultad de contaduria y administracion,1963,48,3400,1,144,1,240,2,45,1,2,4,7,1,35,23,104
facultad de contaduria y administracion,1964,48,3400,1,144,1,240,2,45,1,2,4,7,1,35,23,104
facultad de contaduria y administracion,1965,49,3579,1,92,1,250,2,45,1,2,4,7,1,40,23,104
facultad de contaduria y administracion,1966,54,3800,2,149,1,227,2,45,1,2,8,16,1,50,23,104
facultad de contaduria y administracion,1967,58,4021,2,206,1,204,2,45,1,2,12,24,1,60,23,104
facultad de contaduria y administracion,1968,86,5880,2,284,1,208,2,45,1,2,22,60,2,160,23,104
facultad de contaduria y administracion,1969,114,7740,2,362,1,212,2,45,1,2,33,95,2,260,23,104
facultad de contaduria y administracion,1970,112,7731,2,362,1,216,2,45,1,2,33,95,2,260,23,104
facultad de contaduria y administracion,1971,110,7722,2,362,1,220,2,45,1,2,33,95,2,260,23,104
facultad de contaduria y administracion,1972,68,4560,3,314,1,600,2,45,1,2,38,76,2,260,23,104
facultad de contaduria y administracion,1973,71,4680,2,323,1,600,2,45,1,2,38,76,2,260,23,104
facultad de contaduria y administracion,1974,71,4680,2,332,1,600,2,45,2,2,38,76,2,260,23,104
facultad de contaduria y administracion,1975,88,4680,2,341,1,600,2,45,2,2,38,76,2,260,23,104
facultad de contaduria y administracion,1976,86,6000,1,350,1,600,1,45,2,2,38,76,2,260,23,104
facultad de contaduria y administracion,1977,76,5768,1,350,1,600,1,20,2,2,38,76,2,260,23,104
facultad de contaduria y administracion,1978,76,5920,2,268,1,600,1,20,2,2,38,76,2,260,23,104
facultad de contaduria y administracion,1979,78,7410,1,300,1,600,1,20,2,2,38,76,2,260,23,104
facultad de contaduria y administracion,1980,78,7410,1,300,1,600,1,20,2,2,38,76,2,260,23,104
facultad de derecho,1962,33,2940,1,195,1,214,9,260,1,0,6,22,1,120,12,108
facultad de derecho,1963,50,3490,1,262,1,208,8,235,1,0,6,22,1,120,12,108
facultad de derecho,1964,50,3490,1,262,1,208,7,210,1,0,6,22,1,120,12,108
facultad de derecho,1965,50,3490,1,262,1,208,7,185,1,0,6,22,1,120,12,108
facultad de derecho,1966,46,2954,2,196,2,338,6,160,1,0,6,22,1,105,12,108
facultad de derecho,1967,41,2417,2,130,2,469,5,135,1,0,6,22,1,90,12,108
facultad de derecho,1968,42,2417,2,170,3,527,4,110,1,0,6,22,1,145,12,108
facultad de derecho,1969,44,2417,2,210,4,585,3,85,1,0,6,21,1,200,12,108
facultad de derecho,1970,46,2936,2,210,3,534,3,60,1,0,6,26,1,200,12,108
facultad de derecho,1971,48,3454,2,210,2,483,2,35,1,0,6,31,1,200,12,108
facultad de derecho,1972,65,5200,1,154,2,400,1,10,1,0,43,33,1,200,12,108
facultad de derecho,1973,54,3979,5,216,2,400,3,17,1,0,43,33,1,200,12,108
facultad de derecho,1974,54,3979,8,277,2,400,4,24,1,0,43,33,1,200,12,108
facultad de derecho,1975,71,3979,12,338,2,400,6,31,1,0,43,33,1,200,12,108
facultad de derecho,1976,70,5182,16,400,2,400,1,38,1,0,43,33,1,200,12,108
facultad de derecho,1977,66,5044,16,400,2,400,2,60,1,0,43,33,1,200,12,108
facultad de derecho,1978,71,5461,16,478,2,400,1,37,1,0,43,33,1,200,12,108
facultad de derecho,1979,70,5388,16,585,2,400,1,36,1,0,43,33,1,200,12,108
facultad de derecho,1980,70,5388,16,585,2,400,1,36,1,0,43,33,1,200,12,108
facultad de economia,1962,20,1302,1,112,1,224,1,31,3,0,10,10,1,65,18,112
facultad de economia,1963,21,1333,1,120,1,224,1,30,3,0,10,10,1,65,18,112
facultad de economia,1964,21,1333,1,120,1,224,1,30,3,0,10,10,1,65,18,112
facultad de economia,1965,23,1576,1,200,1,224,1,12,3,0,10,10,1,32,18,112
facultad de economia,1966,22,1630,1,190,1,224,1,12,3,0,14,24,1,34,18,112
facultad de economia,1967,20,1684,1,180,1,224,1,13,3,0,18,38,1,36,18,112
facultad de economia,1968,22,1788,1,180,1,228,1,14,3,0,20,48,1,36,18,112
facultad de economia,1969,23,1892,1,180,1,233,1,14,3,0,21,59,1,36,18,112
facultad de economia,1970,26,1892,2,190,1,233,1,21,3,0,28,70,1,36,18,112
facultad de economia,1971,28,1892,2,200,1,233,1,28,3,0,36,80,1,36,18,112
facultad de economia,1972,37,1943,2,160,1,240,1,37,3,0,12,24,1,36,18,112
facultad de economia,1973,37,1943,2,164,1,240,1,45,3,0,12,24,1,36,18,112
facultad de economia,1974,37,1943,2,168,1,240,1,54,3,0,12,24,1,36,18,112
facultad de economia,1975,37,1943,1,171,1,240,1,62,3,0,12,24,1,36,18,112
facultad de economia,1976,46,3019,1,175,1,240,1,71,3,0,12,24,1,36,18,112
facultad de economia,1977,45,2480,1,144,1,240,2,80,3,0,12,24,1,36,18,112
facultad de economia,1978,53,3253,2,141,1,240,2,88,3,0,12,24,1,36,18,112
facultad de economia,1979,47,3048,2,110,1,240,2,97,3,0,12,24,1,36,18,112
facultad de economia,1980,47,3048,2,110,1,240,2,97,3,0,12,24,1,36,18,112
ffyl,1962,30,1844,2,76,2,830,5,153,6,115,31,150,1,96,19,77
ffyl,1963,28,1800,2,120,2,830,15,50,4,80,31,42,1,96,19,77
ffyl,1964,28,1800,2,120,2,830,15,50,4,80,31,42,1,96,19,77
ffyl,1965,28,1800,2,120,2,830,15,50,4,80,31,42,1,96,19,77
ffyl,1966,28,1710,2,110,2,782,10,48,5,87,20,33,1,86,19,77
ffyl,1967,29,1620,3,100,1,735,6,46,6,94,8,24,1,76,19,77
ffyl,1968,31,1658,2,75,1,794,14,252,7,101,18,26,1,106,19,77
ffyl,1969,33,1696,1,50,1,853,22,457,8,108,29,29,1,136,19,77
ffyl,1970,52,2825,10,290,2,976,14,317,7,102,27,168,1,136,19,77
ffyl,1971,71,3954,19,529,4,1100,6,177,6,97,25,308,1,136,19,77
ffyl,1972,43,3568,2,120,2,742,5,50,5,91,13,26,1,136,19,77
ffyl,1973,83,5568,4,122,2,742,9,62,5,86,13,26,1,136,19,77
ffyl,1974,83,5568,5,125,2,742,9,75,4,80,13,26,1,136,19,77
ffyl,1975,83,5568,6,128,2,742,9,88,3,75,13,26,1,136,19,77
ffyl,1976,78,2660,8,130,2,742,5,100,2,69,13,26,1,136,19,77
ffyl,1977,58,2690,2,120,2,742,3,250,2,100,13,26,1,136,19,77
ffyl,1978,66,2679,3,106,2,742,2,80,8,55,13,26,1,136,19,77
ffyl,1979,48,998,9,194,2,742,1,50,14,10,13,26,1,136,19,77
ffyl,1980,48,998,9,194,2,742,1,50,14,10,13,26,1,136,19,77
facultad de ingenieria,1962,56,4369,1,126,1,402,4,134,3,150,12,12,1,60,36,171
facultad de ingenieria,1963,56,5370,1,125,1,408,1,300,3,90,12,12,1,60,36,171
facultad de ingenieria,1964,56,5370,1,125,1,408,1,300,3,90,12,12,1,60,36,171
facultad de ingenieria,1965,86,7330,3,165,2,512,13,360,8,90,54,88,1,60,36,171
facultad de ingenieria,1966,92,7215,2,152,2,464,8,208,8,110,34,58,2,78,36,171
facultad de ingenieria,1967,97,7100,2,140,1,417,4,56,8,130,13,28,2,96,36,171
facultad de ingenieria,1968,101,7246,2,170,1,417,10,270,8,135,20,36,2,96,36,171
facultad de ingenieria,1969,106,7393,2,200,1,417,16,483,8,140,28,44,2,96,36,171
facultad de ingenieria,1970,110,7540,2,230,2,568,23,696,8,145,36,53,2,96,36,171
facultad de ingenieria,1971,114,7686,2,260,2,718,29,910,8,150,43,61,2,96,36,171
facultad de ingenieria,1972,122,8125,3,620,3,840,27,932,8,155,100,180,2,96,36,171
facultad de ingenieria,1973,106,7565,3,629,3,840,25,1026,8,168,100,180,2,96,36,171
facultad de ingenieria,1974,106,7565,2,638,3,840,25,1120,8,180,100,180,2,96,36,171
facultad de ingenieria,1975,129,7565,2,647,3,840,25,1213,8,192,100,180,2,96,36,171
facultad de ingenieria,1976,108,9061,2,656,3,840,26,1307,9,205,100,180,2,96,36,171
facultad de ingenieria,1977,114,6961,2,800,3,840,33,1387,1,20,100,180,2,96,36,171
facultad de ingenieria,1978,133,6910,3,705,3,840,40,770,2,80,100,180,2,96,36,171
facultad de ingenieria,1979,133,6910,3,705,3,840,40,770,2,80,100,180,2,96,36,171
facultad de ingenieria,1980,133,6910,3,705,3,840,40,770,2,80,100,180,2,96,36,171
facultad de medicina,1962,25,2956,4,355,3,1324,89,6000,3,15,18,190,1,256,48,154
facultad de medicina,1963,39,2600,4,300,3,1324,89,2000,3,15,18,13,1,256,48,154
facultad de medicina,1964,39,2600,4,300,3,1324,89,2000,3,15,18,18,1,256,48,154
facultad de medicina,1965,39,2600,4,300,3,1324,89,2000,3,15,18,18,1,256,48,154
facultad de medicina,1966,40,3165,4,240,3,1337,93,1580,3,12,15,23,2,208,48,154
facultad de medicina,1967,42,3730,5,180,3,1350,97,1160,3,10,12,28,2,160,48,154
facultad de medicina,1968,46,3837,6,212,3,1358,96,1360,3,8,18,50,2,160,48,154
facultad de medicina,1969,49,3944,7,244,3,1366,95,1560,3,5,23,72,2,160,48,154
facultad de medicina,1970,51,4072,7,244,3,1373,96,1610,3,23,23,57,2,160,48,154
facultad de medicina,1971,53,4200,7,244,3,1381,97,1660,3,41,23,42,2,160,48,154
facultad de medicina,1972,57,6270,2,160,3,400,74,115,3,58,28,100,2,160,48,154
facultad de medicina,1973,57,6270,2,230,3,400,74,552,3,76,28,100,2,160,48,154
facultad de medicina,1974,57,6270,2,299,3,400,74,990,3,94,28,100,2,160,48,154
facultad de medicina,1975,57,6270,3,368,3,400,74,1428,3,112,28,100,2,160,48,154
facultad de medicina,1976,52,4160,3,438,3,400,51,1865,3,129,28,100,2,160,48,154
facultad de medicina,1977,52,3583,2,422,3,400,30,2075,3,147,28,100,2,160,48,154
facultad de medicina,1978,39,1607,4,615,3,400,30,1245,3,165,28,100,2,160,48,154
facultad de medicina,1979,39,1607,4,615,3,400,30,1245,3,165,28,100,2,160,48,154
facultad de medicina,1980,39,1607,4,615,3,400,30,1245,3,165,28,100,2,160,48,154
fmvz,1962,14,916,1,84,1,139,24,500,8,108,2,2,0,0,26,77
fmvz,1963,15,981,1,90,1,139,24,500,8,108,2,2,0,0,26,77
fmvz,1964,15,981,1,90,1,139,24,500,8,108,2,2,0,0,26,77
fmvz,1965,15,981,1,90,1,139,24,500,8,108,2,2,0,0,26,77
fmvz,1966,18,1212,1,85,1,180,34,484,8,108,4,7,0,0,26,77
fmvz,1967,22,1442,1,80,2,222,43,467,8,108,6,12,0,0,26,77
fmvz,1968,22,1442,2,107,2,263,48,538,8,108,7,12,0,0,26,77
fmvz,1969,22,1442,2,134,2,304,54,609,8,108,8,13,0,0,26,77
fmvz,1970,22,1442,2,175,3,346,54,609,6,108,8,10,0,0,26,77
fmvz,1971,22,1442,2,216,3,387,54,609,3,108,8,8,0,0,26,77
fmvz,1972,24,1821,2,138,1,165,10,496,1,108,6,34,0,0,26,77
fmvz,1973,27,1821,2,166,1,165,43,638,1,108,6,34,0,0,26,77
fmvz,1974,27,1821,2,194,1,165,43,779,1,108,6,34,0,0,26,77
fmvz,1975,27,1821,1,222,1,165,43,920,1,108,6,34,0,0,26,77
fmvz,1976,26,1691,1,250,1,165,34,1062,1,108,6,34,0,0,26,77
fmvz,1977,26,1738,1,250,1,165,42,1260,1,108,6,34,0,0,26,77
fmvz,1978,27,2236,1,250,1,165,21,1050,1,108,6,34,0,0,26,77
fmvz,1979,25,1339,1,250,1,165,44,396,1,108,6,34,0,0,26,77
fmvz,1980,25,1339,1,250,1,165,44,396,1,108,6,34,0,0,26,77
fo,1962,8,691,1,58,0,0,24,375,3,3,6,6,1,40,6,13
fo,1963,8,764,1,64,0,0,24,900,3,4,6,6,1,40,6,13
fo,1964,8,764,1,64,0,0,24,900,3,5,6,6,1,40,6,13
fo,1965,8,674,1,64,0,0,24,900,3,6,6,6,1,40,6,13
fo,1966,8,637,1,65,0,0,24,984,3,6,14,22,1,42,6,13
fo,1967,8,600,1,66,0,0,25,1068,3,7,21,38,1,44,6,13
fo,1968,8,637,1,65,0,0,25,1018,3,8,21,38,1,49,6,13
fo,1969,8,674,1,64,0,0,25,968,3,9,21,38,1,54,6,13
fo,1970,8,674,1,64,0,0,25,968,4,9,21,38,1,54,6,13
fo,1971,8,674,1,64,0,0,25,968,6,9,21,38,1,54,6,13
fo,1972,8,758,1,70,0,0,14,952,7,9,12,1803,1,54,6,13
fo,1973,8,758,1,86,0,0,14,1142,8,9,12,1803,1,54,6,13
fo,1974,8,758,1,101,0,0,14,1332,10,9,12,1803,1,54,6,13
fo,1975,12,888,1,116,0,0,3,1522,11,9,12,1803,1,54,6,13
fo,1976,20,1784,1,132,0,0,26,1712,11,9,12,1803,1,54,6,13
fo,1977,24,2040,1,132,0,0,12,840,11,9,12,1803,1,54,6,13
fo,1978,26,2449,1,38,0,0,28,1632,11,9,12,1803,1,54,6,13
fo,1979,12,1324,1,198,0,0,12,866,11,9,12,1803,1,54,6,13
fo,1980,12,1324,1,198,0,0,12,866,11,9,12,1803,1,54,6,13
facultad de psicologia,1973,18,1008,2,158,0,0,13,240,0,0,0,0,0,0,0,0
facultad de psicologia,1974,18,1008,2,158,0,0,13,240,0,0,0,0,0,0,0,0
facultad de psicologia,1975,28,1568,2,158,0,0,13,240,0,0,0,0,0,0,0,0
facultad de psicologia,1976,24,1200,2,158,0,0,14,240,0,0,0,0,0,0,0,0
facultad de psicologia,1977,26,1332,1,400,0,0,16,320,0,0,0,0,0,0,0,0
facultad de psicologia,1978,29,1550,2,120,0,0,16,320,0,0,0,0,0,0,0,0
facultad de psicologia,1979,31,1360,2,175,0,0,10,200,0,0,0,0,0,0,0,0
facultad de psicologia,1980,31,1360,2,175,0,0,10,200,0,0,0,0,0,0,0,0
facultad de quimica,1962,27,2225,1,160,2,518,40,2676,1,40,4,4,1,96,19,76
facultad de quimica,1963,27,2225,1,160,2,518,44,3450,1,44,5,6,1,96,19,76
facultad de quimica,1964,27,2225,1,160,2,518,44,3450,1,49,6,7,1,96,19,76
facultad de quimica,1965,27,2225,1,160,2,518,44,3450,1,53,6,9,1,96,19,76
facultad de quimica,1966,28,2462,1,134,2,409,39,2510,1,58,7,10,1,85,19,76
facultad de quimica,1967,28,2700,1,108,1,300,34,1569,2,62,8,12,1,74,19,76
facultad de quimica,1968,29,2734,1,84,2,402,38,2710,2,67,9,11,1,84,20,79
facultad de quimica,1969,30,2768,1,60,2,505,43,3852,2,71,10,10,1,94,22,82
facultad de quimica,1970,30,2768,1,60,2,505,43,3852,2,76,10,10,1,94,22,82
facultad de quimica,1971,30,2768,1,60,2,505,43,3852,2,80,10,10,1,94,22,82
facultad de quimica,1972,62,4720,2,120,2,510,55,2750,2,80,40,120,1,94,22,82
facultad de quimica,1973,56,4280,2,240,2,514,47,2706,2,80,40,120,1,94,22,82
facultad de quimica,1974,56,4280,2,360,2,517,47,2662,2,80,40,120,1,94,22,82
facultad de quimica,1975,56,4280,2,480,2,521,47,2618,2,80,40,120,1,94,22,82
facultad de quimica,1976,55,5008,2,600,2,525,53,2574,2,80,40,120,1,94,22,82
facultad de quimica,1977,55,4910,1,400,2,529,57,3740,2,80,40,120,1,94,22,82
facultad de quimica,1978,53,4863,2,500,2,532,85,3394,2,80,40,120,1,94,22,82
facultad de quimica,1979,46,3901,2,500,2,536,85,3394,2,80,40,120,1,94,22,82
facultad de quimica,1980,46,3901,2,500,2,536,85,3394,2,80,40,120,1,94,22,82
enp,1962,267,15911,7,970,8,1279,31,1522,37,1165,31,182,7,354,101,564
enp,1963,341,19347,7,1002,10,2229,39,1786,46,214,4,186,7,354,101,564
enp,1964,497,28108,10,1382,13,4038,63,2650,35,1331,115,352,7,354,101,564
enp,1965,594,33425,11,1631,16,5631,80,3780,4,150,83,257,6,323,101,564
enp,1966,506,28496,11,1100,12,3378,46,3963,4,125,96,281,7,449,101,564
enp,1967,419,23567,11,568,8,1126,11,4146,3,100,110,304,8,575,101,564
enp,1968,476,26074,11,925,12,3420,48,3878,2,75,123,328,8,701,101,564
enp,1969,532,28581,10,1282,16,5715,85,3609,2,50,136,352,9,827,101,564
enp,1970,539,29147,10,1638,14,5978,79,3614,6,160,113,329,9,827,101,564
enp,1971,547,29712,9,1995,13,6240,73,3618,10,270,89,305,9,827,101,564
enp,1972,554,30278,9,2352,11,6503,67,3623,14,380,66,282,9,827,101,564
enp,1973,554,32618,9,2130,11,6503,71,3760,18,348,66,282,9,827,101,564
enp,1974,580,31658,10,1907,11,6503,67,3896,14,315,66,282,9,827,101,564
enp,1975,577,31658,10,1684,11,6503,67,4032,14,282,66,282,9,827,101,564
enp,1976,572,31330,10,1462,11,6503,81,4169,20,250,66,282,9,827,101,564
enp,1977,485,26654,10,1391,11,6503,95,4492,29,1043,66,282,9,827,101,564
enp,1978,491,27896,8,1332,11,6503,120,6116,10,209,66,282,9,827,101,564
enp,1979,491,27896,8,1332,11,6503,120,6116,10,209,66,282,9,827,101,564
enp,1980,491,27896,8,1332,11,6503,120,6116,10,209,66,282,9,827,101,564
cch,1972,348,17400,5,1250,0,0,58,500,8,800,85,170,0,0,0,0
cch,1973,469,20290,5,1325,0,0,120,2055,5,645,85,170,0,0,0,0
cch,1974,426,18392,5,1400,0,0,58,3610,8,490,85,170,0,0,0,0
cch,1975,426,21300,5,1475,0,0,58,5165,8,335,85,170,0,0,0,0
cch,1976,398,20490,5,1550,0,0,129,6720,14,180,85,170,0,0,0,0
cch,1977,404,20804,6,1637,0,0,130,4520,7,129,85,170,0,0,0,0
cch,1978,390,21882,5,2010,0,0,134,7298,9,300,85,170,0,0,0,0
cch,1979,390,21882,5,2010,0,0,134,7298,9,300,85,170,0,0,0,0
cch,1980,390,21882,5,2010,0,0,134,7298,9,300,85,170,0,0,0,0
hemeroteca nacional,1967,0,0,0,0,0,0,0,0,0,0,0,0,0,0,14,115
hemeroteca nacional,1968,0,0,0,0,0,0,0,0,0,0,0,0,0,0,10,72
hemeroteca nacional,1969,0,0,0,0,0,0,0,0,0,0,0,0,0,0,6,29
hemeroteca nacional,1970,0,0,0,0,0,0,0,0,0,0,0,0,0,0,6,29
hemeroteca nacional,1971,0,0,0,0,0,0,0,0,0,0,0,0,0,0,6,29
hemeroteca nacional,1972,0,0,0,0,0,0,0,0,0,0,0,0,0,0,6,29
hemeroteca nacional,1973,0,0,0,0,0,0,0,0,0,0,0,0,0,0,6,29
hemeroteca nacional,1974,0,0,0,0,0,0,0,0,0,0,0,0,0,0,6,29
hemeroteca nacional,1975,0,0,0,0,0,0,0,0,0,0,0,0,0,0,6,29
hemeroteca nacional,1976,0,0,0,0,0,0,0,0,0,0,0,0,0,0,6,29
hemeroteca nacional,1977,0,0,0,0,0,0,0,0,0,0,0,0,0,0,6,29
hemeroteca nacional,1978,0,0,0,0,0,0,0,0,0,0,0,0,0,0,6,29
hemeroteca nacional,1979,0,0,0,0,0,0,0,0,0,0,0,0,0,0,6,29
hemeroteca nacional,1980,0,0,0,0,0,0,0,0,0,0,0,0,0,0,6,29
biblioteca nacional,1967,0,0,2,468,0,0,1,4,4,7,6,6,0,0,12,113
biblioteca nacional,1968,0,0,2,468,0,0,1,4,4,7,6,6,0,0,12,113
biblioteca nacional,1969,0,0,2,468,0,0,1,4,4,7,6,6,0,0,12,113
biblioteca nacional,1970,0,0,2,468,0,0,1,4,3,7,6,6,0,0,12,113
biblioteca nacional,1971,0,0,2,468,0,0,1,4,3,8,6,6,0,0,12,113
biblioteca nacional,1972,0,0,2,468,0,0,1,4,2,8,6,6,0,0,12,113
biblioteca nacional,1973,0,0,2,468,0,0,1,4,2,8,6,6,0,0,12,113
biblioteca nacional,1974,0,0,2,468,0,0,1,4,2,8,6,6,0,0,12,113
biblioteca nacional,1975,0,0,2,468,0,0,1,4,2,8,6,6,0,0,12,113
biblioteca nacional,1976,0,0,2,468,0,0,1,4,2,8,6,6,0,0,12,113
biblioteca nacional,1977,0,0,2,468,0,0,1,4,2,8,6,6,0,0,12,113
biblioteca nacional,1978,0,0,2,468,0,0,1,4,2,8,6,6,0,0,12,113
biblioteca nacional,1979,0,0,2,468,0,0,1,4,2,8,6,6,0,0,12,113
biblioteca nacional,1980,0,0,2,468,0,0,1,4,2,8,6,6,0,0,12,113
instituto de investigaciones economicas,1967,0,0,1,15,0,0,1,3,0,0,8,8,0,0,2,5
instituto de investigaciones economicas,1968,0,0,1,14,0,0,1,3,0,0,8,8,0,0,4,14
instituto de investigaciones economicas,1969,0,0,1,13,0,0,1,3,0,0,8,8,0,0,6,22
instituto de investigaciones economicas,1970,0,0,1,12,0,0,1,3,0,0,14,25,0,0,6,22
instituto de investigaciones economicas,1971,0,0,1,11,0,0,1,3,0,0,20,43,0,0,6,22
instituto de investigaciones economicas,1972,0,0,1,10,0,0,1,3,0,0,26,60,0,0,6,22
instituto de investigaciones economicas,1973,0,0,1,10,0,0,1,3,0,0,26,60,0,0,6,22
instituto de investigaciones economicas,1974,0,0,1,10,0,0,1,3,0,0,26,60,0,0,6,22
instituto de investigaciones economicas,1975,0,0,1,10,0,0,1,3,0,0,26,60,0,0,6,22
instituto de investigaciones economicas,1976,0,0,1,10,0,0,1,3,0,0,26,60,0,0,6,22
instituto de investigaciones economicas,1977,0,0,1,10,0,0,1,3,0,0,26,60,0,0,6,22
instituto de investigaciones economicas,1978,0,0,1,10,0,0,1,3,0,0,26,60,0,0,6,22
instituto de investigaciones economicas,1979,0,0,1,10,0,0,1,3,0,0,26,60,0,0,6,22
instituto de investigaciones economicas,1980,0,0,1,10,0,0,1,3,0,0,26,60,0,0,6,22
instituto de investigaciones esteticas,1967,0,0,1,10,0,0,2,4,0,0,11,22,0,0,5,14
instituto de investigaciones esteticas,1968,0,0,1,12,0,0,2,3,0,0,11,22,0,0,4,8
instituto de investigaciones esteticas,1969,0,0,1,14,0,0,1,2,0,0,11,22,0,0,2,3
instituto de investigaciones esteticas,1970,0,0,1,16,0,0,1,2,0,0,11,21,0,0,2,3
instituto de investigaciones esteticas,1971,0,0,1,18,0,0,1,2,0,0,10,21,0,0,2,3
instituto de investigaciones esteticas,1972,0,0,1,20,0,0,1,2,0,0,10,20,0,0,2,3
instituto de investigaciones esteticas,1973,0,0,1,20,0,0,1,2,0,0,10,20,0,0,2,3
instituto de investigaciones esteticas,1974,0,0,1,20,0,0,1,2,0,0,10,20,0,0,2,3
instituto de investigaciones esteticas,1975,0,0,1,20,0,0,1,2,0,0,10,20,0,0,2,3
instituto de investigaciones esteticas,1976,0,0,1,20,0,0,1,2,0,0,10,20,0,0,2,3
instituto de investigaciones esteticas,1977,0,0,1,20,0,0,1,2,0,0,10,20,0,0,2,3
instituto de investigaciones esteticas,1978,0,0,1,20,0,0,1,2,0,0,10,20,0,0,2,3
instituto de investigaciones esteticas,1979,0,0,1,20,0,0,1,2,0,0,10,20,0,0,2,3
instituto de investigaciones esteticas,1980,0,0,1,20,0,0,1,2,0,0,10,20,0,0,2,3
instituto de investigaciones filosoficas,1967,0,0,1,15,0,0,1,4,0,0,8,13,0,0,2,9
instituto de investigaciones filosoficas,1968,0,0,1,15,0,0,1,3,0,0,8,12,0,0,2,8
instituto de investigaciones filosoficas,1969,0,0,1,15,0,0,1,3,0,0,7,12,0,0,3,8
instituto de investigaciones filosoficas,1970,0,0,1,15,0,0,1,2,0,0,8,15,0,0,3,8
instituto de investigaciones filosoficas,1971,0,0,1,15,0,0,1,2,0,0,8,18,0,0,3,8
instituto de investigaciones filosoficas,1972,0,0,1,15,0,0,1,1,0,0,9,21,0,0,3,8
instituto de investigaciones filosoficas,1973,0,0,1,15,0,0,1,1,0,0,9,21,0,0,3,8
instituto de investigaciones filosoficas,1974,0,0,1,15,0,0,1,1,0,0,9,21,0,0,3,8
instituto de investigaciones filosoficas,1975,0,0,1,15,0,0,1,1,0,0,9,21,0,0,3,8
instituto de investigaciones filosoficas,1976,0,0,1,15,0,0,1,1,0,0,9,21,0,0,3,8
instituto de investigaciones filosoficas,1977,0,0,1,15,0,0,1,1,0,0,9,21,0,0,3,8
instituto de investigaciones filosoficas,1978,0,0,1,15,0,0,1,1,0,0,9,21,0,0,3,8
instituto de investigaciones filosoficas,1979,0,0,1,15,0,0,1,1,0,0,9,21,0,0,3,8
instituto de investigaciones filosoficas,1980,0,0,1,15,0,0,1,1,0,0,9,21,0,0,3,8
instituto de investigaciones historicas,1967,2,76,1,44,0,0,1,12,0,0,9,18,0,0,8,36
instituto de investigaciones historicas,1968,2,76,1,37,0,0,1,8,0,0,10,19,0,0,5,20
instituto de investigaciones historicas,1969,2,76,1,30,0,0,1,3,0,0,10,20,0,0,2,3
instituto de investigaciones historicas,1970,2,76,1,24,0,0,1,3,0,0,10,19,0,0,2,3
instituto de investigaciones historicas,1971,2,76,1,17,0,0,1,3,0,0,9,19,0,0,2,3
instituto de investigaciones historicas,1972,2,76,1,10,0,0,1,3,0,0,9,18,0,0,2,3
instituto de investigaciones historicas,1973,2,76,1,10,0,0,1,3,0,0,9,18,0,0,2,3
instituto de investigaciones historicas,1974,2,76,1,10,0,0,1,3,0,0,9,18,0,0,2,3
instituto de investigaciones historicas,1975,2,76,1,10,0,0,1,3,0,0,9,18,0,0,2,3
instituto de investigaciones historicas,1976,2,76,1,10,0,0,1,3,0,0,9,18,0,0,2,3
instituto de investigaciones historicas,1977,2,76,1,10,0,0,1,3,0,0,9,18,0,0,2,3
instituto de investigaciones historicas,1978,2,76,1,10,0,0,1,3,0,0,9,18,0,0,2,3
instituto de investigaciones historicas,1979,2,76,1,10,0,0,1,3,0,0,9,18,0,0,2,3
instituto de investigaciones historicas,1980,2,76,1,10,0,0,1,3,0,0,9,18,0,0,2,3
instituto de investigaciones juridicas,1967,4,87,1,44,0,0,9,28,1,6,9,15,0,0,21,106
instituto de investigaciones juridicas,1968,4,87,1,39,0,0,9,28,1,6,8,15,0,0,12,58
instituto de investigaciones juridicas,1969,4,87,1,34,0,0,9,28,1,6,8,15,0,0,3,11
instituto de investigaciones juridicas,1970,4,87,1,30,0,0,9,28,1,6,9,17,0,0,3,11
instituto de investigaciones juridicas,1971,4,87,1,25,0,0,9,28,1,6,10,20,0,0,3,11
instituto de investigaciones juridicas,1972,4,87,1,20,0,0,9,28,1,6,11,22,0,0,3,11
instituto de investigaciones juridicas,1973,4,87,1,20,0,0,9,28,1,6,11,22,0,0,3,11
instituto de investigaciones juridicas,1974,4,87,1,20,0,0,9,28,1,6,11,22,0,0,3,11
instituto de investigaciones juridicas,1975,4,87,1,20,0,0,9,28,1,6,11,22,0,0,3,11
instituto de investigaciones juridicas,1976,4,87,1,20,0,0,9,28,1,6,11,22,0,0,3,11
instituto de investigaciones juridicas,1977,4,87,1,20,0,0,9,28,1,6,11,22,0,0,3,11
instituto de investigaciones juridicas,1978,4,87,1,20,0,0,9,28,1,6,11,22,0,0,3,11
instituto de investigaciones juridicas,1979,4,87,1,20,0,0,9,28,1,6,11,22,0,0,3,11
instituto de investigaciones juridicas,1980,4,87,1,20,0,0,9,28,1,6,11,22,0,0,3,11
instituto de investigaciones sociales,1967,1,30,1,38,0,0,14,39,2,60,8,16,0,0,5,22
instituto de investigaciones sociales,1968,1,30,1,34,0,0,12,32,2,60,8,16,0,0,6,18
instituto de investigaciones sociales,1969,1,30,1,31,0,0,9,24,2,60,8,16,0,0,6,14
instituto de investigaciones sociales,1970,1,30,1,27,0,0,7,17,2,60,22,77,0,0,6,14
instituto de investigaciones sociales,1971,1,30,1,24,0,0,4,9,2,60,36,139,0,0,6,14
instituto de investigaciones sociales,1972,1,30,1,20,0,0,2,2,2,60,50,200,0,0,6,14
instituto de investigaciones sociales,1973,1,30,1,20,0,0,2,2,2,60,50,200,0,0,6,14
instituto de investigaciones sociales,1974,1,30,1,20,0,0,2,2,2,60,50,200,0,0,6,14
instituto de investigaciones sociales,1975,1,30,1,20,0,0,2,2,2,60,50,200,0,0,6,14
instituto de investigaciones sociales,1976,1,30,1,20,0,0,2,2,2,60,50,200,0,0,6,14
instituto de investigaciones sociales,1977,1,30,1,20,0,0,2,2,2,60,50,200,0,0,6,14
instituto de investigaciones sociales,1978,1,30,1,20,0,0,2,2,2,60,50,200,0,0,6,14
instituto de investigaciones sociales,1979,1,30,1,20,0,0,2,2,2,60,50,200,0,0,6,14
instituto de investigaciones sociales,1980,1,30,1,20,0,0,2,2,2,60,50,200,0,0,6,14
centro de estudios mayas,1972,0,0,1,20,0,0,0,0,0,0,6,12,0,0,0,0
centro de estudios mayas,1973,0,0,1,20,0,0,0,0,0,0,6,12,0,0,0,0
centro de estudios mayas,1974,0,0,1,20,0,0,0,0,0,0,6,12,0,0,0,0
centro de estudios mayas,1975,0,0,1,20,0,0,0,0,0,0,6,12,0,0,0,0
centro de estudios mayas,1976,0,0,1,20,0,0,0,0,0,0,6,12,0,0,0,0
centro de estudios mayas,1977,0,0,1,20,0,0,0,0,0,0,6,12,0,0,0,0
centro de estudios mayas,1978,0,0,1,20,0,0,0,0,0,0,6,12,0,0,0,0
centro de estudios mayas,1979,0,0,1,20,0,0,0,0,0,0,6,12,0,0,0,0
centro de estudios mayas,1980,0,0,1,20,0,0,0,0,0,0,6,12,0,0,0,0
instituto de investigaciones antropologicas,1972,0,0,1,0,0,0,2,6,0,0,6,12,0,0,0,0
instituto de investigaciones antropologicas,1973,0,0,1,0,0,0,2,6,0,0,6,12,0,0,0,0
instituto de investigaciones antropologicas,1974,0,0,1,0,0,0,2,6,0,0,6,12,0,0,0,0
instituto de investigaciones antropologicas,1975,0,0,1,0,0,0,2,6,0,0,6,12,0,0,0,0
instituto de investigaciones antropologicas,1976,0,0,1,0,0,0,2,6,0,0,6,12,0,0,0,0
instituto de investigaciones antropologicas,1977,0,0,1,0,0,0,2,6,0,0,6,12,0,0,0,0
instituto de investigaciones antropologicas,1978,0,0,1,0,0,0,2,6,0,0,6,12,0,0,0,0
instituto de investigaciones antropologicas,1979,0,0,1,0,0,0,2,6,0,0,6,12,0,0,0,0
instituto de investigaciones antropologicas,1980,0,0,1,0,0,0,2,6,0,0,6,12,0,0,0,0
centro de estudios literarios,1967,2,30,1,30,0,0,2,7,0,0,2,5,0,0,1,6
centro de estudios literarios,1968,2,30,1,30,0,0,2,7,0,0,2,5,0,0,1,6
centro de estudios literarios,1969,2,30,1,30,0,0,2,7,0,0,2,5,0,0,1,6
centro de estudios literarios,1970,2,30,1,30,0,0,2,7,0,0,2,5,0,0,1,6
centro de estudios literarios,1971,2,30,1,30,0,0,2,7,0,0,2,5,0,0,1,6
centro de estudios literarios,1972,2,30,1,30,0,0,2,7,0,0,2,5,0,0,1,6
centro de estudios literarios,1973,2,30,1,30,0,0,2,7,0,0,2,5,0,0,1,6
centro de estudios literarios,1974,2,30,1,30,0,0,2,7,0,0,2,5,0,0,1,6
centro de estudios literarios,1975,2,30,1,30,0,0,2,7,0,0,2,5,0,0,1,6
centro de estudios literarios,1976,2,30,1,30,0,0,2,7,0,0,2,5,0,0,1,6
centro de estudios literarios,1977,2,30,1,30,0,0,2,7,0,0,2,5,0,0,1,6
centro de estudios literarios,1978,2,30,1,30,0,0,2,7,0,0,2,5,0,0,1,6
centro de estudios literarios,1979,2,30,1,30,0,0,2,7,0,0,2,5,0,0,1,6
centro de estudios literarios,1980,2,30,1,30,0,0,2,7,0,0,2,5,0,0,1,6
instituto de investigaciones en matematicas aplicadas y sistemas,1967,12,113,1,16,0,0,5,5,1,10,16,28,1,70,16,25
instituto de investigaciones en matematicas aplicadas y sistemas,1968,12,123,1,17,0,0,4,8,1,10,16,28,1,70,17,28
instituto de investigaciones en matematicas aplicadas y sistemas,1969,12,133,1,18,0,0,2,10,1,10,16,28,1,70,18,30
instituto de investigaciones en matematicas aplicadas y sistemas,1970,9,129,1,18,0,0,2,10,1,10,19,35,1,70,18,30
instituto de investigaciones en matematicas aplicadas y sistemas,1971,6,124,1,19,0,0,2,10,1,10,22,43,1,70,18,30
instituto de investigaciones en matematicas aplicadas y sistemas,1972,3,120,1,20,0,0,2,10,1,10,25,50,1,70,18,30
instituto de investigaciones en matematicas aplicadas y sistemas,1973,3,120,1,20,0,0,2,10,1,10,25,50,1,70,18,30
instituto de investigaciones en matematicas aplicadas y sistemas,1974,3,120,1,20,0,0,2,10,1,10,25,50,1,70,18,30
instituto de investigaciones en matematicas aplicadas y sistemas,1975,3,120,1,20,0,0,2,10,1,10,25,50,1,70,18,30
instituto de investigaciones en matematicas aplicadas y sistemas,1976,3,120,1,20,0,0,2,10,1,10,25,50,1,70,18,30
instituto de investigaciones en matematicas aplicadas y sistemas,1977,3,120,1,20,0,0,2,10,1,10,25,50,1,70,18,30
instituto de investigaciones en matematicas aplicadas y sistemas,1978,3,120,1,20,0,0,2,10,1,10,25,50,1,70,18,30
instituto de investigaciones en matematicas aplicadas y sistemas,1979,3,120,1,20,0,0,2,10,1,10,25,50,1,70,18,30
instituto de investigaciones en matematicas aplicadas y sistemas,1980,3,120,1,20,0,0,2,10,1,10,25,50,1,70,18,30
instituto de investigaciones en materiales,1972,0,0,0,0,0,0,3,6,1,4,9,18,0,0,0,0
instituto de investigaciones en materiales,1973,0,0,0,0,0,0,3,6,1,4,9,18,0,0,0,0
instituto de investigaciones en materiales,1974,0,0,0,0,0,0,3,6,1,4,9,18,0,0,0,0
instituto de investigaciones en materiales,1975,0,0,0,0,0,0,3,6,1,4,9,18,0,0,0,0
instituto de investigaciones en materiales,1976,0,0,0,0,0,0,3,6,1,4,9,18,0,0,0,0
instituto de investigaciones en materiales,1977,0,0,0,0,0,0,3,6,1,4,9,18,0,0,0,0
instituto de investigaciones en materiales,1978,0,0,0,0,0,0,3,6,1,4,9,18,0,0,0,0
instituto de investigaciones en materiales,1979,0,0,0,0,0,0,3,6,1,4,9,18,0,0,0,0
instituto de investigaciones en materiales,1980,0,0,0,0,0,0,3,6,1,4,9,18,0,0,0,0
centro de estudios nucleares,1972,0,0,1,6,0,0,2,16,1,3,0,0,0,0,0,0
centro de estudios nucleares,1973,0,0,1,6,0,0,2,16,1,3,0,0,0,0,0,0
centro de estudios nucleares,1974,0,0,1,6,0,0,2,16,1,3,0,0,0,0,0,0
centro de estudios nucleares,1975,0,0,1,6,0,0,2,16,1,3,0,0,0,0,0,0
centro de estudios nucleares,1976,0,0,1,6,0,0,2,16,1,3,0,0,0,0,0,0
centro de estudios nucleares,1977,0,0,1,6,0,0,2,16,1,3,0,0,0,0,0,0
centro de estudios nucleares,1978,0,0,1,6,0,0,2,16,1,3,0,0,0,0,0,0
centro de estudios nucleares,1979,0,0,1,6,0,0,2,16,1,3,0,0,0,0,0,0
centro de estudios nucleares,1980,0,0,1,6,0,0,2,16,1,3,0,0,0,0,0,0
instituto de astronomia,1969,0,0,1,20,1,25,3,7,1,2,12,62,0,1,14,34
instituto de astronomia,1970,0,0,1,20,1,25,4,9,1,3,17,57,0,1,14,34
instituto de astronomia,1971,0,0,1,20,1,25,5,10,2,5,21,53,0,1,14,34
instituto de astronomia,1972,0,0,1,20,1,25,6,12,2,6,26,48,0,1,14,34
instituto de astronomia,1973,0,0,1,20,1,25,6,12,2,6,26,48,0,1,14,34
instituto de astronomia,1974,0,0,1,20,1,25,6,12,2,6,26,48,0,1,14,34
instituto de astronomia,1975,0,0,1,20,1,25,6,12,2,6,26,48,0,1,14,34
instituto de astronomia,1976,0,0,1,20,1,25,6,12,2,6,26,48,0,1,14,34
instituto de astronomia,1977,0,0,1,20,1,25,6,12,2,6,26,48,0,1,14,34
instituto de astronomia,1978,0,0,1,20,1,25,6,12,2,6,26,48,0,1,14,34
instituto de astronomia,1979,0,0,1,20,1,25,6,12,2,6,26,48,0,1,14,34
instituto de astronomia,1980,0,0,1,20,1,25,6,12,2,6,26,48,0,1,14,34
instituto de biologia,1967,0,0,2,28,1,67,18,89,1,6,23,39,20,1,6,20
instituto de biologia,1968,0,0,2,28,1,67,18,89,1,6,23,39,20,1,7,22
instituto de biologia,1969,0,0,2,28,1,67,18,89,1,6,23,39,20,1,8,25
instituto de biologia,1970,0,0,2,28,1,67,18,89,1,6,23,39,20,1,8,25
instituto de biologia,1971,0,0,2,28,1,67,18,89,1,6,23,39,20,1,8,25
instituto de biologia,1972,0,0,2,28,1,67,18,89,1,6,23,39,20,1,8,25
instituto de biologia,1973,0,0,2,28,1,67,18,89,1,6,23,39,20,1,8,25
instituto de biologia,1974,0,0,2,28,1,67,18,89,1,6,23,39,20,1,8,25
instituto de biologia,1975,0,0,2,28,1,67,18,89,1,6,23,39,20,1,8,25
instituto de biologia,1976,0,0,2,28,1,67,18,89,1,6,23,39,20,1,8,25
instituto de biologia,1977,0,0,2,28,1,67,18,89,1,6,23,39,20,1,8,25
instituto de biologia,1978,0,0,2,28,1,67,18,89,1,6,23,39,20,1,8,25
instituto de biologia,1979,0,0,2,28,1,67,18,89,1,6,23,39,20,1,8,25
instituto de biologia,1980,0,0,2,28,1,67,18,89,1,6,23,39,20,1,8,25
instituto de fisica,1967,1,35,1,9,0,0,3,21,1,2,14,49,0,0,8,39
instituto de fisica,1968,1,35,1,9,0,0,6,24,1,2,14,49,0,0,14,72
instituto de fisica,1969,1,35,1,9,0,0,9,28,1,2,14,49,0,0,21,106
instituto de fisica,1970,1,35,1,9,0,0,9,28,1,2,14,49,0,0,21,106
instituto de fisica,1971,1,35,1,9,0,0,9,28,1,2,14,49,0,0,21,106
instituto de fisica,1972,1,35,1,9,0,0,9,28,1,2,14,49,0,0,21,106
instituto de fisica,1973,1,35,1,9,0,0,9,28,1,2,14,49,0,0,21,106
instituto de fisica,1974,1,35,1,9,0,0,9,28,1,2,14,49,0,0,21,106
instituto de fisica,1975,1,35,1,9,0,0,9,28,1,2,14,49,0,0,21,106
instituto de fisica,1976,1,35,1,9,0,0,9,28,1,2,14,49,0,0,21,106
instituto de fisica,1977,1,35,1,9,0,0,9,28,1,2,14,49,0,0,21,106
instituto de fisica,1978,1,35,1,9,0,0,9,28,1,2,14,49,0,0,21,106
instituto de fisica,1979,1,35,1,9,0,0,9,28,1,2,14,49,0,0,21,106
instituto de fisica,1980,1,35,1,9,0,0,9,28,1,2,14,49,0,0,21,106
instituto de geofisica,1967,5,53,2,30,0,0,28,58,3,12,25,83,0,0,12,29
instituto de geofisica,1968,4,52,2,27,0,0,19,43,4,12,25,83,0,0,24,78
instituto de geofisica,1969,3,52,2,24,0,0,10,28,5,12,25,83,0,0,36,127
instituto de geofisica,1970,3,51,1,20,0,0,9,24,5,13,39,107,0,0,36,127
instituto de geofisica,1971,2,51,1,17,0,0,9,20,5,14,53,130,0,0,36,127
instituto de geofisica,1972,1,50,1,14,0,0,8,16,5,15,67,154,0,0,36,127
instituto de geofisica,1973,1,50,1,14,0,0,8,16,5,15,67,154,0,0,36,127
instituto de geofisica,1974,1,50,1,14,0,0,8,16,5,15,67,154,0,0,36,127
instituto de geofisica,1975,1,50,1,14,0,0,8,16,5,15,67,154,0,0,36,127
instituto de geofisica,1976,1,50,1,14,0,0,8,16,5,15,67,154,0,0,36,127
instituto de geofisica,1977,1,50,1,14,0,0,8,16,5,15,67,154,0,0,36,127
instituto de geofisica,1978,1,50,1,14,0,0,8,16,5,15,67,154,0,0,36,127
instituto de geofisica,1979,1,50,1,14,0,0,8,16,5,15,67,154,0,0,36,127
instituto de geofisica,1980,1,50,1,14,0,0,8,16,5,15,67,154,0,0,36,127
instituto de geografia,1967,7,12,1,20,0,0,14,47,13,32,11,22,0,0,3,6
instituto de geografia,1968,4,21,1,20,0,0,12,39,13,32,11,22,0,0,6,26
instituto de geografia,1969,1,30,1,20,0,0,9,30,13,32,11,21,0,0,9,47
instituto de geografia,1970,1,32,1,20,0,0,7,22,13,32,15,29,0,0,9,47
instituto de geografia,1971,1,34,1,20,0,0,4,13,13,32,19,36,0,0,9,47
instituto de geografia,1972,1,36,1,20,0,0,2,5,13,32,23,44,0,0,9,47
instituto de geografia,1973,1,36,1,20,0,0,2,5,13,32,23,44,0,0,9,47
instituto de geografia,1974,1,36,1,20,0,0,2,5,13,32,23,44,0,0,9,47
instituto de geografia,1975,1,36,1,20,0,0,2,5,13,32,23,44,0,0,9,47
instituto de geografia,1976,1,36,1,20,0,0,2,5,13,32,23,44,0,0,9,47
instituto de geografia,1977,1,36,1,20,0,0,2,5,13,32,23,44,0,0,9,47
instituto de geografia,1978,1,36,1,20,0,0,2,5,13,32,23,44,0,0,9,47
instituto de geografia,1979,1,36,1,20,0,0,2,5,13,32,23,44,0,0,9,47
instituto de geografia,1980,1,36,1,20,0,0,2,5,13,32,23,44,0,0,9,47
instituto de geologia,1967,5,53,1,36,0,0,30,60,2,30,40,78,1,14,6,22
instituto de geologia,1968,5,38,1,36,0,0,30,60,2,30,40,78,1,14,9,26
instituto de geologia,1969,5,23,1,36,0,0,30,60,2,30,40,78,1,14,12,29
instituto de geologia,1970,4,27,1,36,0,0,29,53,2,22,36,70,1,14,12,29
instituto de geologia,1971,2,30,1,36,0,0,28,47,2,14,31,62,1,14,12,29
instituto de geologia,1972,1,34,1,36,0,0,27,40,2,6,27,54,1,14,12,29
instituto de geologia,1973,1,34,1,36,0,0,27,40,2,6,27,54,1,14,12,29
instituto de geologia,1974,1,34,1,36,0,0,27,40,2,6,27,54,1,14,12,29
instituto de geologia,1975,1,34,1,36,0,0,27,40,2,6,27,54,1,14,12,29
instituto de geologia,1976,1,34,1,36,0,0,27,40,2,6,27,54,1,14,12,29
instituto de geologia,1977,1,34,1,36,0,0,27,40,2,6,27,54,1,14,12,29
instituto de geologia,1978,1,34,1,36,0,0,27,40,2,6,27,54,1,14,12,29
instituto de geologia,1979,1,34,1,36,0,0,27,40,2,6,27,54,1,14,12,29
instituto de geologia,1980,1,34,1,36,0,0,27,40,2,6,27,54,1,14,12,29
centro de ciencias de la tierra,1972,0,0,0,0,0,0,0,0,1,0,4,8,0,0,0,0
centro de ciencias de la tierra,1973,0,0,0,0,0,0,0,0,1,0,4,8,0,0,0,0
centro de ciencias de la tierra,1974,0,0,0,0,0,0,0,0,1,0,4,8,0,0,0,0
centro de ciencias de la tierra,1975,0,0,0,0,0,0,0,0,1,0,4,8,0,0,0,0
centro de ciencias de la tierra,1976,0,0,0,0,0,0,0,0,1,0,4,8,0,0,0,0
centro de ciencias de la tierra,1977,0,0,0,0,0,0,0,0,1,0,4,8,0,0,0,0
centro de ciencias de la tierra,1978,0,0,0,0,0,0,0,0,1,0,4,8,0,0,0,0
centro de ciencias de la tierra,1979,0,0,0,0,0,0,0,0,1,0,4,8,0,0,0,0
centro de ciencias de la tierra,1980,0,0,0,0,0,0,0,0,1,0,4,8,0,0,0,0
instituto de investigaciones biomedicas,1967,1,44,1,16,1,0,10,28,5,20,26,26,22,0,36,127
instituto de investigaciones biomedicas,1968,1,44,1,15,1,0,14,64,3,11,26,26,22,0,21,74
instituto de investigaciones biomedicas,1969,1,44,1,14,1,0,18,100,1,2,26,26,22,0,6,20
instituto de investigaciones biomedicas,1970,1,44,1,12,1,0,20,87,1,2,26,26,22,0,6,20
instituto de investigaciones biomedicas,1971,1,44,1,11,1,0,23,73,1,3,26,26,22,0,6,20
instituto de investigaciones biomedicas,1972,1,44,1,10,1,0,25,60,1,3,26,26,22,0,6,20
instituto de investigaciones biomedicas,1973,1,44,1,10,1,0,25,60,1,3,26,26,22,0,6,20
instituto de investigaciones biomedicas,1974,1,44,1,10,1,0,25,60,1,3,26,26,22,0,6,20
instituto de investigaciones biomedicas,1975,1,44,1,10,1,0,25,60,1,3,26,26,22,0,6,20
instituto de investigaciones biomedicas,1976,1,44,1,10,1,0,25,60,1,3,26,26,22,0,6,20
instituto de investigaciones biomedicas,1977,1,44,1,10,1,0,25,60,1,3,26,26,22,0,6,20
instituto de investigaciones biomedicas,1978,1,44,1,10,1,0,25,60,1,3,26,26,22,0,6,20
instituto de investigaciones biomedicas,1979,1,44,1,10,1,0,25,60,1,3,26,26,22,0,6,20
instituto de investigaciones biomedicas,1980,1,44,1,10,1,0,25,60,1,3,26,26,22,0,6,20
instituto de matematicas,1967,1,40,1,24,0,0,3,3,1,30,18,48,0,0,9,15
instituto de matematicas,1968,1,40,1,24,0,0,3,3,1,30,18,98,0,0,8,28
instituto de matematicas,1969,1,40,1,24,0,0,3,3,1,30,18,148,0,0,8,42
instituto de matematicas,1970,1,40,1,24,0,0,3,3,1,30,19,108,0,0,8,42
instituto de matematicas,1971,1,40,1,24,0,0,3,3,1,30,19,68,0,0,8,42
instituto de matematicas,1972,1,40,1,24,0,0,3,3,1,30,20,28,0,0,8,42
instituto de matematicas,1973,1,40,1,24,0,0,3,3,1,30,20,28,0,0,8,42
instituto de matematicas,1974,1,40,1,24,0,0,3,3,1,30,20,28,0,0,8,42
instituto de matematicas,1975,1,40,1,24,0,0,3,3,1,30,20,28,0,0,8,42
instituto de matematicas,1976,1,40,1,24,0,0,3,3,1,30,20,28,0,0,8,42
instituto de matematicas,1977,1,40,1,24,0,0,3,3,1,30,20,28,0,0,8,42
instituto de matematicas,1978,1,40,1,24,0,0,3,3,1,30,20,28,0,0,8,42
instituto de matematicas,1979,1,40,1,24,0,0,3,3,1,30,20,28,0,0,8,42
instituto de matematicas,1980,1,40,1,24,0,0,3,3,1,30,20,28,0,0,8,42
instituto de quimica,1967,1,35,1,514,0,0,1,4,4,12,3,5,0,0,12,113
instituto de quimica,1968,1,35,1,419,0,0,8,31,3,8,3,5,0,0,8,68
instituto de quimica,1969,1,35,1,324,0,0,14,58,2,3,3,5,0,0,5,22
instituto de quimica,1970,1,38,1,230,0,0,13,58,2,9,3,5,0,0,5,22
instituto de quimica,1971,1,42,1,135,0,0,11,57,2,14,3,5,0,0,5,22
instituto de quimica,1972,1,45,1,40,0,0,10,57,2,20,3,5,0,0,5,22
instituto de quimica,1973,1,45,1,40,0,0,10,57,2,20,3,5,0,0,5,22
instituto de quimica,1974,1,45,1,40,0,0,10,57,2,20,3,5,0,0,5,22
instituto de quimica,1975,1,45,1,40,0,0,10,57,2,20,3,5,0,0,5,22
instituto de quimica,1976,1,45,1,40,0,0,10,57,2,20,3,5,0,0,5,22
instituto de quimica,1977,1,45,1,40,0,0,10,57,2,20,3,5,0,0,5,22
instituto de quimica,1978,1,45,1,40,0,0,10,57,2,20,3,5,0,0,5,22
instituto de quimica,1979,1,45,1,40,0,0,10,57,2,20,3,5,0,0,5,22
instituto de quimica,1980,1,45,1,40,0,0,10,57,2,20,3,5,0,0,5,22
instituto de ingenieria,1965,7,12,1,8,0,0,9,4,2,32,34,68,0,0,3,5
instituto de ingenieria,1966,7,12,1,8,0,0,5,4,5,32,28,61,0,0,3,5
instituto de ingenieria,1967,7,12,1,8,0,0,1,4,8,32,22,54,0,0,3,5
instituto de ingenieria,1968,4,12,1,8,0,0,8,26,10,32,22,54,0,0,3,6
instituto de ingenieria,1969,1,12,1,8,0,0,14,47,13,32,22,54,0,0,3,6
instituto de ingenieria,1970,1,12,1,8,0,0,14,47,13,32,22,54,0,0,3,6
instituto de ingenieria,1971,1,12,1,8,0,0,14,47,13,32,22,54,0,0,3,6
instituto de ingenieria,1972,1,12,1,8,0,0,14,47,13,32,22,54,0,0,3,6
instituto de ingenieria,1973,1,12,1,8,0,0,14,47,13,32,22,54,0,0,3,6
instituto de ingenieria,1974,1,12,1,8,0,0,14,47,13,32,22,54,0,0,3,6
instituto de ingenieria,1975,1,12,1,8,0,0,14,47,13,32,22,54,0,0,3,6
instituto de ingenieria,1976,1,12,1,8,0,0,14,47,13,32,22,54,0,0,3,6
instituto de ingenieria,1977,1,12,1,8,0,0,14,47,13,32,22,54,0,0,3,6
instituto de ingenieria,1978,1,12,1,8,0,0,14,47,13,32,22,54,0,0,3,6
instituto de ingenieria,1979,1,12,1,8,0,0,14,47,13,32,22,54,0,0,3,6
instituto de ingenieria,1980,1,12,1,8,0,0,14,47,13,32,22,54,0,0,3,6
observatorio astronomico nacional,1967,0,0,1,720,0,0,2,4,0,0,12,46,0,0,0,0
observatorio astronomico nacional,1968,0,0,1,720,0,0,2,4,0,0,12,46,0,0,0,0
observatorio astronomico nacional,1969,0,0,1,720,0,0,2,4,0,0,12,46,0,0,0,0
observatorio astronomico nacional,1970,0,0,1,720,0,0,2,4,0,0,12,46,0,0,0,0
observatorio astronomico nacional,1971,0,0,1,720,0,0,2,4,0,0,12,46,0,0,0,0
observatorio astronomico nacional,1972,0,0,1,720,0,0,2,4,0,0,12,46,0,0,0,0
observatorio astronomico nacional,1973,0,0,1,720,0,0,2,4,0,0,12,46,0,0,0,0
observatorio astronomico nacional,1974,0,0,1,720,0,0,2,4,0,0,12,46,0,0,0,0
observatorio astronomico nacional,1975,0,0,1,720,0,0,2,4,0,0,12,46,0,0,0,0
observatorio astronomico nacional,1976,0,0,1,720,0,0,2,4,0,0,12,46,0,0,0,0
observatorio astronomico nacional,1977,0,0,1,720,0,0,2,4,0,0,12,46,0,0,0,0
observatorio astronomico nacional,1978,0,0,1,720,0,0,2,4,0,0,12,46,0,0,0,0
observatorio astronomico nacional,1979,0,0,1,720,0,0,2,4,0,0,12,46,0,0,0,0
observatorio astronomico nacional,1980,0,0,1,720,0,0,2,4,0,0,12,46,0,0,0,0
cele,1967,4,93,0,0,1,60,4,125,0,0,3,6,0,0,9,23
cele,1968,4,93,0,0,1,60,4,125,0,0,3,5,0,0,9,23
cele,1969,4,93,0,0,1,60,4,125,0,0,3,4,0,0,9,23
cele,1970,4,95,0,0,1,60,4,125,0,0,3,5,0,0,9,23
cele,1971,4,98,0,0,1,60,4,125,0,0,3,5,0,0,9,23
cele,1972,4,100,0,0,1,60,4,125,0,0,3,6,0,0,9,23
cele,1973,4,100,0,0,1,60,4,125,0,0,3,6,0,0,9,23
cele,1974,4,100,0,0,1,60,4,125,0,0,3,6,0,0,9,23
cele,1975,4,100,0,0,1,60,4,125,0,0,3,6,0,0,9,23
cele,1976,4,100,0,0,1,60,4,125,0,0,3,6,0,0,9,23
cele,1977,4,100,0,0,1,60,4,125,0,0,3,6,0,0,9,23
cele,1978,4,100,0,0,1,60,4,125,0,0,3,6,0,0,9,23
cele,1979,4,100,0,0,1,60,4,125,0,0,3,6,0,0,9,23
cele,1980,4,100,0,0,1,60,4,125,0,0,3,6,0,0,9,23
cuec,1969,3,20,1,10,0,0,1,6,1,6,0,0,1,10,2,14
cuec,1970,3,20,1,10,0,0,1,6,1,6,0,0,1,10,2,14
cuec,1971,3,20,1,10,0,0,1,6,1,6,0,0,1,10,2,14
cuec,1972,3,20,1,10,0,0,1,6,1,6,0,0,1,10,2,14
cuec,1973,3,20,1,10,0,0,1,6,1,6,0,0,1,10,2,14
cuec,1974,3,20,1,10,0,0,1,6,1,6,0,0,1,10,2,14
cuec,1975,3,20,1,10,0,0,1,6,1,6,0,0,1,10,2,14
cuec,1976,3,20,1,10,0,0,1,6,1,6,0,0,1,10,2,14
cuec,1977,3,20,1,10,0,0,1,6,1,6,0,0,1,10,2,14
cuec,1978,3,20,1,10,0,0,1,6,1,6,0,0,1,10,2,14
cuec,1979,3,20,1,10,0,0,1,6,1,6,0,0,1,10,2,14
cuec,1980,3,20,1,10,0,0,1,6,1,6,0,0,1,10,2,14
