year,dep,eme_h,eme_m,tc_tit_t_h,tc_tit_t_m,tc_tit_a_h,tc_tit_a_m,tc_tit_b_h,tc_tit_b_m,tc_tit_c_h,tc_tit_c_m,mt_tit_a_h,mt_tit_a_m,mt_tit_b_h,mt_tit_b_m,mt_tit_c_h,mt_tit_c_m,tc_ass_a_h,tc_ass_a_m,tc_ass_b_h,tc_ass_b_m,tc_ass_c_h,tc_ass_c_m,mt_ass_a_h,mt_ass_a_m,mt_ass_b_h,mt_ass_b_m,mt_ass_c_h,mt_ass_c_m,cat_a_h,cat_a_m,cat_b_h,cat_b_m,cat_c_h,cat_c_m,ayu_a_h,ayu_a_m,ayu_b_h,ayu_b_m,ayu_c_h,ayu_c_m,ordcarr_h,ordcarr_m,teoprac_h,teoprac_m,instruc_h,instruc_m,conferenc_s,aycat_h,aycat_m,pasoc_h,pasoc_m,preplab_h,preplab_m,coord_h,coord_m,aylab_h,aylab_m,otros_h,otros_m,total_h,total_m
1960,ENA,,,,,,,,,,,41,,,,,,,,,,,,,,,,,,,,,,,,,,,,,,56,,67,,,,,46,3,,,,,,,,,,,,
1960,ENAP,,,,,,,,,,,,,,,,,,,,,,,,,,,,,,,,,,,,,,,,,14,2,,,,,,,,,,,,,,,,43,3,,
1960,FC,,,,,,,,,,,,,,,,,,,,,,,,,,,,,,,,,,,,,,,,,74,10,,,,,,1,,,,9,4,,,,,,,,
1960,FCPyS,,,,,,,,,,,,,,,,,,,,,,,,,,,,,,,,,,,,,,,,,61,8,,,,,,,,,,,,,,,,5,2,,
1960,ENCQ,,,2,,,,,,,,1,,,,,,,,,,,,,,,,,,,,,,,,,,,,,,42,,49,6,,,,1,1,,,4,,,,75,44,,,,
1960,ENCA,,,,,,,,,,,3,,,,,,,,,,,,,,,,,,,,,,,,,,,,,,197,18,,,,,,,,,,,,,,,,11,,,
1960,FD,,,,,,,,,,,,,,,,,,,,,,,,,,,,,,,,,,,,,,,,,174,7,,,,,,17,3,,,,,,,,,7,1,,
1960,ENE,,,5,,,,,,,,2,,,,,,,,,,,,,,,,,,,,,,,,,,,,,,90,7,,,,,,23,1,,,,,,,,,1,,,
1960,ENEO,,,,,,,,,,,,,,,,,,,,,,,,,,,,,,,,,,,,,,,,,26,12,,,,,,6,5,,,,,,,,,,7,,
1960,FFyL,,,21,8,,,,,,,1,,,,,,,,,,,,,,,,,,,,,,,,,,,,,,111,23,,,,,,,,,,,,,,,,,,,
1960,ENI,,,6,,,,,,,,12,,,,,,,,,,,,,,,,,,,,,,,,,,,,,,246,2,,,,,,39,1,,,13,,,,,,,,,
1960,ENMed,,,20,,,,,,,,25,,,,,,,,,,,,,,,,,,,,,,,,,,,,,,85,1,242,5,231,5,15,29,1,28,2,7,2,40,2,,,260,5,,
1960,ENMúsica,,,1,,,,,,,,,,,,,,,,,,,,,,,,,,,,,,,,,,,,,,44,27,,,,,,4,5,,,,,,,,,,,,
1960,ENO,,,,,,,,,,,2,,,,,,,,,,,,,,,,,,,,,,,,,,,,,,3,,46,,,,,51,2,,,,,,,,,2,,,
1960,ENMVZ,,,3,3,,,,,,,4,,,,,,,,,,,,,,,,,,,,,,,,,,,,,,44,4,,,,,,,,,,,,,,,,,,,
1960,ENP,,,,,,,,,,,,,,,,,,,,,,,,,,,,,,,,,,,,,,,,,755,277,,,,,,,,,,50,15,,,,,33,12,,
1962,FC,,,,,,,,,,,,,,,,,,,,,,,,,,,,,,,,,,,,,,,,,,,,,,,,,,,,,,,,,,,,133,29
1962,FD,,,,,,,,,,,,,,,,,,,,,,,,,,,,,,,,,,,,,,,,,,,,,,,,,,,,,,,,,,,,244,14
1962,FFyL,,,,,,,,,,,,,,,,,,,,,,,,,,,,,,,,,,,,,,,,,,,,,,,,,,,,,,,,,,,,170,29
1962,FI,,,,,,,,,,,,,,,,,,,,,,,,,,,,,,,,,,,,,,,,,,,,,,,,,,,,,,,,,,,,478,4
1962,FM,,,,,,,,,,,,,,,,,,,,,,,,,,,,,,,,,,,,,,,,,,,,,,,,,,,,,,,,,,,,1124,71
1962,ENA,,,,,,,,,,,,,,,,,,,,,,,,,,,,,,,,,,,,,,,,,,,,,,,,,,,,,,,,,,,,361,12
1962,ENAP,,,,,,,,,,,,,,,,,,,,,,,,,,,,,,,,,,,,,,,,,,,,,,,,,,,,,,,,,,,,73,5
1962,FCPyS,,,,,,,,,,,,,,,,,,,,,,,,,,,,,,,,,,,,,,,,,,,,,,,,,,,,,,,,,,,,75,17
1962,ENCQ,,,,,,,,,,,,,,,,,,,,,,,,,,,,,,,,,,,,,,,,,,,,,,,,,,,,,,,,,,,,212,59
1962,ENCA,,,,,,,,,,,,,,,,,,,,,,,,,,,,,,,,,,,,,,,,,,,,,,,,,,,,,,,,,,,,317,20
1962,ENE,,,,,,,,,,,,,,,,,,,,,,,,,,,,,,,,,,,,,,,,,,,,,,,,,,,,,,,,,,,,20,20
1962,ENEO,,,,,,,,,,,,,,,,,,,,,,,,,,,,,,,,,,,,,,,,,,,,,,,,,,,,,,,,,,,,54,27
1962,ENMVZ,,,,,,,,,,,,,,,,,,,,,,,,,,,,,,,,,,,,,,,,,,,,,,,,,,,,,,,,,,,,102,11
1962,ENM,,,,,,,,,,,,,,,,,,,,,,,,,,,,,,,,,,,,,,,,,,,,,,,,,,,,,,,,,,,,80,26
1962,ENO,,,,,,,,,,,,,,,,,,,,,,,,,,,,,,,,,,,,,,,,,,,,,,,,,,,,,,,,,,,,206,11
1962,ENP,,,,,,,,,,,,,,,,,,,,,,,,,,,,,,,,,,,,,,,,,,,,,,,,,,,,,,,,,,,,1442,476
1963,FC,,,,,,,1,,,,,,,,,,,,,,,,,,,,,,,,,,,,,,,,,,,,,,,,,,,,,,,,,,,,,,
1963,FD,2,,,,4,,,1,,,11,,2,,,,,,,,,,,,,,,,,,,,,,,,,,,,,,,,,,,,,,,,,,,,,,,,
1963,FFyL,3,,,,10,1,8,5,1,4,3,,5,1,,,,,,,,,,,,,,,,,,,,,,,,,,,,,,,,,,,,,,,,,,,,,,,
1963,FI,,,,,8,,,,,,25,,,,,,,,,,,,,,,,,,,,,,,,,,,,,,,,,,,,,,,,,,,,,,,,,,
1963,FM,,,,,13,1,5,,4,,10,,18,,,,,,,,,,,,,,,,,,,,,,,,,,,,,,,,,,,,,,,,,,,,,,,,
1963,ENA,2,,,,,,,,,,4,,26,,,,,,,,,,,,,,,,,,,,,,,,,,,,,,,,,,,,,,,,,,,,,,,,
1963,FCPyS,,,,,,,2,,,,1,,1,,,,,,,,,,,,,,,,,,,,,,,,,,,,,,,,,,,,,,,,,,,,,,,,
1963,ENCA,1,,,,,,,,,,,,,,,,,,,,,,,,,,,,,,,,,,,,,,,,,,,,,,,,,,,,,,,,,,,,
1963,ENE,2,,,,,,,,,,,,1,,,,,,,,,,,,,,,,,,,,,,,,,,,,,,,,,,,,,,,,,,,,,,,,
1963,ENMZ,,,,,,,2,2,,,2,,,,,,,,,,,,,,,,,,,,,,,,,,,,,,,,,,,,,,,,,,,,,,,,,,
1964,FC,,,2,,1,,1,,,,,,,,,,,,,,,,,,,,,,,,,,,,,,,,,,,,,,,,,,,,,,,,,,,,,,
1964,FD,2,,20,,4,,1,,,,11,,,,,,,,,,,,,,,,,,,,,,,,,,,,,,,,,,,,,,,,,,,,,,,,,,
1964,FFyL,3,,32,9,10,1,11,7,,,3,,2,,,,,,,,,,,,,,,,,,,,,,,,,,,,,,,,,,,,,,,,,,,,,,,,
1964,FI,,,32,,8,,,,,,24,,6,1,,,,,,,,,,,,,,,,,,,,,,,,,,,,,,,,,,,,,,,,,,,,,,,
1964,FM,,,46,,14,,3,,3,,9,,,,,,,,,,,,,,,,,,,,,,,,,,,,,,,,,,,,,,,,,,,,,,,,,,
1964,ENA,2,,27,,,,,,,,3,,17,,,,,,,,,,,,,,,,,,,,,,,,,,,,,,,,,,,,,,,,,,,,,,,,
1964,FCPyS,,,8,,4,,2,,,,1,,22,,,,,,,,,,,,,,,,,,,,,,,,,,,,,,,,,,,,,,,,,,,,,,,,
1964,ENCQ,,,6,,2,,1,,,,3,,1,,,,,,,,,,,,,,,,,,,,,,,,,,,,,,,,,,,,,,,,,,,,,,,,
1964,ENCA,1,,1,,,,,,,,,,,,,,,,,,,,,,,,,,,,,,,,,,,,,,,,,,,,,,,,,,,,,,,,,,
1964,ENE,2,,7,,1,,,,,,3,,,,,,,,,,,,,,,,,,,,,,,,,,,,,,,,,,,,,,,,,,,,,,,,,,
1964,ENMZ,,,5,4,4,2,2,2,,,1,,1,,,,,,,,,,,,,,,,,,,,,,,,,,,,,,,,,,,,,,,,,,,,,,,,
1964,ENO,,,4,1,3,,1,1,,,,,,,,,,,,,,,,,,,,,,,,,,,,,,,,,,,,,,,,,,,,,,,,,,,,,
1964,ENP,,,16,12,13,11,1,1,,,,,,,,,,,,,,,,,,,,,,,,,,,,,,,,,,,,,,,,,,,,,,,,,,,,,
1965,ENA,2,,,,1,,,,,,5,,19,,,,,,,,,,,,,,,,175,7,212,15,1,,,,,,,,,,,,,,,,,,,,,,,,,,,,
1965,ENAP,,,,,,,,,,,,,,,,,,,,,,,,,,,,,59,5,1,,4,,,,,,,,,,,,,,,,,,,,,,,,,,,,
1965,FC,,,,,1,,2,,,,,,,,,,,,,,,,,,,,,,87,27,6,1,23,21,,,,,,,,,,,,,,,,,,,,,,,,,,,
1965,ENCPyS,,,,,9,,,,,,1,,,1,,,,,,,,,,,,,,,58,12,7,2,25,17,,,,,,,,,,,,,,,,,,,,,,,,,,,
1965,ENCQ,,,,,4,,,,,,2,,,,,,,,,,,,,,,,,,122,11,3,,83,73,,,,,,,,,,,,,,,,,,,,,,,,,,,
1965,ENCA,1,,,,,,,,,,,,,,,,,,,,,,,,,,,,240,10,31,3,,,,,,,,,,,,,,,,,,,,,,,,,,,,,
1965,FD,2,,,,4,1,,,,,11,,2,,,,,,,,,,,,,,,,152,13,87,3,34,3,,,,,,,,,,,,,,,,,,,,,,,,,,,
1965,ENE,1,,,,2,,,,,,5,1,,,,,,,,,,,,,,,,,75,9,,,37,6,,,,,,,,,,,,,,,,,,,,,,,,,,,
1965,ENEO,,,,,,,,,,,,,,,,,,,,,,,,,,,,,21,17,16,6,16,15,,,,,,,,,,,,,,,,,,,,,,,,,,,
1965,FFyL,1,,,,,,,,,,5,,4,1,,,,,,,,,,,,,,,140,50,17,9,,,,,,,,,,,,,,,,,,,,,,,,,,,,,
1965,FI,,,,,9,6,,,,,29,,,,,,,,,,,,,,,,,,291,2,38,1,112,1,,,,,,,,,,,,,,,,,,,,,,,,,,,
1965,FM,1,,,,16,,,,,,10,,14,,,,,,,,,,,,,,,,392,16,285,16,198,59,,,,,,,,,,,,,,,,,,,,,,,,,,,
1965,ENMZ,,,,,9,1,5,,3,,3,,,,,,,,,,,,,,,,,,40,4,8,1,32,12,,,,,,,,,,,,,,,,,,,,,,,,,,,
1965,ENM,,,,,,,,,,,,,,,,,,,,,,,,,,,,,40,23,6,4,10,12,,,,,,,,,,,,,,,,,,,,,,,,,,,
1965,ENO,,,,,6,,,,,,1,,,,,,,,,,,,,,,,,,92,5,56,5,42,7,,,,,,,,,,,,,,,,,,,,,,,,,,,
1965,ENP,,,,,18,16,,,,,9,3,,,,,,,,,,,,,,,,,1033,435,351,191,5,8,,,,,,,,,,,,,,,,,,,,,,,,,,,
1966,ENA,2,,,,,,,,,,20,,6,,,,,,,,,,,,,,,,145,6,211,15,1,1,,,,,,,,,,,,,,,,,,,,,,,,,,,
1966,ENAP,,,,,,,,,,,,,,,,,,,,,,,,,,,,,44,4,13,3,3,,,,,,,,,,,,,,,,,,,,,,,,,,,,
1966,FC,,,,,4,,,,,,,,,,,,,,,,,,,,,,,,91,16,30,10,65,35,,,,,,,,,,,,,,,,,,,,,,,,,,,
1966,ENCPyS,,,,,7,,2,,,,1,,,,,,,,,,,,,,,,,,50,7,11,5,27,17,,,,,,,,,,,,,,,,,,,,,,,,,,,
1966,ENCA,1,,,,,,,,,,,,,,,,,,,,,,,,,,,,179,6,138,8,2,,,,,,,,,,,,,,,,,,,,,,,,,,,,
1966,FD,2,,,,4,1,,,,,16,,1,,,,,,,,,,,,,,,,125,6,92,13,34,2,,,,,,,,,,,,,,,,,,,,,,,,,,,
1966,ENE,2,,,,2,,,,,,8,,,,,,,,,,,,,,,,,,84,5,23,1,28,7,,,,,,,,,,,,,,,,,,,,,,,,,,,
1966,ENEO,,,,,,,,,,,,,,,,,,,,,,,,,,,,,28,20,12,12,9,18,,,,,,,,,,,,,,,,,,,,,,,,,,,
1966,FFyL,3,,,,14,8,3,,,,5,1,3,1,,,,,,,,,,,,,,,115,40,37,29,5,3,,,,,,,,,,,,,,,,,,,,,,,,,,,
1966,FI,,,,,7,,,,,,27,,,,,,,,,,,,,,,,,,241,2,83,,128,2,,,,,,,,,,,,,,,,,,,,,,,,,,,
1966,FM,2,,,,20,,3,,3,,11,,13,,,,,,,,,,,,,,,,340,11,355,17,548,66,,,,,,,,,,,,,,,,,,,,,,,,,,,
1966,ENMZ,,,,,4,5,,1,,,2,,,,,,,,,,,,,,,,,,43,7,26,3,35,13,,,,,,,,,,,,,,,,,,,,,,,,,,,
1966,ENM,,,,,,,,,,,,,,,,,,,,,,,,,,,,,31,20,17,12,10,5,,,,,,,,,,,,,,,,,,,,,,,,,,,
1966,ENO,,,,,4,1,,,,,2,,,,,,,,,,,,,,,,,,91,5,55,4,66,11,,,,,,,,,,,,,,,,,,,,,,,,,,,
1966,FQ,,,,,5,,,,,,3,,,,,,,,,,,,,,,,,,98,8,32,4,88,69,,,,,,,,,,,,,,,,,,,,,,,,,,,
1966,ENP,2,,,,20,18,,,,,,,,,,,,,,,,,,,,,,,897,332,624,296,8,1,,,,,,,,,,,,,,,,,,,,,,,,,,,
1967,ENA,2,,,,,,,,,,,,,,,,,,,,,,,,,,,,184,4,250,15,3,,,,,,,,,,,,,,,,,,,,,,,,,,,,
1967,ENAP,,,,,,,,,,,,,,,,,,,,,,,,,,,,,38,5,22,3,3,,,,,,,,,,,,,,,,,,,,,,,,,,,,
1967,FC,,,,,7,2,4,,,,,,,,,,,,,,,,,,,,,,88,13,62,17,102,59,,,,,,,,,,,,,,,,,,,,,,,,,,,
1967,ENCPyS,,,,,6,,1,,,,,,,,,,,,,,,,,,,,,,38,3,32,2,28,11,,,,,,,,,,,,,,,,,,,,,,,,,,,
1967,ENCA,,,,,,,,,,,,,,,,,,,,,,,,,,,,,181,9,133,10,,,,,,,,,,,,,,,,,,,,,,,,,,,,,
1967,FD,1,,,,5,,,1,,,,,,,,,,,,,,,,,,,,,123,8,103,17,29,1,,,,,,,,,,,,,,,,,,,,,,,,,,,
1967,ENE,2,,,,,,1,,,,,,,,,,,,,,,,,,,,,,72,6,23,4,23,8,,,,,,,,,,,,,,,,,,,,,,,,,,,
1967,ENEO,,,,,,,,,,,,,,,,,,,,,,,,,,,,,23,18,15,21,21,20,,,,,,,,,,,,,,,,,,,,,,,,,,,
1967,FFyL,4,,,,7,1,9,7,,,,,,,,,,,,,,,,,,,,,109,38,57,31,10,18,,,,,,,,,,,,,,,,,,,,,,,,,,,
1967,FI,2,,,,8,,,,,,,,,,,,,,,,,,,,,,,,204,4,141,1,78,,,,,,,,,,,,,,,,,,,,,,,,,,,,
1967,FM,4,,,,17,1,6,2,5,2,,,,,,,,,,,,,,,,,,,340,10,470,30,658,94,,,,,,,,,,,,,,,,,,,,,,,,,,,
1967,ENMZ,,,,,6,1,,3,,,,,,,,,,,,,,,,,,,,,38,4,18,2,42,16,,,,,,,,,,,,,,,,,,,,,,,,,,,
1967,ENM,1,,,,,,,,,,,,,,,,,,,,,,,,,,,,24,20,32,15,17,8,,,,,,,,,,,,,,,,,,,,,,,,,,,
1967,ENO,,,,,3,,,1,,,,,,,,,,,,,,,,,,,,,4,3,44,2,65,12,,,,,,,,,,,,,,,,,,,,,,,,,,,
1967,FQ,,,,,2,,1,,,,,,,,,,,,,,,,,,,,,,83,15,39,5,86,87,,,,,,,,,,,,,,,,,,,,,,,,,,,
1967,ENP,2,,,,14,8,3,7,,,,,,,,,,,,,,,,,,,,,978,422,531,268,1,,,,,,,,,,,,13,17,,,,,,,,,,,,,,,
1968,ENA,3,,,,,,,,,,6,,18,,,,,,,,,,,,,,,,150,9,266,24,7,3,,,,,,,,,,,,,,,,,,,,,,,,,,,
1968,ENAP,,,,,,,,,,,,,,,,,,,,,,,,,,,,,32,3,28,3,4,,,,,,,,,,,,,,,,,,,,,,,,,,,,
1968,FC,,,,,8,1,3,2,,,2,,3,,,,,,,,,,,,,,,,88,16,64,18,124,62,,,,,,,,,,,,,,,,,,,,,,,,,,,
1968,FCPyS,,,,,7,,2,,,,2,,,,,,,,,,,,,,,,,,27,3,44,6,37,15,,,,,,,,,,,,,,,,,,,,,,,,,,,
1968,FCA,,,,,,,,,,,1,,,,,,,,,,,,,,,,,,159,7,147,13,13,3,,,,,,,,,,,,,,,,,,,,,,,,,,,
1968,FD,1,,,,5,1,1,,,,25,1,1,2,,,,,,,,,,,,,,,117,8,100,21,26,4,,,,,,,,,,,,,,,,,,,,,,,,,,,
1968,ENE,3,,,,1,,1,,,,16,1,2,,,,,,,,,,,,,,,,54,3,32,6,41,7,,,,,,,,,,,,,,,,,,,,,,,,,,,
1968,ENEO,,,,,,,,,,,,,,,,,,,,,,,,,,,,,19,19,15,27,12,18,,,,,,,,,,,,,,,,,,,,,,,,,,,
1968,FFyL,6,,,,11,5,4,8,,,5,1,7,3,,,,,,,,,,,,,,,98,47,37,32,14,10,,,,,,,,,,,,,,,,,,,,,,,,,,,
1968,FI,1,,,,13,,2,,,,56,,9,,,,,,,,,,,,,,,,183,4,211,5,126,5,,,,,,,,,,,,,,,,,,,,,,,,,,,
1968,FM,4,,,,32,2,6,3,4,,15,1,14,,,,,,,,,,,,,,,,322,8,583,32,756,92,,,,,,,,,,,,,,,,,,,,,,,,,,,
1968,ENMZ,,,,,4,2,3,4,,,1,1,,,,,,,,,,,,,,,,,35,5,19,7,44,16,,,,,,,,,,,,,,,,,,,,,,,,,,,
1968,ENM,,,,,,,,,,,,,,,,,,,,,,,,,,,,,27,12,32,13,19,8,,,,,,,,,,,,,,,,,,,,,,,,,,,
1968,ENO,,,,,3,,,1,,,1,,,,,,,,,,,,,,,,,,81,3,52,4,83,10,,,,,,,,,,,,,,,,,,,,,,,,,,,
1968,FQ,1,,,,6,,1,1,,,3,3,,,,,,,,,,,,,,,,,60,5,66,8,91,78,,,,,,,,,,,,,,,,,,,,,,,,,,,
1968,ENP,,,,,15,9,3,7,,,11,4,1,2,,,,,,,,,,,,,,,662,340,428,277,3,1,,,,,,,,,,,50,38,,,,,,,,,,,,,,,
1968,IIBio,1,,,,,,,,,,,,,,,,,,,,,,,,,,,,,,,,,,,,,,,,,,,,,,,,,,,,,,,,,,,,
1968,IQ,,,,,,,,,,,,,,,,,,,,,,,,,,,,,9,1,,,,,,,,,,,,,,,,,,,,,,,,,,,,,,,
1968,SAntropologia,1,,,,,,,,,,,,,,,,,,,,,,,,,,,,,,,,,,,,,,,,,,,,,,,,,,,,,,,,,,,,
1969,ENP,,,,,,,,,,,,,,,,,,,,,,,,,,,,,563,308,387,257,,,,,,,,,,,,,,,,,,,,,,,,,,,,,
1969,ENA,4,,,,,,19,,,,,,4,,,,,,,,,,,,,,,,142,10,283,29,12,6,,,,,,,,,,,,,,,,,,,,,,,,,,,
1969,ENAP,,,,,,,,,,,,,,,,,,,,,,,,,,,,,36,3,25,1,1,,,,,,,,,,,,,,,,,,,,,,,,,,,,
1969,FC,,,,,9,1,4,1,,,2,1,2,,,,,,,,,,,,,,,,25,6,63,14,136,83,,,,,,,,,,,,,,,,,,,,,,,,,,,
1969,FCPyS,,,,,7,,1,,,,2,,,,,,,,,,,,,,,,,,23,6,35,3,57,21,,,,,,,,,,,,,,,,,,,,,,,,,,,
1969,FCA,,,,,3,,,1,,,2,,,1,,,,,,,,,,,,,,,276,9,186,11,38,3,,,,,,,,,,,,,,,,,,,,,,,,,,,
1969,FD,1,,,,5,,1,,,,20,1,1,2,,,,,,,,,,,,,,,97,6,95,26,39,6,,,,,,,,,,,,,,,,,,,,,,,,,,,
1969,ENE,3,,,,4,1,2,,,,15,1,2,,,,,,,,,,,,,,,,47,5,19,2,21,7,,,,,,,,,,,,,,,,,,,,,,,,,,,
1969,ENEO,,,,,,,,,,,,,,,,,,,,,,,,,,,,,21,16,15,33,1,9,,,,,,,,,,,,,,,,,,,,,,,,,,,
1969,FFyL,3,,,,8,1,5,8,,,3,1,5,2,,,,,,,,,,,,,,,87,37,39,42,23,23,,,,,,,,,,,,,,,,,,,,,,,,,,,
1969,FI,,,,,12,,,,,,34,,2,,,,,,,,,,,,,,,,196,,271,1,111,2,,,,,,,,,,,,,,,,,,,,,,,,,,,
1969,FM,3,,,,19,,7,2,,,12,,15,,,,,,,,,,,,,,,,268,5,595,137,835,103,,,,,,,,,,,2,,,,,,,,,,,,,,,,
1969,ENMZ,,,,,6,2,6,3,,,,,,,,,,,,,,,,,,,,,37,4,15,3,31,9,,,,,,,,,,,,,,,,,,,,,,,,,,,
1969,ENM,1,,,,1,1,,,,,1,,,,,,,,,,,,,,,,,,22,15,24,12,16,6,,,,,,,,,,,,,,,,,,,,,,,,,,,
1969,ENO,,,,,2,,,1,,,,,,,,,,,,,,,,,,,,,78,4,35,2,97,10,,,,,,,,,,,,,,,,,,,,,,,,,,,
1969,FQ,1,,,,3,,1,,,,,,1,,,,,,,,,,,,,,,,63,8,70,7,104,90,,,,,,,,,,,,,,,,,,,,,,,,,,,
1969,II,,,,,12,,,,,,34,,3,,,,,,,,,,,,,,,,2,,,,,,,,,,,,,,,,,,,,,,,,,,,,,,,,
1970,CELE,,,,,,1,,,,,,,,,,,,,,,,,,,,,,,2,6,2,9,,,,,,,,,,,,,,,,,,,,,,,,,,,,,
1970,IIS,,,,,,,,,,,,,,,,,,,,,,,,,,,,,1,,,,,,,,,,,,,,,,,,,,,,,,,,,,,,,,
1970,IB/JB,,,,,,,,,,,,,1,,,,,,,,,,,,,,,,,,,,,,,,,,,,,,,,,,,,,,,,,,,,,,,,
1970,IF,,,,,,,1,,,,,,,,,,,,,,,,,,,,,,,,,,,,,,,,,,,,,,,,,,,,,,,,,,,,,,
1970,Igeogísica,,,,,,,,,,,1,,,,,,,,,,,,,,,,,,,,,,,,,,,,,,,,,,,,,,,,,,,,,,,,,,
1970,Igeología,,,,,,,,,,,,,,,,,,,,,,,,,,,,,,,,1,,,,,,,,,,,,,,,,,,,,,,,,,,,,,
1970,IQ,,,,,3,,1,,,,,,,,,,,,,,,,,,,,,,,,,,,,,,,,,,,,,,,,,,,,,,,,,,,,,,
1970,ENA,2,,,,,,,,,,4,,18,,,,,,,,,,,,,,,,139,10,349,32,27,6,,,,,,,,,,,,,,,,,,,,,,,,,,,
1970,CI Arq,,,,,,,,,,,,,,,,,,,,,,,,,,,,,,,,,,,,,,,,,,,,,,,,,,,,,,,,,,,,,
1970,ENAP,,,,,,,,,,,,,,,,,,,,,,,,,,,,,33,1,29,,5,,,,,,,,,,,,,,,,,,,,,,,,,,,,
1970,FC,,,,,12,1,,,,,5,,7,,,,,,,,,,,,,,,,49,13,71,30,197,98,,,,,,,,,,,,,,,,,,,,,,,,,,,
1970,FCPyS,,,,,8,,6,2,,,2,,1,,,,,,,,,,,,,,,,24,3,50,7,43,11,,,,,,,,,,,,,,,,,,,,,,,,,,,
1970,FCA,,,,,10,3,2,1,,,,,1,,,,,,,,,,,,,,,,137,5,217,19,34,9,,,,,,,,,,,,,,,,,,,,,,,,,,,
1970,FD,1,,,,6,1,1,1,,,12,,11,2,,,,,,,,,,,,,,,107,7,182,31,39,11,,,,,,,,,,,,,,,,,,,,,,,,,,,
1970,ENE,3,,,,4,1,2,,,,22,1,,,,,,,,,,,,,,,,,39,3,23,4,46,6,,,,,,,,,,,,,,,,,,,,,,,,,,,
1970,ENEO,,,,,,,3,,,,,,,,,,,,,,,,,,,,,,36,26,21,21,4,19,,,,,,,,,,,,,,,,,,,,,,,,,,,
1970,FFyL,2,,,,15,2,13,8,,,6,2,30,9,,,,,,,,,,,,,,,118,47,119,85,41,36,,,,,,,,,,,,,,,,,,,,,,,,,,,
1970,FI,,,,,,,,,,,33,,3,,,,,,,,,,,,,,,,,,,,,,,,,,,,,,,,,,,,,,,,,,,,,,,,
1970,II,,,,,,,,,,,13,,6,,,,,,,,,,,,,,,,,,,,,,,,,,,,,,,,,,,,,,,,,,,,,,,,
1970,FM,,,,,,,,,,,12,,17,,,,,,,,,,,,,,,,,,,,,,,,,,,,,,,,,,,,,,,,,,,,,,,,
1970,FMVZ,,,,,,,,,,,3,,,,,,,,,,,,,,,,,,,,,,,,,,,,,,,,,,,,,,,,,,,,,,,,,,
1970,ENM,,,,,2,,,1,,,,,,,,,,,,,,,,,,,,,22,15,29,15,13,4,,,,,,,,,,,,,,,,,,,,,,,,,,,
1970,ENO,,,,,9,3,2,1,,,2,,1,,,,,,,,,,,,,,,,78,2,61,4,75,17,,,,,,,,,,,,,,,,,,,,,,,,,,,
1970,FQ,1,,,,,,,,,,4,5,1,,,,,,,,,,,,,,,,55,7,63,14,97,98,,,,,,,,,,,,,,,,,,,,,,,,,,,
1971,ENP,2,,,,14,6,2,6,,,1,4,,1,,,,,,,,,,,,,,,532,305,536,358,2,1,,,,,,,,,,,,,,,,,,,,,,,,,,,
1971,CCH,,,,,,,,,,,,,,,,,,,,,,,,,,,,,350,175,362,,,,,,,,,,,,,,,,,,,,,,,,,,,,,,
1971,ENA,2,,,,,,,1,,,3,1,18,,,,,,,,,,,,,,,,142,9,362,42,36,9,,,,,,,,,,,,,,,,,,,,,,,,,,,
1971,ENAP,,,,,,,2,,,,,,,,,,,,,,,,,,,,,,31,2,35,,3,1,,,,,,,,,,,,,,,,,,,,,,,,,,,
1971,FC,,,,,10,2,,,,,3,,3,,,,,,,,,,,,,,,,19,4,70,28,143,88,,,,,,,,,,,,,,,,,,,,,,,,,,,
1971,FCPyS,,,,,10,,1,1,,,,,,,,,,,,,,,,,,,,,19,2,80,11,45,20,,,,,,,,,,,,,,,,,,,,,,,,,,,
1971,FCA,,,,,11,4,8,1,,,,,,,,,,,,,,,,,,,,,140,2,318,31,13,4,,,,,,,,,,,1,,,,,,,,,,,,,,,,
1971,FD,1,,,,5,1,,,,,10,,2,,,,,,,,,,,,,,,,90,2,163,28,33,14,,,,,,,,,,,,,,,,,,,,,,,,,,,
1971,ENE,3,,,,5,1,2,,,,14,2,1,,,,,,,,,,,,,,,,34,3,57,11,50,4,,,,,,,,,,,,,,,,,,,,,,,,,,,
1971,ENEO,,,,,,,,,,,,,,,,,,,,,,,,,,,,,17,21,23,26,6,27,,,,,,,,,,,,,,,,,,,,,,,,,,,
1971,FFyL,2,,,,5,1,11,8,,,3,2,8,,,,,,,,,,,,,,,,76,40,73,64,48,34,,,,,,,,,,,,,,,,,,,,,,,,,,,
1971,FI,,,,,18,,1,,,,37,,1,,,,,,,,,,,,,,,,177,,361,2,96,6,,,,,,,,,,,,,,,,,,,,,,,,,,,
1971,II,,,,,7,,5,,,,,,,,,,,,,,,,,,,,,,8,,5,,,,,,,,,,,,,,,,,,,,,,,,,,,,,,
1971,FM,3,,,,27,2,15,3,1,,9,,17,,,,,,,,,,,,,,,,290,6,862,67,1044,166,,,,,,,,,,,1,,,,,,,,,,,,,,,,
1971,FMVZ,,,,,22,7,,,,,4,,,,,,,,,,,,,,,,,,35,4,26,2,35,10,,,,,,,,,,,,,,,,,,,,,,,,,,,
1971,ENM,,,,,,,,,,,,,,,,,,,,,,,,,,,,,21,15,28,15,14,5,,,,,,,,,,,,,,,,,,,,,,,,,,,
1971,ENO,,,,,2,1,2,,,,2,,,,,,,,,,,,,,,,,,85,4,60,7,63,13,,,,,,,,,,,,,,,,,,,,,,,,,,,
1971,FQ,1,,,,21,8,4,3,,,11,5,3,,,,,,,,,,,,,,,,55,11,82,19,136,102,,,,,,,,,,,,,,,,,,,,,,,,,,,
1971,CELE,,,,,,,,,,,,,,,,,,,,,,,,,,,,,,5,1,10,,,,,,,,,,,,,,,,,,,,,,,,,,,,,
1971,CELiterarios,,,,,,,,,,,,,,,,,,,,,,,,,,,,,1,,,,,,,,,,,,,,,,,,,,,,,,,,,,,,,,
1971,BN,,,,,,,,1,,,,,,,,,,,,,,,,,,,,,,,,1,,,,,,,,,,,,,,,,,,,,,,,,,,,,,
1971,IIEc,,,,,,,,,,,,,,,,,,,,,,,,,,,,,1,,1,,1,,,,,,,,,,,,,,,,,,,,,,,,,,,,
1971,IIE,,,,,,,,,,,,,,,,,,,,,,,,,,,,,1,,,,,,,,,,,,,,,,,,,,,,,,,,,,,,,,
1971,IIF,,,,,,,,,,,,,,,,,,,,,,,,,,,,,,,,,,,,,,,,,,,,,,,,,,,,,,,,,,,,,
1971,IIJ,,,,,,,,,,,,,,,,,,,,,,,,,,,,,,,2,,,,,,,,,,,,,,,,,,,,,,,,,,,,,,
1971,IIS,,,,,,,,,,,,,,,,,,,,,,,,,,,,,,2,,,,,,,,,,,,,,,,,,,,,,,,,,,,,,,
1971,CCE,,,,,1,,,,,,,,,,,,,,,,,,,,,,,,,,5,,2,,,,,,,,,,,,,,,,,,,,,,,,,,,,
1971,CI Materiales,,,,,,,,,,,,,,,,,,,,,,,,,,,,,1,,,,1,,,,,,,,,,,,,,,,,,,,,,,,,,,,
1971,LN,,,,,,,,,,,,,,,,,,,,,,,,,,,,,,,,,1,,,,,,,,,,,,,,,,,,,,,,,,,,,,
1971,IA,,,,,,,,,,,,,,,,,,,,,,,,,,,,,,,,1,,,,,,,,,,,,,,,,,,,,,,,,,,,,,
1971,IF,,,,,,,,,,,,,,,,,,,,,,,,,,,,,,,2,,1,,,,,,,,,,,,,,,,,,,,,,,,,,,,
1971,Igeogísica,,,,,,,,,,,,,,,,,,,,,,,,,,,,,1,,1,,,,,,,,,,,,,,,,,,,,,,,,,,,,,,
1971,Igeografía,,,,,,,,,,,,,,,,,,,,,,,,,,,,,,2,1,,,,,,,,,,,,,,,,,,,,,,,,,,,,,,
1971,Igeología,,,,,,,,,,,,,,,,,,,,,,,,,,,,,,,1,,,,,,,,,,,,,,,,,,,,,,,,,,,,,,
1971,IIBiomédicas,,,,,1,,2,,,,,,,,,,,,,,,,,,,,,,,,1,,,,,,,,,,,,,,,,,,,,,,,,,,,,,,
1971,IQ,,,,,,,,,,,,,,,,,,,,,,,,,,,,,4,,,,,,,,,,,,,,,,,,,,,,,,,,,,,,,,
1972,CELiterarios,,,,,,,,,,,,,,,,,,,,,,,,,,,,,,1,,,,,,,,,,,,,,,,,,,,,,,,,,,,,,,
1972,BN,,,,,,,,,,,,,,,,,,,,,,,,,,,,,,1,,,,,,,,,,,,,,,,,,,,,,,,,,,,,,,
1972,IIEc,,,,,,,,,,,,,,,,,,,,,,,,,,,,,1,,,,,1,,,,,,,,,,,,,,,,,,,,,,,,,,,
1972,IIE,,,,,,,,,,,,,,,,,,,,,,,,,,,,,,,1,,,,,,,,,,,,,,,,,,,,,,,,,,,,,,
1972,IIF,1,,,,,,,,,,,,,,,,,,,,,,,,,,,,,,1,,,,,,,,,,,,,,,,,,,,,,,,,,,,,,
1972,IIJ,,,,,,,,,,,,,,,,,,,,,,,,,,,,,2,,,,,,,,,,,,,,,,,,,,,,,,,,,,,,,,
1972,IIS,,,,,,,,,,,,,,,,,,,,,,,,,,,,,,,,2,,,,,,,,,,,,,,,,,,,,,,,,,,,,,
1972,CIMASS,,,,,,,,,,,,,,,,,,,,,,,,,,,,,5,,2,,6,,,,,,,,,,,,,,,,,,,,,,,,,,,,
1972,CIMateriales,,,,,,,,,,,,,,,,,,,,,,,,,,,,,3,,,,,,,,,,,,,,,,,,,,,,,,,,,,,,,,
1972,CEN,,,,,,,,,,,,,,,,,,,,,,,,,,,,,,,1,,1,,,,,,,,,,,,,,,,,,,,,,,,,,,,
1972,IA,,,,,,,,,,,,,,,,,,,,,,,,,,,,,,1,,,,,,,,,,,,,,,,,,,,,,,,,,,,,,,
1972,Ibio,,,,,,,,,,,,,,,,,,,,,,,,,,,,,4,2,2,,,,,,,,,,,,,,,,,,,,,,,,,,,,,,
1972,Chamela,,,,,,,,,,,,,,,,,,,,,,,,,,,,,,,,,1,,,,,,,,,,,,,,,,,,,,,,,,,,,,
1972,IF,,,,,,,,,,,,,,,,,,,,,,,,,,,,,3,,,,1,,,,,,,,,,,,,,,,,,,,,,,,,,,,
1972,Igeogísica,,,,,,,,,,,,,,,,,,,,,,,,,,,,,2,1,1,,,,,,,,,,,,,,,,,,,,,,,,,,,,,,
1972,Igeografía,,,,,,,,,,,,,,,,,,,,,,,,,,,,,1,,,2,,,,,,,,,,,,,,,,,,,,,,,,,,,,,
1972,Igeología,,,,,,,,,,,,,,,,,,,,,,,,,,,,,1,,,,,,,,,,,,,,,,,,,,,,,,,,,,,,,,
1972,IIBiomédicas,,,,,,,,,,,,,,,,,,,,,,,,,,,,,1,,,,,,,,,,,,,,,,,,,,,,,,,,,,,,,,
1972,IQ,,,,,,,,,,,,,,,,,,,,,,,,,,,,,3,,,,1,,,,,,,,,,,,,,,,,,,,,,,,,,,,
1972,ENA,2,,,,,,,,,,,,,,,,,,,,,,,,,,,,378,41,131,10,41,14,,,,,,,,,,,,,,,,,,,,,,,,,,,
1972,ENAP,,,,,,,,,,,,,,,,,,,,,,,,,,,,,41,2,32,2,4,,,,,,,,,,,,,,,,,,,,,,,,,,,,
1972,FC,,,,,1,1,6,1,4,,,,,2,,,3,1,1,,2,1,,,,,,,94,31,18,5,171,86,,,,,,,,,,,,,,,,,,,,,,,,,,,
1972,FCPyS,,,,,2,,8,,7,,1,,,1,,,1,,1,,2,,,,1,1,4,,90,16,19,2,45,30,,,,,,,,,,,,,,,,,,,,,,,,,,,
1972,FCA,,,,,3,1,3,,,,,1,,,,,2,1,,,3,,,2,,,,,277,30,114,4,13,7,,,,,,,,,,,,,,,,,,,,,,,,,,,
1972,FD,,,,,1,,1,,7,,,5,2,1,,7,1,,,,,,,,,,,,179,46,79,4,32,15,,,,,,,,,,,,,,,,,,,,,,,,,,,
1972,ENE,1,,,,1,,,,,,,,,,,,7,,,,,,,,,,1,,98,10,28,3,62,5,,,,,,,,,,,,,,,,,,,,,,,,,,,
1972,ENEO,,,,,,,,,,,,,,,,,,,,,,,,,,,,,31,28,16,20,3,7,,,,,,,,,,,,,,,,,,,,,,,,,,,
1972,FFyL,2,,,,,,1,,5,,,,1,,,1,4,,2,,3,4,,,,,,,85,72,82,29,38,30,,,,,,,,,,,,,,,,,,,,,,,,,,,
1972,FI,,,,,4,,4,,1,,,7,1,13,,3,3,,,,,,,,2,1,2,1,441,4,173,3,132,9,,,,,,,,,,,,,,,,,,,,,,,,,,,
1972,II,,,,,,,,,,,,,,,,,4,,,,,,,,1,,,,26,,1,,,,,,,,,,,,,,,,,,,,,,,,,,,,,,
1972,FM,1,,,,9,,9,2,16,,1,2,,3,,5,4,3,2,,10,1,,,,,,,972,83,285,7,1148,197,,,,,,,,,,,,,,,,,,,,,,,,,,,
1972,FMVZ,,,,,2,3,4,,1,,,,,1,,,,,,,,,,,3,,1,,44,1,33,5,35,9,,,,,,,,,,,,,,,,,,,,,,,,,,,
1972,ENM,,,,,,,,,,,,,,,,,,,,,,,,,,,,1,23,11,23,19,15,5,,,,,,,,,,,,,,,,,,,,,,,,,,,
1972,ENO,,,,,,,1,,,,,1,,1,,,,1,,,,,,,,,,,50,4,90,6,93,20,,,,,,,,,,,,,,,,,,,,,,,,,,,
1972,FQ,1,,,,12,5,4,1,2,,1,2,4,2,1,,2,1,2,1,1,1,,,,,,,132,27,50,7,156,123,,,,,,,,,,,,,,,,,,,,,,,,,,,
1972,CELE,,,,,,,,,,,,,,,,,1,,,,,,,,,,,,11,27,2,6,,,,,,,,,,,,,,,,,,,,,,,,,,,,,
1973,ENP,2,,,,3,3,5,4,6,4,2,2,1,1,3,2,,,,,,,,1,1,,,,453,260,641,397,2,1,,,,,,,,,,,,,,,,,,,,,,,,,,,
1973,CCH,,,,,,,,,,,,,1,,,,1,1,9,3,,,,,,2,,,498,289,8,1,1,2,,,,,,,,,,,1,,,,,,,,,,,,,,,,
1973,ENA,2,,,,2,,,,,,7,,1,,,,,,,,,,,,19,1,,,361,40,138,10,39,13,,,,,,,,,,,,,,,,,,,,,,,,,,,
1973,ENAP,,,,,,,,,,,,,,,,,,,,,,,,,,,,,35,2,35,3,3,1,,,,,,,,,,,,,,,,,,,,,,,,,,,
1973,FC,,,,,2,1,9,2,6,2,1,,2,,,,,,1,,1,,,,4,5,5,,89,29,22,4,183,107,,,,,,,,,,,,,,,,,,,,,,,,,,,
1973,FCPyS,,,,,10,2,9,,8,,4,4,1,,,,4,,3,,1,,2,3,3,2,1,3,66,12,17,1,52,22,,,,,,,,,,,,,,,,,,,,,,,,,,,
1973,FCA,,,,,9,,1,1,,,4,,,,,,3,,1,2,6,2,,,,,,,195,20,105,4,6,4,,,,,,,,,,,1,,,,,,,,,,,,,,,,
1973,FD,,,,,3,2,1,,8,1,11,3,7,,8,,1,,,,1,,,,4,2,2,1,173,14,70,3,31,17,,,,,,,,,,,,,,,,,,,,,,,,,,,
1973,ENE,3,,,,4,2,,,,,10,,,,5,,,,3,,,,,,12,2,,,78,12,29,3,90,18,,,,,,,,,,,,,,,,,,,,,,,,,,,
1973,ENEO,,,,,,,,,,,,,,,,,,,,,,,,,,,,,21,47,15,17,3,3,,,,,,,,,,,,,,,,,,,,,,,,,,,
1973,FFyL,2,,,,2,,,1,6,1,,1,1,,1,,,,6,,2,5,4,4,12,11,4,2,55,66,68,41,17,14,,,,,,,,,,,,,,,,,,,,,,,,,,,
1973,FI,,,,,9,,7,,3,,19,,11,,1,,3,,1,,3,,1,,2,,1,,449,6,160,2,159,15,,,,,,,,,,,1,,,,,,,,,,,,,,,,
1973,II,,,,,12,,5,,2,,8,,3,,1,,,,3,,,,,,7,,1,,4,,3,,,,,,,,,,,,,,,,,,,,,,,,,,,,,,
1973,FM,2,,,,13,1,9,5,14,2,6,,4,,7,,1,,5,4,10,1,,,9,,1,,1059,94,239,7,1195,211,,,,,,,,,,,,,,,,,,,,,,,,,,,
1973,FMVZ,,,,,24,5,4,,,1,1,,1,,,,,,,,1,1,,,,,,1,26,1,31,5,43,8,,,,,,,,,,,,,,,,,,,,,,,,,,,
1973,ENM,,,,,,,,,,,,,,,,,,,,,,,,,,,,,29,13,20,22,12,6,,,,,,,,,,,,,,,,,,,,,,,,,,,
1973,ENO,,,,,,,1,,1,,1,,1,,,,,,,1,,,,,,,,,79,9,103,6,81,24,,,,,,,,,,,,,,,,,,,,,,,,,,,
1973,FP,,,,,,,,,1,,1,,,,1,,5,1,4,,,,5,,6,1,1,,13,7,,,25,29,,,,,,,,,,,,,,,,,,,,,,,,,,,
1973,FQ,,,,,20,8,5,1,2,,7,7,2,,1,,1,,3,2,2,1,,,1,,,,131,38,33,4,226,143,,,,,,,,,,,,,,,,,,,,,,,,,,,
1973,ENTS,,,,,,,,,,,,,,,,,,,,,,,,,,2,,,5,5,3,2,6,12,,,,,,,,,,,,,,,,,,,,,,,,,,,
1973,CELE,,,,,5,,,,,,,,,,,,,,1,,,,,,,,,,13,22,3,7,,,,,,,,,,,,,,,,,,,,,,,,,,,,,
1973,CUEC,,,,,,,,,,,,,,,,,,,,,1,,,,,,,,,,,,,,,,,,,,,,,,,,,,,,,,,,,,,,,,
1973,CELiterarios,,,,,,,,,,,,,,,,,,,,,,,,,,,,,,1,,,,,,,,,,,,,,,,,,,,,,,,,,,,,,,
1973,Centro Trad Leng Clasicas,,,,,,,,,,,,,,,,,,,,,,,,,,,,,,,,,,,,,,,,,,,,,,,,,,,,,,,,,,,,,
1973,BN,,,,,,,,,,,,,,,,,,,,,,,,,,,,,,,,,,,,,,,,,,,,,,,,,,,,,,,,,,,,,
1973,IIEc,,,,,,,,,,,,,,,,,,,,,,,,,,,,,1,,,,,,,,,,,,,,,,,,,,,,,,,,,,,,,,
1973,IIE,,,,,,,,,,,,,,,,,,,,,,,,,,,,,,,1,,,,,,,,,,,,,,,,,,,,,,,,,,,,,,
1973,IIF,,,,,,,,,,,,,,,,,,,,,,,,,,,,,,,1,,,,,,,,,,,,,,,,,,,,,,,,,,,,,,
1973,IIJ,,,,,,,,,,,,,,,,,,,,,,,,,,,,,1,,,,,,,,,,,,,,,,,,,,,,,,,,,,,,,,
1973,IIS,,,,,,,,,,,,,,,,,,,,,,,,,,,,,,,,2,,,,,,,,,,,,,,,,,,,,,,,,,,,,,
1973,CIMASS,,,,,,,3,,,,,,,,,,,,,,,,,,,,,,5,1,,,6,1,,,,,,,,,,,,,,,,,,,,,,,,,,,
1973,CIMateriales,,,,,1,,,,,,,,,,,,,,,,,,,,,,,,3,1,1,,,,,,,,,,,,,,,,,,,,,,,,,,,,,,
1973,Centro de Instrumentos,,,,,,,,,,,,,,,,,,,,,,,,,,,,,1,,2,,1,,,,,,,,,,,,,,,,,,,,,,,,,,,,
1973,LN,,,,,,,,,,,,,,,,,,,,,,,,,,,,,,,1,,1,,,,,,,,,,,,,,,,,,,,,,,,,,,,
1973,IA,,,,,,,,,,,,,,,,,,,,,,,,,,,,,,1,,,,,,,,,,,,,,,,,,,,,,,,,,,,,,,
1973,Ibio,,,,,,,,,,,,,,,,,,,,,,,,,,,,,5,2,3,,,,,,,,,,,,,,,,,,,,,,,,,,,,,,
1973,Chamela,,,,,,,,,,,,,,,,,,,,,,,,,,,,,1,,,,,,,,,,,,,,,,,,,,,,,,,,,,,,,,
1973,IF,,,,,,,,,,,,,,,,,,,,,,,,,,,,,3,1,1,,,,,,,,,,,,,,,,,,,,,,,,,,,,,,
1973,Igeofísica,,,,,,,,,,,,,,,,,,,,,,,,,,,,,4,1,1,,,,,,,,,,,,,,,,,,,,,,,,,,,,,,
1973,Igeografía,,,,,,,,,,,,,,,,,,,,,,,,,,,,,1,,,3,,,,,,,,,,,,,,,,,,,,,,,,,,,,,
1973,Igeología,,,,,,,,,,,,,,,,,,,,,,,,,,,,,1,,,,,,,,,,,,,,,,,,,,,,,,,,,,,,,,
1973,IIBiomédicas,,,,,,,,,,,,,,,,,,,,,,,,,,,,,1,,,,,,,,,,,,,,,,,,,,,,,,,,,,,,,,
1973,IM,,,,,,,,,,,,,,,,,,,,,,,,,,,,,2,,,,1,,,,,,,,,,,,,,,,,,,,,,,,,,,,
1973,IQ,,,,,,,,,,,,,,,,,,,,,,,,,,,,,,,3,,2,,,,,,,,,,,,,,,,,,,,,,,,,,,,
1974,BN,,,,,,,,,,,,,,,,,,,,,,,,,,,,,1,1,,1,,,,,,,,,,,,,,,,,,,,,,,,,,,,,
1974,IIEc,,,,,,,,,,,,,,,,,,,,,,,,,,,,,2,,1,,,,,,,,,,,,,,,,,,,,,,,,,,,,,,
1974,IIE,,,,,,,,,,,,,,,,,,,,,,,,,,,,,1,,1,,,,,,,,,,,,,,,,,,,,,,,,,,,,,,
1974,IIF,1,,,,,,,,,,,,,,,,,,,,,,,,,,,,,1,1,,1,,,,,,,,,,,,,,,,,,,,,,,,,,,,
1974,IIH,,,,,,,,,,,,,,,,,,,,,,,,,,,,,,,1,,,,,,,,,,,,,,,,,,,,,,,,,,,,,,
1974,IIS,,,,,,,,,,,,,,,,,,,,,,,,,,,,,,,,2,,,,,,,,,,,,,,,,,,,,,,,,,,,,,
1974,CELiterarios,,,,,,,,,,,,,,,,,,,,,,,,,,,,,2,1,1,,,,,,,,,,,,,,,,,,,,,,,,,,,,,,
1974,CTradLenguas Clas,,,,,,,,,,,,,,,,,,,,,,,,,,,,,,,,1,,,,,,,,,,,,,,,,,,,,,,,,,,,,,
1974,IIAntropología,,,,,,,,,,,,,,,,,,,,,,,,,,,,,1,2,1,,,,,,,,,,,,,,,,,,,,,,,,,,,,,,
1974,CIMASS,,,,,,,,,,,,,,,,,,,,,,,,,,,,,3,,,,2,,,,,,,,,,,,,,,,,,,,,,,,,,,,
1974,CIMateriales,,,,,,,,,,,,,,,,,,,,,,,,,,,,,10,1,,,3,,,,,,,,,,,,,,,,,,,,,,,,,,,,
1974,CEN,,,,,,,,,,,,,,,,,,,,,,,,,,,,,,,2,,1,,,,,,,,,,,,,,,,,,,,,,,,,,,,
1974,Centro de instrumentos,,,,,,,,,,,,,,,,,,,,,,,,,,,,,3,1,,,3,,,,,,,,,,,,,,,,,,,,,,,,,,,,
1974,Centro de informacion ientifica y humanistica,,,,,,,,,,,,,,,,,,,,,,,,,,,,,,,2,,,,,,,,,,,,,,,,,,,,,,,,,,,,,,
1974,centro de servicios de computo,,,,,,,,,,,,,,,,,,,,,,,,,,,,,1,,,,2,1,,,,,,,,,,,,,,,,,,,,,,,,,,,
1974,IA,,,,,,,,,,,,,,,,,,,,,,,,,,,,,3,1,1,,,,,,,,,,,,,,,,,,,,,,,,,,,,,,
1974,Ibio,,,,,,,,,,,,,,,,,,,,,,,,,,,,,6,,5,2,1,,,,,,,,,,,,,,,,,,,,,,,,,,,,
1974,JB,,,,,,,,,,,,,,,,,,,,,,,,,,,,,,,,,,1,,,,,,,,,,,,,,,,,,,,,,,,,,,
1974,Chamela,,,,,,,,,,,,,,,,,,,,,,,,,,,,,1,,,,,,,,,,,,,,,,,,,,,,,,,,,,,,,,
1974,IF,,,,,,,,,,,,,,,,,,,,,,,,,,,,,2,1,3,1,2,,,,,,,,,,,,,,,,,,,,,,,,,,,,
1974,Igeofísica,,,,,,,,,,,,,,,,,,,,,,,,,,,,,3,1,1,,,,,,,,,,,,,,,,,,,,,,,,,,,,,,
1974,Igeografía,,,,,,,,,,,,,,,,,,,,,,,,,,,,,,,2,3,,,,,,,,,,,,,,,,,,,,,,,,,,,,,
1974,Igeología,,,,,,,,,,,,,,,,,,,,,,,,,,,,,5,,,,,,,,,,,,,,,,,,,,,,,,,,,,,,,,
1974,IIBIOMÉDICAS,,,,,,,,,,,,,,,,,,,,,,,,,,,,,5,1,1,,,,,,,,,,,,,,,,,,,,,,,,,,,,,,
1974,IM,,,,,,,,,,,,,,,,,,,,,,,,,,,,,1,,6,,,,,,,,,,,,,,,,,,,,,,,,,,,,,,
1974,IQ,,,,,,,,,,,,,,,,,,,,,,,,,,,,,1,,,,1,,,,,,,,,,,,,,,,,,,,,,,,,,,,
1974,ENA,2,,,,1,,,,,,3,1,1,,,,,,,,,,,,18,,,,379,33,122,10,40,11,,,,,,,,,,,,,,,,,,,,,,,,,,,
1974,ENAP,,,,,,,,,,,,,,,,,,,,,1,,,,,,,,45,9,33,3,4,1,,,,,,,,,,,,,,,,,,,,,,,,,,,
1974,FC,,,,,3,1,11,1,6,,1,1,2,,,,2,,6,,3,2,,,3,4,4,,93,52,,,220,119,,,,,,,,,,,,,,,,,,,,,,,,,,,
1974,FCPyS,,,,,8,2,17,,7,1,7,,,,1,,2,2,4,,4,,2,2,3,2,1,2,99,32,20,3,88,31,,,,,,,,,,,,,,,,,,,,,,,,,,,
1974,FCA,,,,,7,2,4,,1,1,6,,1,,,,7,,4,1,6,2,5,,1,,1,1,287,32,116,5,22,10,,,,,,,,,,,,,,,,,,,,,,,,,,,
1974,FD,,,,,2,2,3,1,10,1,11,2,8,,6,,,,,,,,,,4,1,1,,184,11,59,3,32,16,,,,,,,,,,,,,,,,,,,,,,,,,,,
1974,ENE,3,,,,15,4,,,,,11,,,,7,1,1,,1,,,,,,7,2,,,86,19,28,2,98,14,,,,,,,,,,,,,,,,,,,,,,,,,,,
1974,ENEO,,,,,,,,,,,,,,,,,,,,,,,,,,,,,27,49,15,21,2,3,,,,,,,,,,,,,,,,,,,,,,,,,,,
1974,FFyL,1,,,,3,,,,6,1,3,3,3,,2,,4,4,7,1,2,,13,5,5,10,,,50,51,63,28,13,23,,,,,,,,,,,,,,,,,,,,,,,,,,,
1974,FI,,,,,9,,9,,2,,12,1,10,,2,,8,1,5,,4,,2,,3,,6,,486,10,166,2,163,13,,,,,,,,,,,,,,,,,,,,,,,,,,,
1974,II,,,,,13,,5,,2,,4,,2,,,,2,,5,,,,,,3,,1,,5,,4,,,,,,,,,,,,,,,,,,,,,,,,,,,,,,
1974,FM,,,,,13,1,13,1,9,1,4,,2,,5,,3,,8,1,13,1,1,,6,,2,,1283,135,283,8,1498,246,,,,,,,,,,,,,,,,,,,,,,,,,,,
1974,FMVZ,1,,,,27,6,8,,,1,1,,,,,,,,,,1,,,,,,,,21,4,45,4,58,11,,,,,,,,,,,,,,,,,,,,,,,,,,,
1974,ENM,,,,,,,,,,,,,,,,,,,1,,,,,,,,,,32,12,23,17,14,7,,,,,,,,,,,,,,,,,,,,,,,,,,,
1974,ENO,,,,,2,,1,,,,12,,1,,,,,,,,,,,,,,,,84,13,107,7,94,36,,,,,,,,,,,,,,,,,,,,,,,,,,,
1974,FP,,,,,8,1,,,2,,2,,,,,,6,9,7,1,1,,7,9,4,2,,,41,30,23,4,28,51,,,,,,,,,,,,,,,,,,,,,,,,,,,
1974,FQ,1,,,,24,12,5,,1,1,7,3,5,3,,,2,,4,2,4,2,,,2,,,,126,57,50,7,229,153,,,,,,,,,,,,,,,,,,,,,,,,,,,
1974,ENTS,,,,,,,,,,,,,,,,,,,,,,,,,2,,,,4,10,3,3,4,12,,,,,,,,,,,,,,,,,,,,,,,,,,,
1974,ENEP Cuautitlan,,,,,2,,1,,1,,,,,,,,,,,,,1,,,,,,,100,16,3,,65,20,,,,,,,,,,,,,,,,,,,,,,,,,,,
1974,cele,2,,,,4,1,,,,,,,,,,,,,,,,,,,,,,,10,18,2,6,,,,,,,,,,,,,,,,,,,,,,,,,,,,,
1974,cuec,,,,,,,,,,,1,,,,,,1,1,,,1,,,,,,,,1,,,,,,,,,,,,,,,,,,,,,,,,,,,,,,,,
1974,enp,,,,,6,3,5,6,6,4,,2,1,1,1,2,3,10,22,6,1,,,,3,1,,,468,299,615,388,40,21,,,,,,,,,,,,,,,,,,,,,,,,,,,
1974,cch,,,,,,,,,,,,,,,,,2,9,3,,,,,,3,,,,1030,550,3,,,,,,,,,,,,,,,,,,,,,,,,,,,,,,
1975,BN,,,,,,,,,,,,,,,,,,,,,,,,,,,,,,,,,,,,,,,,,,,,,,,,,,,,,,,,,,,,,
1975,IIEc,,,,,,,,,,,,,,,,,,,,,,,,,,,,,2,1,1,,,,,,,,,,,,,,,,,,,,,,,,,,,,,,
1975,IIE,,,,,,,,,,,,,,,,,,,,,,,,,,,,,1,,1,1,,,,,,,,,,,,,,,,,,,,,,,,,,,,,
1975,IIF,1,,,,,,,,,,,,,,,,,,,,,,,,,,,,,,1,,,,,,,,,,,,,,,,,,,,,,,,,,,,,,
1975,IIH,,,,,,,,,,,,,,,,,,,,,,,,,,,,,,,1,,,,,,,,,,,,,,,,,,,,,,,,,,,,,,
1975,IIJ,,,,,,,,,,,,,,,,,,,,,,,,,,,,,1,,,,,,,,,,,,,,,,,,,,,,,,,,,,,,,,
1975,IIS,,,,,,,,,,,,,,,,,,,,,,,,,,,,,3,1,,2,1,1,,,,,,,,,,,,,,,,,,,,,,,,,,,
1975,IIAntropología,,,,,,,,,,,,,,,,,,,,,,,,,,,,,1,1,1,,,,,,,,,,,,,,,,,,,,,,,,,,,,,,
1975,CELiterarios,,,,,,,,,,,,,,,,,,,,,,,,,,,,,3,3,1,,,,,,,,,,,,,,,,,,,,,,,,,,,,,,
1975,Centro de Estudios Clasicos,,,,,,,,,,,,,,,,,,,,,,,,,,,,,1,1,,,,,,,,,,,,,,,,,,,,,,,,,,,,,,,
1975,Centro de Estudios Mayas,,,,,,,,,,,,,,,,,,,,,,,,,,,,,,1,,,,,,,,,,,,,,,,,,,,,,,,,,,,,,,
1975,Centro de Lingüística Hispanica,,,,,,,,,,,,,,,,,,,,,,,,,,,,,1,1,,,,,,,,,,,,,,,,,,,,,,,,,,,,,,,
1975,CIMASS,,,,,,,,,,,,,,,,,,,,,,,,,,,,,7,,1,,4,1,,,,,,,,,,,,,,,,,,,,,,,,,,,
1975,CIMateriales,,,,,,,,,,,,,,,,,,,,,,,,,,,,,13,,,,2,,,,,,,,,,,,,,,,,,,,,,,,,,,,
1975,CEN,,,,,,,,,,,,,,,,,,,,,,,,,,,,,1,2,3,,2,,,,,,,,,,,,,,,,,,,,,,,,,,,,
1975,Centro de instrumentos,,,,,,,,,,,,,,,,,,,,,,,,,,,,,4,,,,1,,,,,,,,,,,,,,,,,,,,,,,,,,,,
1975,Centro de informacion ientifica y humanistica,,,,,,,,,,,,,,,,,,,,,,,,,,,,,2,,,,,,,,,,,,,,,,,,,,,,,,,,,,,,,,
1975,centro de servicios de computo,,,,,,,,,,,,,,,,,,,,,,,,,,,,,,,,,2,1,,,,,,,,,,,,,,,,,,,,,,,,,,,
1975,Centro de ciencias del mar y limnologia,,,,,,,,,,,,,,,,,,,,,,,,,,,,,4,,2,,1,,,,,,,,,,,,,,,,,,,,,,,,,,,,
1975,IA,,,,,,,,,,,,,,,,,,,,,,,,,,,,,1,1,1,,1,,,,,,,,,,,,,,,,,,,,,,,,,,,,
1975,Ibio,,,,,,,,,,,,,,,,,,,,,,,,,,,,,6,,7,4,,,,,,,,,,,,,,,,,,,,,,,,,,,,,
1975,IF,,,,,,,,,,,,,,,,,,,,,,,,,,,,,7,1,2,,3,,,,,,,,,,,,,,,,,,,,,,,,,,,,
1975,Igeofísica,,,,,1,,,,,,,,,,,,,,,,,,,,,,,,3,,1,,,,,,,,,,,,,,,,,,,,,,,,,,,,,,
1975,Igeografía,,,,,3,1,,1,,,,,,,,,4,3,,2,2,3,,,,,,,,1,2,5,,,,,,,,,,,,,,,,,,,,,,,,,,,,,
1975,Igeología,,,,,3,,2,1,,,1,,1,,,,17,3,2,2,2,2,1,2,,,1,,7,1,,,,,,,,,,,,,,,,,,,,,,,,,,,,,,,
1975,IIBIOMÉDICAS,1,,,,6,,3,1,7,,1,,,,,,5,3,2,3,2,4,1,1,1,2,,,4,1,1,,,,,,,,,,,,,,,,,,,,,,,,,,,,,,
1975,IM,,,,,3,1,4,,8,,,,,,,,1,,1,,1,1,,,,,,,2,,6,1,,,,,,,,,,,,,,,,,,,,,,,,,,,,,
1975,IQ,,,,,2,1,3,1,6,,,,,,,,3,,2,,2,,,,,,,,3,,,,2,,,,,,,,,,,,,,,,,,,,,,,,,,,,
1975,JB,,,,,,,,,,,,,,,,,,,,,,,,,,,,,,,,,,,,,,,,,,,,,,,,,,,,,,,,,,,,,
1975,Chamela,,,,,,,,,,,,,,,,,,,,,,,,,,,,,1,,,,,,,,,,,,,,,,,,,,,,,,,,,,,,,,
1975,ENA,2,,,,1,,,,,,5,,1,,,,,,1,1,,,,,13,,,,439,52,120,11,53,11,,,,,,,,,,,,,,,,,,,,,,,,,,,
1975,ENAP,,,,,,,,,,,,,,,,,,,,,,,,,,,,,45,6,30,6,3,3,,,,,,,,,,,,,,,,,,,,,,,,,,,
1975,FC,,,,,1,1,9,1,5,,1,1,1,,1,,3,,4,,4,2,,,1,3,4,,114,59,40,10,265,167,,,,,,,,,,,,,,,,,,,,,,,,,,,
1975,FCPyS,,,,,7,1,14,,8,,6,1,,,1,,4,4,7,,7,1,1,2,1,2,,2,126,39,26,2,127,63,,,,,,,,,,,,,,,,,,,,,,,,,,,
1975,FCA,,,,,8,,4,,,,10,,2,,,,8,2,3,2,5,3,2,1,3,,1,1,338,37,107,5,8,2,,,,,,,,,,,,,,,,,,,,,,,,,,,
1975,FD,,,,,3,2,2,1,8,1,9,1,7,,7,,,,,,1,,,,3,1,1,,173,14,65,4,41,20,,,,,,,,,,,,,,,,,,,,,,,,,,,
1975,ENE,4,,,,21,5,,,,,8,,,,5,2,,,3,,,,,,7,1,,,94,17,27,2,74,14,,,,,,,,,,,,,,,,,,,,,,,,,,,
1975,ENEO,,,,,,,1,,,,,,,,,,,,,,,,,,1,,,,31,58,12,25,2,3,,,,,,,,,,,,,,,,,,,,,,,,,,,
1975,FFyL,1,,,,3,3,3,2,6,1,2,1,,,2,,3,3,8,6,1,2,15,8,3,2,,,50,55,53,38,9,21,,,,,,,,,,,,,,,,,,,,,,,,,,,
1975,FI,,,,,10,,8,,2,,11,,10,,,,9,2,3,,4,,2,,2,,8,,505,15,169,2,156,15,,,,,,,,,,,,,,,,,,,,,,,,,,,
1975,II,,,,,9,,6,,3,,3,,2,,,,1,,2,,,,,,3,,1,,9,1,6,,,,,,,,,,,,,,,,,,,,,,,,,,,,,,
1975,FM,1,,,,12,1,9,2,9,,3,,2,,5,,3,,5,6,9,1,1,,3,,1,,1313,146,268,11,1425,239,,,,,,,,,,,,,,,,,,,,,,,,,,,
1975,FMVZ,,,,,25,6,8,,,1,2,,1,,,,,,,,3,,,,,,,,30,7,41,4,62,17,,,,,,,,,,,,,,,,,,,,,,,,,,,
1975,ENM,,,,,,,,,,,,,,,,,,,1,,,,,,,,,,31,12,23,16,12,11,,,,,,,,,,,,,,,,,,,,,,,,,,,
1975,ENO,,,,,1,,,,,,16,1,1,,,,,,,,,,,,,,,,117,17,106,8,118,50,,,,,,,,,,,,,,,,,,,,,,,,,,,
1975,FP,,,,,9,1,,,1,,2,,,,1,,12,13,6,1,,,7,10,6,2,,,39,26,21,4,32,46,,,,,,,,,,,,,,,,,,,,,,,,,,,
1975,FQ,1,,,,27,16,4,2,2,1,7,3,3,2,,,,1,7,1,4,3,,,2,,,,138,64,50,7,219,181,,,,,,,,,,,,,,,,,,,,,,,,,,,
1975,ENTS,,,,,,,,,,,,,,,,,,,,,,,,,2,,,,6,11,3,3,6,10,,,,,,,,,,,,,,,,,,,,,,,,,,,
1975,ENEP Cuautitlan,,,,,,,2,,1,,,,,,,,,,,,3,,1,,,,,,167,28,4,,111,24,,,,,,,,,,,,,,,,,,,,,,,,,,,
1975,ENEP Actlan,,,,,,,,,,,,,,1,,,,,,,,,1,,,,,,101,28,2,,23,8,,,,,,,,,,,,,,,,,,,,,,,,,,,
1975,ENEP Iztacala,,,,,,,,,,,,,,,,,1,1,1,,,,,1,,,,,68,38,2,1,56,29,,,,,,,,,,,,,,,,,,,,,,,,,,,
1975,CELE,,,,,6,,,,,,,,,,,,,,,,,,,,,,,,12,16,2,5,,,,,,,,,,,,,,,,,,,,,,,,,,,,,
1975,CUEC,,,,,,,,,,,1,,,,,,1,1,,,,,,,,,,,1,,,,,,,,,,,,,,,,,,,,,,,,,,,,,,,,
1975,ENP,1,,,,5,3,2,5,5,3,2,1,2,1,1,2,,,2,,,,,,,,,,457,240,612,408,19,19,,,,,,,,,,,,,,,,,,,,,,,,,,,
1975,CCH,,,,,2,,,,,,,,,,,,1,2,40,10,1,,,,1,2,,,995,569,3,,7,1,,,,,,,,,,,,,,,,,,,,,,,,,,,
1976,HN,,,,,,,1,,,,,,,,,,,,,,,,,,,,,,,,,,,,,1,,,,,,,,,,,,,,,,,,,,,,,,,
1976,IIEc,,,,,,,,,,,,,,,,,,,,,,,,,,,,,4,1,1,,,,1,1,,,,,,,,,,,,,,,,,,,,,,,,,
1976,IIE,,,,,,,,,,,,,,,,,,,,,,,,,,,,,1,,1,3,,,,1,,,,,,,,,,,,,,,,,,,,,,,,,
1976,IIF,,,,,,,,,,,,,,,,,,,,,,,,,,,,,,2,1,,,,,,,,,,,,,,,,,,,,,,,,,,,,,,
1976,IIH,,,,,,,,,,,,,,,,,,,,,,,,,,,,,1,,1,,,,,,,,,,,,,,,,,,,,,,,,,,,,,,
1976,IIJ,,,,,,,,,,,,,,,,,,,,,,,,,,,,,2,,1,,,,,,,,,,,,,,,,,,,,,,,,,,,,,,
1976,IIS,,,,,,,,,,,,,,,,,,,,,1,,,,,,,,5,1,1,,,,1,2,,,,,,,,,,,,,,,,,,,,,,,,,
1976,IIAntropología,,,,,,,1,,,,,,,,,,,,,,,,,,,,,,10,,1,,,,4,1,,,,,,,,,,,,,,,,,,,,,,,,,
1976,CELiterarios,,,,,,,,,,,,,,,,,,,,,,,,,,,,,3,3,1,,,,,,,,,,,,,,,,,,,,,,,,,,,,,,
1976,Centro de Estudios Clasicos,,,,,,,,,,,,,,,,,,,,,,,,,,,,,,2,1,,,,,,,,,,,,,,,,,,,,,,,,,,,,,,
1976,Centro de Estudios Mayas,,,,,,,,,,,,,,,,,,,,,,,,,,,,,,2,,,,,,,,,,,,,,,,,,,,,,,,,,,,,,,
1976,Centro de Lingüística Hispanica,,,,,,,,,,,,,,,,,,,,,,,,,,,,,1,1,,,,,,,,,,,,,,,,,,,,,,,,,,,,,,,
1976,CIMateriales,,,,,,,,,,,,,,,,,,,,,,,,,,,,,21,,,,,,2,,,,,,,,,,,,,,,,,,,,,,,,,,
1976,CEN,,,,,,,,,,,,,,,,,,,,,,,,,,,,,1,1,3,,,,1,,,,,,,,,,,,,,,,,,,,,,,,,,
1976,Centro de instrumentos,,,,,,,,,,,,,,,,,,,,,,,,,,,,,4,,,,,,,,1,,,,,,,,,,,,,,,,,,,,,,,,
1976,Centro de informacion ientifica y humanistica,,,,,,,,,,,,,,,,,,,,,,,,,,,,,,,2,,,,,,,,,,,,,,,,,,,,,,,,,,,,,,
1976,centro de servicios de computo,,,,,,,,,,,,,,,,,,,,,,,,,,,,,,,,,,,,,1,1,,,,,,,,,,,,,,,,,,,,,,,
1976,Centro de ciencias del mar y limnologia,,,,,,,,,,,,,,,,,,,,,,,,,,,,,4,1,2,,,,,,1,,,,,,,,,,,,,,,,,,,,,,,,
1976,IA,,,,,,,,,,,,,,,,,,,,,,,,,,,,,1,1,1,,,,,,1,,,,,,,,,,,,,,,,,,,,,,,,
1976,Ibio,,,,,,,,,,,,,,,,,,,,,,,,,,,,,11,3,14,6,,,,,1,1,,,,,,,,,,,,,,,,,,,,,,,
1976,JB,,,,,,,,,,,,,,,,,,,,,,,,,,,,,1,1,,,,,,,,1,,,,,,,,,,,,,,,,,,,,,,,
1976,Chamela,,,,,,,,,,,,,,,,,,,,,,,,,,,,,1,,,,,,,,,,,,,,,,,,,,,,,,,,,,,,,,
1976,IF,,,,,,,,,,,,,,,,,,,,,,,,,,,,,13,3,13,1,,,,,3,,,,,,,,,,,,,,,,,,,,,,,,
1976,Igeofísica,,,,,,,,,,,,,,,,,,,,,,,,,,,,,4,,1,,,,,,1,,,,,,,,,,,,,,,,,,,,,,,,
1976,Igeografía,,,,,,,,,,,,,,,,,,,,,,,,,,,,,1,2,2,5,,,,,1,,,,,,,,,,,,,,,,,,,,,,,,
1976,Igeología,,,,,,,,,,,,,,,,,,,,,,,,,,,,,6,1,3,1,,,,,,2,,,,,,,,,,,,,,,,,,,,,,,
1976,IIBIOMÉDICAS,,,,,,,,,,,,,,,,,,,,,,,,,,,,,5,,1,,,,,,1,,,,,,,,,,,,,,,,,,,,,,,,
1976,IM,,,,,,,,,,,,,,,,,,,,,,,,,,,,,2,,7,2,,,,,,,,,,,,,,,,,,,,,,,,,,,,,
1976,IQ,,,,,,,,,,,,,,,,,,,,,,,,,,,,,8,,3,,,,,,1,,,,,,,,,,,,,,,,,,,,,,,,
1976,ENA,1,,,,1,,,,,,4,1,2,,,,1,,,,,,,,11,1,,,371,57,108,9,,,,,54,8,,,,,,,,,,,,,,,,,,,,,,,
1976,ENAP,,,,,,,,,,,,,,,,,,,,,,,,,,,,,52,6,32,1,,,,,11,7,,,,,,,,,,,,,,,,,,,,,,,
1976,FC,,,,,1,1,4,,5,,,,2,,1,,2,,8,2,2,1,,,,2,3,1,103,60,53,9,,,1,,293,191,,,,,,,,,,,,,,,,,,,,,,,
1976,FCPyS,,,,,10,1,13,,7,2,6,,,,1,,1,7,9,,6,3,1,,,2,1,2,144,47,23,1,,,19,20,114,66,,,,,,,,,,,,,,,,,,,,,,,
1976,FCA,,,,,10,2,4,1,,,10,,1,,,,5,,4,3,4,1,2,1,3,,1,1,325,44,100,6,,,,,1,2,,,,,,,,,,,,,,,,,,,,,,,
1976,FD,,,,,2,2,2,1,9,1,7,3,5,,8,,,,,,1,,,,3,,,,167,15,62,5,,,,,36,19,,,,,,,,,,,,,,,,,,,,,,,
1976,ENE,,,,,26,6,,,,,6,,,,6,4,,,,,1,,,,7,1,,,102,26,24,2,,,4,2,86,18,,,,,,,,,,,,,,,,,,,,,,,
1976,ENEO,,,,,,,1,,,,,,,,,,,,,,,,,,,,,,27,82,11,23,,,,,4,4,,,,,,,,,,,,,,,,,,,,,,,
1976,FFyL,1,,,,4,4,2,,5,1,,2,2,1,2,,1,,5,6,5,3,10,6,3,2,,1,51,50,55,33,,,2,7,5,17,1,,,,,,,,,,,,,,,,,,,,,,
1976,FI,,,,,9,,6,,1,,13,,8,,2,,11,2,2,,4,1,2,,2,1,5,,513,21,156,2,,,50,1,121,10,,,,,,,,,,,,,,,,,,,,,,,
1976,II,,,,,2,,2,,,,1,,1,,,,,,4,,1,,,,,,,,18,,12,,,,,,1,,,,,,,,,,,,,,,,,,,,,,,,
1976,FM,1,,,,13,2,7,2,8,1,3,,3,,6,2,4,2,6,4,6,1,,,4,,1,,1408,139,316,10,,,,,1581,294,,,,,,,,,,,,,,,,,,,,,,,
1976,FMVZ,,,,,24,6,6,,1,1,2,,1,,,,1,,,,3,,,,,,1,,36,5,41,6,,,,,70,25,,,,,,,,,,,,,,,,,,,,,,,
1976,ENM,,,,,,,,,,,,,,,,,,,1,,,,,,,,,,36,15,19,15,,,1,,13,11,,,,,,,,,,,,,,,,,,,,,,,
1976,FO,,,,,,,,,,,13,1,1,,,,,,,,,,,,,,,,117,27,106,8,,,,,120,58,,,,,,,,,,,,,,,,,,,,,,,
1976,FP,,,,,10,3,1,,1,,3,,,,1,,5,11,5,2,1,,6,11,5,4,,,35,27,17,3,,,,,28,47,,,,,,,,,,,,,,,,,,,,,,,
1976,FQ,,,,,26,16,6,3,1,1,5,2,2,3,,,,1,8,1,5,4,,,1,,,,163,135,57,8,,,,,161,116,,,,,,,,,,,,,,,,,,,,,,,
1976,ENTS,,,,,,,,,,,,,,,,,,,,,,,,,2,,,,9,18,5,3,,,,,1,9,,,,,,,,,,,,,,,,,,,,,,,
1976,EPE,,,,,,,,,,,,,,,,,,,,,,,,,,,,,17,24,3,1,,,,,,,,,,,,,,,,,,,,,,,,,,,,,
1976,CELE,,,,,2,,2,,,,,,,,,,,1,,,,,,,,,,,14,23,1,7,,,,,1,,,,,,,,,,,,,,,,,,,,,,,,
1976,CUEC,,,,,,,,,,,1,,,,,,,,,,1,,,,,,,,,,,,,,,,,,,,,,,,,,,,,,,,,,,,,,,,
1976,ENEPC,,,,,1,,3,1,2,,,,,,,,,,,,1,,,,,,,,186,33,5,1,,,3,5,110,39,,,,,,,,,,,,,,,,,,,,,,,
1976,ENEPAc,,,,,4,1,,,,1,1,1,,,,,,2,2,1,,1,5,,5,,,,230,72,5,2,,,,,37,11,,,,,,,,,,,,,,,,,,,,,,,
1976,ENEPI,,,,,,,,,,,,,1,,,,4,,1,,,,,1,,,,,112,62,3,1,,,43,18,81,34,,,,,,,,,,,,,,,,,,,,,,,
1976,ENEPAr,,,,,,,1,,,,,,,,,,,,1,,,,,1,,,,,79,6,2,,,,7,2,16,4,,,,,,,,,,,,,,,,,,,,,,,
1976,ENEPZ,,,,,1,,,,,,,,,,,,4,4,2,,,,,,,,1,,20,21,1,1,,,1,23,22,,,,,,,,,,,,,,,,,,,,,,,,
1976,ENP,,,,,4,2,3,6,5,3,1,1,,3,1,2,,,4,,,,,1,,1,,,439,242,636,419,,,,,18,22,,,,,,,,,,,,,,,,,,,,,,,
1976,CCH,,,,,,,2,,2,,,,,,,,,,9,,,,,,,,,,1009,655,2,,,,,,32,12,,,,,,,,,,,,,,,,,,,,,,,
1977,BN,,,,,,,,,,,,,,,,,,,,,,,,,,,,,,,,1,,,,,,,,,,,,,,,,,,,,,,,,,,,,,
1977,HN,,,,,,,,,,,,,,,,,,,,,,,,,,,,,,,,,,,,,,1,,,,,,,,,,,,,,,,,,,,,,,
1977,IIEc,,,,,,,,,,,,,,,,,,,,,,,,,,,,,9,2,1,,,,,,2,1,,,,,,,,,,,,,,,,,,,,,,,
1977,IIE,,,,,,,,,,,,,,,,,,,,,,,,,,,,,,1,2,3,,,,,,1,,,,,,,,,,,,,,,,,,,,,,,
1977,IIF,,,,,,,,,,,,,,,,,,,,,,,,,,,,,,1,2,,,,,,,,,,,,,,,,,,,,,,,,,,,,,,
1977,IIH,,,,,,,,,,,,,,,,,,,,,,,,,,,,,3,,2,,,,,,,,,,,,,,,,,,,,,,,,,,,,,,
1977,IIJ,,,,,,,,,,,,,,,,,,,,,,,,,,,,,7,2,1,,,,,,,,,,,,,,,,,,,,,,,,,,,,,,
1977,IIS,,,,,,,,,,,,,,,,,,,,,,,,,,,,,6,2,1,2,,,1,1,,,,,,,,,,,,,,,,,,,,,,,,,
1977,IIFilológicas,,,,,,,,,,,,,,,,,,,,,,,,,,,,,,1,1,,,,,,,,,,,,,,,,,,,,,,,,,,,,,,
1977,CELiterarios,,,,,,,,,,,,,,,,,,,,,,,,,,,,,3,2,,,,,,,,,,,,,,,,,,,,,,,,,,,,,,,
1977,Centro de Lingüística Hispanica,,,,,,,,,,,,,,,,,,,,,,,,,,,,,1,2,4,,,,,,,,,,,,,,,,,,,,,,,,,,,,,,
1977,Centro de Estudios Clasicos,,,,,,,,,,,,,,,,,,,,,,,,,,,,,3,1,3,,,,,,,,,,,,,,,,,,,,,,,,,,,,,,
1977,Centro de Estudios Mayas,,,,,,,,,,,,,,,,,,,,,,,,,,,,,,2,,,,,,,,,,,,,,,,,,,,,,,,,,,,,,,
1977,IIAntropología,,,,,,,,,,,,,,,,,,,,,,,,,,,,,3,,,,,,,,,,,,,,,,,,,,,,,,,,,,,,,,
1977,CIMateriales,,,,,,,,,,,,,,,,,,,,,,,,,,,,,19,1,2,,,,,,3,,,,,,,,,,,,,,,,,,,,,,,,
1977,CEN,,,,,,,,,,,,,,,,,,,,,,,,,,,,,2,,,,,,,,4,,,,,,,,,,,,,,,,,,,,,,,,
1977,Centro de instrumentos,,,,,,,,,,,,,,,,,,,,,,,,,,,,,5,,,,,,,,,,,,,,,,,,,,,,,,,,,,,,,,
1977,Centro de informacion ientifica y humanistica,,,,,,,,,,,,,,,,,,,,,,,,,,,,,,,1,,,,,,,,,,,,,,,,,,,,,,,,,,,,,,
1977,Centro de ciencias del mar y limnologia,,,,,,,,,,,,,,,,,,,,,,,,,,,,,4,1,2,,,,,,1,,,,,,,,,,,,,,,,,,,,,,,,
1977,IA,,,,,,,,,,,,,,,,,,,,,,,,,,,,,,1,2,,,,,,,,,,,,,,,,,,,,,,,,,,,,,,
1977,Ibio,,,,,,,,,,,,,,,,,,,,,,,,,,,,,8,4,12,,,,,,3,2,,,,,,,,,,,,,,,,,,,,,,,
1977,JB,,,,,,,,,,,,,,,,,,,,,,,,,,,,,1,1,,,,,,,,,,,,,,,,,,,,,,,,,,,,,,,
1977,Chamela,,,,,,,,,,,,,,,,,,,,,,,,,,,,,1,,,,,,,,,,,,,,,,,,,,,,,,,,,,,,,,
1977,IF,,,,,,,,,,,,,,,,,,,,,,,,,,,,,6,1,2,,,,,,2,,,,,,,,,,,,,,,,,,,,,,,,
1977,Igeofísica,,,,,,,,,,,,,,,,,,,,,,,,,,,,,6,1,1,,,,3,,3,,,,,,,,,,,,,,,,,,,,,,,,
1977,Igeografía,,,,,,,,,,,,,,,,,,,,,,,,,,,,,1,2,2,4,,,,,1,,,,,,,,,,,,,,,,,,,,,,,,
1977,Igeología,,,,,,,,,,,,,,,,,,,,,,,,,,,,,6,2,7,2,,,,,,,,,,,,,,,,,,,,,,,,,,,,,
1977,IIBIOMÉDICAS,,,,,,,,,,,,,,,,,,,,,,,,,,,,,4,1,1,,,,,,3,,,,,,,,,,,,,,,,,,,,,,,,
1977,IM,,,,,,,,,,,,,,,,,,,,,,,,,,,,,4,,8,2,,,,,1,,,,,,,,,,,,,,,,,,,,,,,,
1977,IQ,,,,,,,,,,,,,,,,,,,,,,,,,,,,,12,,4,,,,,,1,,,,,,,,,,,,,,,,,,,,,,,,
1977,IIMAS,,,,,,,1,,,,,,,,,1,,,,,,1,,,,,,,10,,1,,,,,,2,1,,,,,,,,,,,,,,,,,,,,,,,
1977,II,,,,,,,,,,,,,,,,,,,,,,,,,,,,,29,,13,1,,,,,3,,,,,,,,,,,,,,,,,,,,,,,,
1977,ENA,1,,,,5,,6,,,,5,,10,,,,,,,,,,1,,4,2,,,304,53,225,28,,,,,32,6,,,,,,,,,,,,,,,,,,,,,,,
1977,ENAP,,,,,,,,,,,,,,,,,,,,,,,,,,,,,48,9,34,2,,,3,2,11,6,,,,,,,,,,,,,,,,,,,,,,,
1977,FC,,,,,3,,6,,5,1,1,,2,,1,,6,1,4,6,6,1,,,,1,2,1,117,58,44,18,,,,,275,201,,,,,,,,,,,,,,,,,,,,,,,
1977,FCPyS,,,,,5,,11,1,8,1,5,,,,5,,8,7,6,3,7,4,1,1,,3,1,1,133,36,26,1,,,70,52,74,45,,,,,,,,,,,,,,,,,,,,,,,
1977,FCA,,,,,11,4,3,,1,,11,1,1,,,,5,,4,2,4,2,1,,2,1,,,278,38,90,4,,,,,,1,,,,,,,,,,,,,,,,,,,,,,,
1977,FD,,,,,1,1,3,3,9,1,5,1,6,2,7,,,,,,1,,,,3,,,,146,12,56,2,,,9,7,35,13,,,,,,,,,,,,,,,,,,,,,,,
1977,FE,2,,,,29,7,3,2,,,6,1,,,8,2,1,,2,,,2,1,1,6,2,1,,154,20,20,1,,,25,5,55,17,,,,,,,,,,,,,,,,,,,,,,,
1977,ENEO,,,,,,,,1,,,,,,,,,,,,,,,,,,,,,28,73,15,20,,,,,,5,,,,,,,,,,,,,,,,,,,,,,,
1977,FFyL,2,,,,8,5,5,,6,1,,2,2,1,2,,,3,5,7,4,6,5,17,2,6,1,,57,73,49,32,,,,,16,20,,,,,,,,,,,,,,,,,,,,,,,
1977,FI,,,,,13,,7,,3,,14,,6,,4,,11,1,4,,7,1,4,,1,,6,,575,18,151,2,,,41,1,84,13,,,,,,,,,,,,,,,,,,,,,,,
1977,FM,4,,,,20,6,11,2,15,1,4,,3,,9,,15,7,10,2,16,1,,,4,,1,,1576,188,348,18,,,103,15,1496,313,,,,,,,,,,,,,,,,,,,,,,,
1977,FMVZ,,,,,22,3,9,,3,2,1,,1,,,,2,,1,,9,,1,,,,1,,49,7,39,3,,,,,76,32,,,,,,,,,,,,,,,,,,,,,,,
1977,ENM,,,,,,,,,,,,,,,,,,,,,,,,,,,,,38,14,25,15,,,,,15,11,,,,,,,,,,,,,,,,,,,,,,,
1977,FO,,,,,1,,,,2,,20,1,4,,,,,,,,,,,,,,,,146,39,108,10,,,,,120,68,,,,,,,,,,,,,,,,,,,,,,,
1977,FP,,,,,8,3,,,2,,3,,,,1,,11,23,6,3,2,2,5,13,5,4,,,30,34,17,3,,,2,3,34,50,,,,,,,,,,,,,,,,,,,,,,,
1977,FQ,,,,,18,12,10,7,3,1,4,1,3,2,,1,,,7,2,5,6,,,1,,,,169,140,56,10,,,,,150,105,,,,,,,,,,,,,,,,,,,,,,,
1977,ENTS,,,,,,,,,,,,,,,,,,,,,,,,,2,2,,,14,23,5,3,,,,,1,5,,,,,,,,,,,,,,,,,,,,,,,
1977,EPE,,,,,,,,,,,,,,,,,,,,,,,,,,,,,23,23,3,3,,,,,,,,,,,,,,,,,,,,,,,,,,,,,
1977,CELE,,,,,1,,2,,,,,,,,,,,,,1,,,,,,,,,14,23,2,8,,,,,,,,,,,,,,,,,,,,,,,,,,,,,
1977,CUEC,,,,,,,,,,,,,,,,,2,,,,2,,2,,,,1,,2,,,,,,,,,,,,,,,,,,,,,,,,,,,,,,,,
1977,ENEPC,,,,,5,,3,,2,,,,,,,,2,,1,,4,1,,,,,,,242,48,7,,,,32,18,98,41,,,,,,,,,,,,,,,,,,,,,,,
1977,ENEPAc,,,,,9,5,3,,2,,2,2,1,,1,,11,3,6,1,5,1,12,3,11,3,,1,313,88,6,2,,,3,4,59,25,,,,,,,,,,,,,,,,,,,,,,,
1977,ENEPI,,,,,1,,2,,1,,2,,1,,,,,,,,,,,,,,,,187,88,1,1,,,80,40,107,74,,,,,,,,,,,,,,,,,,,,,,,
1977,ENEPAr,,,,,,,,,,,,,,,,,,,,,,,,,,,,,152,19,4,,,,5,2,37,9,,,,,,,,,,,,,,,,,,,,,,,
1977,ENEPZ,,,,,1,,1,,,,,,,,,,11,8,1,2,2,2,,,1,,,,69,106,2,,,,32,19,43,52,,,,,,,,,,,,,,,,,,,,,,,
1977,ENP,1,,,,1,,3,1,,1,,,,1,,1,,,9,1,,1,,,,,,,469,250,637,409,,,,,13,17,,,,,,,,,,,,,,,,,,,,,,,
1977,CCH,,,,,,,,,,,,,,,,,,,,,,,,,,,,,991,497,38,18,,,2,,53,14,,,,,,,,,,,,,,,,,,,,,,,
1978,CELU,,,,,,,,,,,,,,,,,,,,,,,,,,,,,1,1,,,,,,,,,,,,,,,,,,,,,,,,,,,,,,,
1978,BN,,,,,,,,,,,,,,,,,,,,,,,,,,,,,1,,,1,,,,,3,,,,,,,,,,,,,,,,,,,,,,,,
1978,HN,,,,,,,,,,,,,,,,,,,,,,,,,,,,,1,,,,,,,,,,,,,,,,,,,,,,,,,,,,,,,,
1978,IIEc,,,,,,,,,,,,,,,,,,,,,,,,,,,,,10,2,,,,,2,,,,,,,,,,,,,,,,,,,,,,,,,,
1978,IIE,,,,,,,,,,,,,,,,,,,,,,,,,,,,,,1,2,2,,,,1,,,,,,,,,,,,,,,,,,,,,,,,,
1978,IIF,,,,,,,,,,,,,,,,,,,,,,,,,,,,,,,1,,,,,,,,,,,,,,,,,,,,,,,,,,,,,,
1978,IIH,,,,,,,,,,,,,,,,,,,,,,,,,,,,,3,,3,,,,,,,,,,,,,,,,,,,,,,,,,,,,,,
1978,IIJ,,,,,,,,,,,,,,,,,,,,,,,,,,,,,7,2,2,,,,,,,,,,,,,,,,,,,,,,,,,,,,,,
1978,IIS,,,,,,,,,,,,,,,,,,,,,,,,,,,,,4,2,1,,,,,1,,2,,,,,,,,,,,,,,,,,,,,,,,
1978,IIFilológicas,,,,,,,,,,,,,,,,,,,,,,,,,,,,,,,2,,,,,,,,,,,,,,,,,,,,,,,,,,,,,,
1978,CELiterarios,,,,,,,,,,,,,,,,,,,,,,,,,,,,,1,2,,,,,,,,,,,,,,,,,,,,,,,,,,,,,,,
1978,Centro de Lingüística Hispanica,,,,,,,,,,,,,,,,,,,,,,,,,,,,,,1,,,,,,,,,,,,,,,,,,,,,,,,,,,,,,,
1978,Centro de Estudios Clasicos,,,,,,,,,,,,,,,,,,,,,,,,,,,,,4,1,3,1,,,,,,,,,,,,,,,,,,,,,,,,,,,,,
1978,Centro de Estudios Mayas,,,,,,,,,,,,,,,,,,,,,,,,,,,,,,2,,,,,,,,,,,,,,,,,,,,,,,,,,,,,,,
1978,IIAntropología,,,,,,,,,,,,,,,,,,,,,,,,,,,,,3,,1,,,,,,1,,,,,,,,,,,,,,,,,,,,,,,,
1978,CIMateriales,,,,,,,,,,,,,,,,,,,,,,,,,,,,,19,2,2,,,,,,2,,,,,,,,,,,,,,,,,,,,,,,,
1978,CEN,,,,,,,,,,,,,,,,,,,,,,,,,,,,,2,,3,,,,,,1,,,,,,,,,,,,,,,,,,,,,,,,
1978,Centro de instrumentos,,,,,,,,,,,,,,,,,,,,,,,,,,,,,6,,,,,,,,,,,,,,,,,,,,,,,,,,,,,,,,
1978,Centro de informacion ientifica y humanistica,,,,,,,,,,,,,,,,,,,,,,,,,,,,,,,1,,,,,,,,,,,,,,,,,,,,,,,,,,,,,,
1978,Centro Scomputo,,,,,,,,,,,,,,,,,,,,,,,,,,,,,1,,,,,,,,1,,,,,,,,,,,,,,,,,,,,,,,,
1978,Centro de ciencias del mar y limnologia,,,,,,,,,,,,,,,,,,,,,,,,,,,,,3,1,2,,,,,,1,,,,,,,,,,,,,,,,,,,,,,,,
1978,IA,,,,,,,,,,,,,,,,,,,,,,,,,,,,,,1,2,,,,,,,,,,,,,,,,,,,,,,,,,,,,,,
1978,Ibio,,,,,,,,,,,,,,,,,,,,,,,,,,,,,9,8,11,9,,,,,1,2,,,,,,,,,,,,,,,,,,,,,,,
1978,JB,,,,,,,,,,,,,,,,,,,,,,,,,,,,,1,1,,,,,,,,,,,,,,,,,,,,,,,,,,,,,,,
1978,Tuxtlas,,,,,,,,,,,,,,,,,,,,,,,,,,,,,,,1,,,,,,,,,,,,,,,,,,,,,,,,,,,,,,
1978,Chamela,,,,,,,,,,,,,,,,,,,,,,,,,,,,,1,,,,,,,,,,,,,,,,,,,,,,,,,,,,,,,,
1978,IF,,,,,,,,,,,,,,,,,,,,,,,,,,,,,11,2,11,3,,,,,1,1,,,,,,,,,,,,,,,,,,,,,,,
1978,Igeofísica,,,,,,,,,,,,,,,,,,,,,,,,,,,,,4,1,2,,,,,,2,,,,,,,,,,,,,,,,,,,,,,,,
1978,Igeografía,,,,,,,,,,,,,,,,,,,,,,,,,,,,,2,,1,6,,,,,1,1,,,,,,,,,,,,,,,,,,,,,,,
1978,Igeología,,,,,,,,,,,,,,,,,,,,,,,,,,,,,8,1,7,1,,,,,,,,,,,,,,,,,,,,,,,,,,,,,
1978,IIBIOMÉDICAS,,,,,,,,,,,,,,,,,,,,,,,,,,,,,2,1,3,1,,,,,4,1,,,,,,,,,,,,,,,,,,,,,,,
1978,IM,,,,,,,,,,,,,,,,,,,,,,,,,,,,,4,,7,2,,,,,1,,,,,,,,,,,,,,,,,,,,,,,,
1978,IQ,,,,,,,,,,,,,,,,,,,,,,,,,,,,,12,,4,,,,,,,,,,,,,,,,,,,,,,,,,,,,,,
1978,IIMAS,,,,,,,1,,,,,,,,,,,,,,,,,,,,,,11,,,,,,,,2,2,,,,,,,,,,,,,,,,,,,,,,,
1978,II,,,,,,,2,,,,,,1,,,,,,3,,,,,,,,,,25,,8,1,,,,,3,,,,,,,,,,,,,,,,,,,,,,,,
1978,ENA,1,,,,4,,6,,1,,4,,6,,,,,,,,,,,,,,,,316,56,228,28,,,,,36,6,,,,,,,,,,,,,,,,,,,,,,,
1978,ENAP,,,,,,,,,1,,,,,,,,,,,,,,,,,,,,40,10,32,2,,,3,2,11,5,,,,,,,,,,,,,,,,,,,,,,,
1978,FC,,,,,3,,6,1,5,,2,,2,,1,,8,2,5,6,4,6,1,,,2,1,1,141,67,44,15,,,,,291,204,,,,,,,,,,,,,,,,,,,,,,,
1978,FCPyS,,,,,5,,11,2,10,1,4,1,,,2,,10,6,7,5,9,3,1,1,,1,,2,137,42,23,1,,,75,52,56,27,,,,,,,,,,,,,,,,,,,,,,,
1978,FCA,,,,,10,5,,,1,,9,1,1,,,,5,,3,2,5,2,2,,1,2,,,323,41,90,2,,,,,,,,,,,,,,,,,,,,,,,,,,,,,
1978,FD,,,,,,,4,4,9,1,6,1,8,3,5,,,,,,1,,,1,2,,,,168,13,53,1,,,13,10,32,12,,,,,,,,,,,,,,,,,,,,,,,
1978,FE,3,,,,27,7,3,2,3,,6,2,1,,4,1,1,1,2,1,2,1,2,,5,2,1,,125,20,20,1,,,16,5,74,18,,,,,,,,,,,,,,,,,,,,,,,
1978,ENEO,,,,,,,,1,,,,,,,,,,,,,,,,,,,,,49,58,15,20,,,,,4,4,,,,,,,,,,,,,,,,,,,,,,,
1978,FFyL,3,,,,13,7,5,,6,1,,4,3,1,2,1,,1,6,10,5,3,8,15,4,3,2,,63,57,44,33,,,4,6,11,17,,,,,,,,,,,,,,,,,,,,,,,
1978,FI,,,,,12,1,10,,3,,14,,4,,4,,10,1,6,,5,1,4,1,,,6,1,527,20,137,,,,46,2,71,7,,,,,,,,,,,,,,,,,,,,,,,
1978,FM,2,,,,23,7,18,4,23,,6,,6,,10,,12,6,12,4,20,4,,,6,,2,,1717,246,328,12,,,219,55,1432,309,,,,,,,,,,,,,,,,,,,,,,,
1978,FMVZ,,,,,17,5,8,,3,2,2,,1,,,,1,,2,,6,2,,,1,,,,62,9,33,4,,,,1,68,34,,,,,,,,,,,,,,,,,,,,,,,
1978,ENM,,,,,,,,,,,,,,,,,,,1,,,,,,,,,,35,15,23,15,,,1,,18,13,,,,,,,,,,,,,,,,,,,,,,,
1978,FO,,,,,1,,,,3,,28,2,5,,,,,,,,,,,,,,,,146,38,99,12,,,,,139,75,,,,,,,,,,,,,,,,,,,,,,,
1978,FP,,,,,15,2,,,3,,3,,,,2,1,10,24,6,3,4,2,4,12,3,4,,,33,32,16,3,,,,1,36,48,,,,,,,,,,,,,,,,,,,,,,,
1978,FQ,,,,,19,13,14,7,2,2,3,2,2,2,,1,,,8,3,11,5,,,1,,,,179,129,61,12,,,,,135,99,,,,,,,,,,,,,,,,,,,,,,,
1978,ENTS,,,,,,,,,,,,,,,,,,,,,,,,,2,2,,,16,15,5,2,,,,,,6,,,,,,,,,,,,,,,,,,,,,,,
1978,EPE,,,,,,,,,,,,,,,,,,,,,,,1,,,,,,13,26,2,2,,,,,,,,,,,,,,,,,,,,,,,,,,,,,
1978,CELE,,,,,1,,2,1,,,,,,,,,,,1,1,,,,,,,,,23,31,2,8,,,,,,,,,,,,,,,,,,,,,,,,,,,,,
1978,CUEC,,,,,1,,,,,,,,,,,,1,,,1,,,1,,1,,1,,4,,,,,,,,,,,,,,,,,,,,,,,,,,,,,,,,
1978,ENEPC,,,,,6,,3,1,,,,,,,,,5,,2,,6,1,,,,,,1,263,56,7,1,,,58,25,113,38,,,,,,,,,,,,,,,,,,,,,,,
1978,ENEPAc,,,,,7,5,2,,2,,2,2,,,,,10,5,6,2,6,1,18,1,14,5,,1,309,97,6,4,,,11,10,55,19,,,,,,,,,,,,,,,,,,,,,,,
1978,ENEPI,,,,,1,,2,,1,,1,,1,,,,3,,2,,,,,1,,,,,236,88,2,2,,,87,35,138,86,,,,,,,,,,,,,,,,,,,,,,,
1978,ENEPAr,,,,,,,1,,,,,,,,,,1,,,,,,,,,,,,165,30,2,,,,5,6,43,10,,,,,,,,,,,,,,,,,,,,,,,
1978,ENEPZ,,,,,3,1,1,,,,,,,,,,13,9,2,3,2,2,,,1,,,,87,101,2,,,,34,17,55,57,,,,,,,,,,,,,,,,,,,,,,,
1978,ENP,1,,,,4,2,5,3,3,3,2,1,,1,,2,,1,8,1,,,,,,,,,463,239,652,416,,,,,13,20,,,,,,,,,,,,,,,,,,,,,,,
1978,CCH,,,,,2,,,,,,,,,,,,,,6,3,,,,,,,,,1008,564,2,1,,,6,3,37,10,,,,,,,,,,,,,,,,,,,,,,,
1979,CELU,,,,,,,,,,,,,,,,,,,,,,,,,,,,,,1,,,,,,,,,,,,,,,,,,,,,,,,,,,,,,,
1979,BN,,,,,,,1,,,,,,,,,,1,,,,,,,,,,,,,,2,1,,,,,,,,,,,,,,,,,,,,,,,,,,,,,
1979,IIEc,,,,,,,,,,,,,,,,,,,,,,,,,,,,,1,,,,,,,,,,,,,,,,,,,,,,,,,,,,,,,,
1979,IIE,,,,,,,,,,,,,,,,,,,,,,,,,,,,,,,,,,,,,,,,,,,,,,,,,,,,,,,,,,,,,
1979,IIH,,,,,,,,,,,1,,,,,,,,,,,,,,,,,,,1,,,,,,,,,,,,,,,,,,,,,,,,,,,,,,,
1979,IIJ,,,,,1,,,,,,,,,,,,,,,,,,,,,,,,,,,,,,,,,,,,,,,,,,,,,,,,,,,,,,,,
1979,IIS,,,,,,,,,,,,,,,,,,,,,,,,,,,,,1,,,,,,,,,1,,,,,,,,,,,,,,,,,,,,,,,
1979,Centro de Estudios Clasicos,,,,,,,,,,,,,,,,,,,,,,,,,,,,,,,,,,,,,,,,,,,,,,,,,,,,,,,,,,,,,
1979,IIAntropología,,,,,,,1,,,,,,,,,,,,1,,,,,,,,,,,,,,,,,,,,,,,,,,,,,,,,,,,,,,,,,,
1979,CIMateriales,,,,,1,,,,1,,,,,,,,1,,1,1,,,,,,,,,2,,,,,,,,,,,,,,,,,,,,,,,,,,,,,,,,
1979,Centro Scomputo,,,,,,,,,,,,,,,,,,,,,,,,,,,,,2,,,,,,,,,,,,,,,,,,,,,,,,,,,,,,,,
1979,Centro de ciencias del mar y limnologia,,,,,,,,,,,,,,,,,,,,,,,,,,,,,3,2,,,,,,,,,,,,,,,,,,,,,,,,,,,,,,,
1979,IA,,,,,,,,,,,,,,,,,,,,,,,,,,,,,,,1,,,,,,,,,,,,,,,,,,,,,,,,,,,,,,
1979,Ibio,,,,,,,,,,,,,,,,,,,,,,,,,,,,,2,1,,,,,,,,,,,,,,,,,,,,,,,,,,,,,,,
1979,JB,,,,,,,,,,,,,,,,,2,1,,,,,,,,,,,,,1,,,,,,,,,,,,,,,,,,,,,,,,,,,,,,
1979,IF,,,,,1,,,,,,,,,,,,1,,1,,,,,,,,,,4,,1,2,,,,,,,,,,,,,,,,,,,,,,,,,,,,,
1979,Igeofísica,,,,,,,,,,,,,,,,,,,,,,,,,,,,,1,,,,,,,,,,,,,,,,,,,,,,,,,,,,,,,,
1979,Igeografía,,,,,,,,,,,,,,,,,,,,,,,,,,,,,,2,,,,,,,,,,,,,,,,,,,,,,,,,,,,,,,
1979,Igeología,,,,,,,,,,,,,,,,,,,,,,,,,,,,,,,1,,,,,,,,,,,,,,,,,,,,,,,,,,,,,,
1979,IIBIOMÉDICAS,,,,,,,,,,,,,,,,,,,,,,,,,,,,,3,2,,,,,,,,,,,,,,,,,,,,,,,,,,,,,,,
1979,IM,,,,,,,,,,,,,,,,,,,,,,,,,,,,,,1,,,,,,,,,,,,,,,,,,,,,,,,,,,,,,,
1979,IQ,,,,,,,,,,,,,,,,,,,,,,,,,,,,,1,,,,,,,,,,,,,,,,,,,,,,,,,,,,,,,,
1979,IIMAS,,,,,,,1,,,,,,,,,,,,,,,,,,,,,,3,,,,,,,,,,,,,,,,,,,,,,,,,,,,,,,,
1979,II,,,,,,,1,,1,,,,1,,,,,,,,,,,,,,,,1,,1,,,,,,,,,,,,,,,,,,,,,,,,,,,,,,
1979,ENA,,,,,3,,8,,,,3,,11,,1,,,,,,,,1,,6,2,,,351,61,231,27,,,,1,33,13,,,,,,,,,,,,,,,,,,,,,,,
1979,ENAP,,,,,,,,,2,,,,,,,,,,,,,,,,,,,,52,12,34,3,,,3,4,13,7,,,,,,,,,,,,,,,,,,,,,,,
1979,FC,,,,,6,5,7,3,9,1,1,,2,,1,,16,5,20,11,10,4,,,,1,1,1,142,101,27,10,,,21,10,304,221,,,,,,,,,,,,,,,,,,,,,,,
1979,FCPyS,,,,,7,1,13,1,12,1,5,,,,3,,11,9,6,6,13,4,1,1,1,,,1,115,47,24,2,,,63,61,31,17,,,,,,,,,,,,,,,,,,,,,,,
1979,FCA,,,,,13,4,5,,2,,10,1,1,,,,5,1,8,3,5,1,2,,2,2,4,1,291,45,76,2,,,,,,1,,,,,,,,,,,,,,,,,,,,,,,
1979,FD,,,,,1,,4,4,8,1,7,1,8,2,9,,,,,,1,,1,,7,,2,,183,14,47,3,,,10,8,21,13,,,,,,,,,,,,,,,,,,,,,,,
1979,FE,,,,,27,5,5,2,2,1,8,1,,,7,2,5,1,3,2,2,,2,1,,1,1,,123,19,20,1,,,19,4,56,9,,,,,,,,,,,,,,,,,,,,,,,
1979,ENEO,,,,,,,,1,,,1,,,,,,,,,,,,,,7,,,,27,84,12,22,,,,,2,5,,,,,,,,,,,,,,,,,,,,,,,
1979,FFyL,,,,,19,7,8,1,9,4,1,2,,1,2,,3,5,10,16,8,5,11,17,3,7,5,2,62,62,23,21,,,1,,8,6,,,,,,,,,,,,,,,,,,,,,,,
1979,FI,,,,,16,1,14,,3,,20,,6,,7,,15,1,9,1,5,1,3,1,,,8,,531,17,127,1,,,43,5,77,1,,,,,,,,,,,,,,,,,,,,,,,
1979,FM,1,,,,17,1,11,2,10,1,7,,2,1,5,,9,6,9,2,10,2,,,3,,1,,1971,297,315,14,,,410,123,1152,265,,,,,,,,,,,,,,,,,,,,,,,
1979,FMVZ,,,,,15,5,13,,7,2,2,,1,,,,5,1,2,,8,2,,,1,,,,61,10,31,5,,,16,6,47,21,,,,,,,,,,,,,,,,,,,,,,,
1979,ENM,,,,,,,,,,,,,,,,,,,1,,,,,,,,,,34,14,24,14,,,,,9,15,,,,,,,,,,,,,,,,,,,,,,,
1979,FO,,,,,2,2,2,,4,,46,5,6,,,,,,,,,,,,,,,,134,44,86,10,,,,,157,81,,,,,,,,,,,,,,,,,,,,,,,
1979,FP,,,,,16,3,,1,3,,2,,1,,3,,15,29,7,4,5,4,4,11,5,3,,,37,41,15,3,,,7,12,29,34,,,,,,,,,,,,,,,,,,,,,,,
1979,FQ,,,,,22,9,28,6,7,2,2,4,4,2,3,1,,,7,3,8,9,,,1,,,,193,159,49,13,,,4,1,69,57,,,,,,,,,,,,,,,,,,,,,,,
1979,ENTS,,,,,,,,,,,,,,,,,,,,,,,,,2,2,,,16,19,4,1,,,,,,6,,,,,,,,,,,,,,,,,,,,,,,
1979,EPE,,,,,,,,,,,,,,,,,,,,,,,1,2,,,,,13,23,1,1,,,,,,,,,,,,,,,,,,,,,,,,,,,,,
1979,CELE,,,,,1,,2,1,,1,,,,,,,,,1,3,,,,,1,1,,,16,31,1,10,,,,,,,,,,,,,,,,,,,,,,,,,,,,,
1979,CUEC,,,,,1,,,,,,,,,,,,1,,1,1,,,1,,1,,1,1,4,,,,,,,,,,,,,,,,,,,,,,,,,,,,,,,,
1979,ENEPC,,,,,7,1,4,1,1,,,,,,,,5,,2,1,5,2,,,,,,1,272,62,8,1,,,82,21,92,37,,,,,,,,,,,,,,,,,,,,,,,
1979,ENEPAc,,,,,6,4,2,1,2,2,2,1,,1,,,15,4,9,4,10,,13,3,16,3,1,1,366,127,9,1,,,26,15,60,30,,,,,,,,,,,,,,,,,,,,,,,
1979,ENEPI,,,,,1,,2,,1,,,,,,,,3,,3,,,,,,,,,,363,128,8,3,,,105,50,209,131,,,,,,,,,,,,,,,,,,,,,,,
1979,ENEPAr,,,,,,,2,,1,,2,,,,,,4,1,,,,,2,,1,,,,292,50,2,,,,16,8,60,13,,,,,,,,,,,,,,,,,,,,,,,
1979,ENEPZ,,,,,5,1,2,,,,,,,,,,21,12,5,5,3,1,,,,,,,141,105,3,,,,46,27,108,153,,,,,,,,,,,,,,,,,,,,,,,
1979,ENP,1,,,,4,1,4,5,6,3,3,,,,1,2,,,12,2,,,1,1,,,1,,419,247,587,371,,,,,12,13,,,,,,,,,,,,,,,,,,,,,,,
1979,CCH,,,,,3,1,,,,,,,,,,,,,,,,,,,,,,,1010,581,3,4,,,28,13,8,4,,,,,,,,,,,,,,,,,,,,,,,
1980,IIB,,,,,,,,,,,,,,,,,,,,,,,,,,,,,,,,,,,,,,,,,,,,,,,,,,,,,,,,,,,,,
1980,IIH,,,,,,,,,,,,,,,,,,,,,,,,,,,,,,,,,,,,,,,,,,,,,,,,,,,,,,,,,,,,,
1980,IIS,,,,,,,,,,,,,,,,,,,,,,,,,,,,,,,,,,,,,,,,,,,,,,,,,,,,,,,,,,,,,
1980,IIAntropología,,,,,,,,,,,,,,,,,,,,,,,,,,,,,,,,,,,,,,,,,,,,,,,,,,,,,,,,,,,,,
1980,Ibio,,,,,,,,,,,,,,,,,,,,,,,,,,,,,,,,,,,,,,,,,,,,,,,,,,,,,,,,,,,,,
1980,IF,,,,,,,,,,,,,,,,,,,,,,,,,,,,,,,,,,,,,,,,,,,,,,,,,,,,,,,,,,,,,
1980,Igeología,,,,,,,,,,,,,,,,,,,,,,,,,,,,,,,,,,,,,,,,,,,,,,,,,,,,,,,,,,,,,
1980,II,,,,,,,,,,,,,,,,,,,,,,,,,,,,,,,6,1,,,,,,,,,,,,,,,,,,,,,,,,,,,,,
1980,ENA,1,,,,4,,8,,1,,4,,11,1,1,,,,,,,,1,,5,3,,,403,81,282,30,,,4,2,23,9,,,,,,,,,,,,,,,,,,,,,,,
1980,ENAP,,,,,1,,,,1,,,,,,,,,,,,,,,,,,,,81,20,41,4,,,,1,12,12,,,,,,,,,,,,,,,,,,,,,,,
1980,FC,,,,,11,3,9,2,9,1,2,,1,,2,,16,6,24,12,10,8,,1,1,1,1,1,337,144,199,52,,,43,20,381,249,,,,,,,,,,,,,,,,,,,,,,,
1980,FCPyS,,,,,11,2,13,1,17,1,4,,1,,3,,16,9,9,7,12,5,2,2,,,1,2,219,84,51,3,,,141,78,63,32,,,,,,,,,,,,,,,,,,,,,,,
1980,FCA,,,,,17,3,7,1,2,,10,,1,1,,,8,,9,5,6,1,3,,1,1,5,1,506,71,96,3,,,,0,1,,,,,,,,,,,,,,,,,,,,,,,,
1980,FD,1,,,,3,,4,3,7,,9,,9,2,9,,,,,,1,,,2,1,,2,,263,37,69,2,,,12,5,38,19,,,,,,,,,,,,,,,,,,,,,,,
1980,FE,,,,,28,7,8,2,2,,8,1,,,6,,7,4,3,2,3,1,,,3,1,,1,162,29,32,4,,,23,8,52,9,,,,,,,,,,,,,,,,,,,,,,,
1980,ENEO,,,,,1,,,1,,,,,,,,,,,,,,,,,,,,,44,95,22,46,,,,,4,10,,,,,,,,,,,,,,,,,,,,,,,
1980,FFyL,5,,,,13,7,10,1,8,4,4,1,,3,3,,4,4,9,14,15,9,26,10,10,8,5,5,200,163,108,66,,,,,18,24,,,,,,,,,,,,,,,,,,,,,,,
1980,FI,,,,,20,1,21,,7,,15,,10,,7,,19,1,11,,7,,6,1,2,,6,,733,31,199,4,,,56,7,97,6,,,,,,,,,,,,,,,,,,,,,,,
1980,FM,1,,,,14,4,12,2,10,,3,,2,,5,,7,7,9,3,8,2,,,3,,1,,2214,320,422,25,,,550,161,1162,238,,,,,,,,,,,,,,,,,,,,,,,
1980,FMVZ,,,,,15,5,9,,9,1,2,,1,,,,9,1,3,,10,1,2,,1,,1,,103,13,49,6,,,34,12,96,44,,,,,,,,,,,,,,,,,,,,,,,
1980,ENM,,,,,,,,,,,,,,,,,,,,,1,,,,1,,,,49,23,30,19,,,,,16,14,,,,,,,,,,,,,,,,,,,,,,,
1980,FO,1,,,,11,1,6,,6,,66,6,5,,,,,,,,,,,,,,,,214,63,144,11,,,,,226,123,,,,,,,,,,,,,,,,,,,,,,,
1980,FP,,,,,17,4,,1,,1,2,,1,,,,17,30,6,4,5,5,6,13,6,5,1,,60,69,30,9,,,11,13,26,28,,,,,,,,,,,,,,,,,,,,,,,
1980,FQ,,,,,21,6,35,8,35,8,6,2,4,1,,,2,1,7,3,18,6,,,1,1,1,1,306,167,138,50,,,10,4,120,46,,,,,,,,,,,,,,,,,,,,,,,
1980,ENTS,,,,,,,,,,,,,,,,,,,,,,,,,2,,,3,46,42,10,2,,,,,,4,,,,,,,,,,,,,,,,,,,,,,,
1980,CELE,,,,,1,2,3,,3,,,,1,,,,,,2,2,,,,,2,1,,,17,56,5,16,,,,,,,,,,,,,,,,,,,,,,,,,,,,,
1980,ENEPAc,,,,,8,4,5,1,5,1,2,1,,1,2,1,27,8,14,5,9,6,28,4,10,4,,,633,198,28,4,,,56,30,126,58,,,,,,,,,,,,,,,,,,,,,,,
1980,ENEPAr,,,,,,,2,,2,,2,,,,,,4,,,,,,2,,2,,,,508,72,15,,,,15,7,96,22,,,,,,,,,,,,,,,,,,,,,,,
1980,ENEPC,,,,,8,1,5,1,5,1,,,,,,,10,,12,1,13,2,4,,1,,1,,479,105,20,1,,,78,22,101,43,,,,,,,,,,,,,,,,,,,,,,,
1980,ENEPI,,,,,,,3,,3,,1,,,,,,4,3,6,2,,1,,1,1,,,,759,196,22,6,,,71,45,524,227,,,,,,,,,,,,,,,,,,,,,,,
1980,ENEPZ,,,,,2,,3,,3,,,,,,,,26,11,13,5,8,3,,,,,,,311,190,42,11,,,73,58,259,239,,,,,,,,,,,,,,,,,,,,,,,
1980,ENP,,,,,,,4,4,4,4,1,,,,,,,,1,,,,,,1,,,,728,285,1132,480,,,,,16,13,,,,,,,,,,,,,,,,,,,,,,,
1980,CCH,,,,,2,,,,,,,,,,,,,,,,,,,,,,,,1494,623,8,6,,,17,3,2,1,,,,,,,,,,,,,,,,,,,,,,,
1980,CUEC,,,,,1,,,,1,,,,,,,,,,4,,,,1,,1,,2,1,3,2,,,,,,,,,,,,,,,,,,,,,,,,,,,,,,,
