dep,year,emerito,tc,mt,a,b,ayu,contrato,catedra,tecnico,totdocen
Escuela nacional de arquitectura,1931,,,,,,,,,,33
Escuela nacional de arquitectura,1932,,,,,,,,,,34
Escuela nacional de arquitectura,1933,,,,,,,,,,32
Escuela nacional de arquitectura,1934,,,,,,,,,,36
Escuela nacional de arquitectura,1935,,,,,,,,,,34
Escuela nacional de arquitectura,1936,,,,,,,,,,33
Escuela nacional de arquitectura,1937,,,,,,,,,,33
Escuela nacional de arquitectura,1938,,,,,,,,,,35
Escuela nacional de arquitectura,1939,,,,,,,,,,44
Escuela nacional de arquitectura,1940,,,,,,,,,,46
Escuela nacional de arquitectura,1941,,,,,,,,,,47
Escuela nacional de arquitectura,1942,,,,,,,,,,52
Escuela nacional de arquitectura,1943,,,,,,,,,,62
Escuela nacional de arquitectura,1944,,,,,,,,,,66
Escuela nacional de arquitectura,1945,,,,,,,,,,94
Escuela nacional de arquitectura,1946,,,,,,,,,,89
Escuela nacional de arquitectura,1947,,,,,,,,,,110
Escuela nacional de arquitectura,1948,,,,,,,,,,114
Escuela nacional de arquitectura,1949,,,,,,,,,,153
Escuela nacional de arquitectura,1950,,,,,,,,,,147
Escuela nacional de arquitectura,1951,,,,,,,,,,157
Escuela nacional de arquitectura,1952,,,,,,,,,,157
Escuela nacional de arquitectura,1953,,,,,,,,,,172
Escuela nacional de arquitectura,1954,,,,,,,,,,231
Escuela nacional de arquitectura,1955,,,,,,,,,,251
Escuela nacional de arquitectura,1956,,,,,,,,,,205
Escuela nacional de arquitectura,1957,,,,,,,,,,376
Escuela nacional de arquitectura,1958,,,,,,,,,,376
Escuela nacional de arquitectura,1959,,,41,,,49,,123,,213
Escuela nacional de arquitectura,1960,1,,31,,,218,,174,,424
Escuela nacional de arquitectura,1961,,,,,,,,,,425
Escuela nacional de arquitectura,1962,,,,,,,,,,373
Escuela nacional de arquitectura,1963,2,,30,,,,,387,,419
Escuela nacional de arquitectura,1964,2,,25,,,,,359,,386
Escuela nacional de arquitectura,1965,2,1,24,,,,,410,,437
Escuela nacional de arquitectura,1966,2,,26,,,,,378,,406
Escuela nacional de arquitectura,1967,2,,22,,,,,456,,480
Escuela nacional de arquitectura,1968,3,,24,,,,,459,,486
Escuela nacional de arquitectura,1969,4,19,4,,,,17,482,,526
Escuela nacional de arquitectura,1970,2,,22,,,,1,563,,588
Escuela nacional de arquitectura,1971,2,,22,404,151,45,16,,,640
Escuela nacional de arquitectura,1972,2,,,420,141,62,13,,,638
Escuela nacional de arquitectura,1973,2,2,28,4001,148,52,12,,,645
Escuela nacional de arquitectura,1974,2,1,23,412,132,51,17,,,638
Escuela nacional de arquitectura,1975,2,3,19,491,131,64,16,,,726
Escuela nacional de arquitectura,1976,1,2,19,428,117,68,11,,,640
Escuela nacional de arquitectura,1977,1,11,22,357,253,38,9,,3,694
Escuela nacional de arquitectura,1978,1,11,21,372,256,42,8,,4,715
Escuela nacional de arquitectura,1979,1,11,24,412,258,47,5,,4,762
Escuela nacional de arquitectura,1980,,,,,,,,,,
Escuela nacional de arquitectura,1981,,,,,,,,,,
Escuela nacional de arquitectura,1982,,,,,,,,,,
Escuela nacional de arquitectura,1983,,,,,,,,,,
Escuela nacional de arquitectura,1984,,,,,,,,,,
Escuela nacional de arquitectura,1985,,,,,,,,,,
Escuela nacional de arquitectura,1986,,,,,,,,,,
Escuela nacional de arquitectura,1987,,,,,,,,,,
Escuela nacional de arquitectura,1988,,,,,,,,,,
Escuela nacional de arquitectura,1989,,,,,,,,,,
Escuela nacional de arquitectura,1990,,,,,,,,,,
Escuela nacional de arquitectura,1991,,,,,,,,,,
Escuela nacional de arquitectura,1992,,,,,,,,,,
Escuela nacional de arquitectura,1993,,,,,,,,,,
Escuela nacional de arquitectura,1994,,,,,,,,,,
Escuela nacional de arquitectura,1995,,,,,,,,,,
Escuela nacional de arquitectura,1996,,,,,,,,,,
Escuela nacional de arquitectura,1997,,,,,,,,,,
ENAP,1931,,,,,,,,,,45
ENAP,1932,,,,,,,,,,37
ENAP,1933,,,,,,,,,,39
ENAP,1934,,,,,,,,,,10
ENAP,1935,,,,,,,,,,22
ENAP,1936,,,,,,,,,,34
ENAP,1937,,,,,,,,,,44
ENAP,1938,,,,,,,,,,53
ENAP,1939,,,,,,,,,,52
ENAP,1940,,,,,,,,,,51
ENAP,1941,,,,,,,,,,49
ENAP,1942,,,,,,,,,,63
ENAP,1943,,,,,,,,,,50
ENAP,1944,,,,,,,,,,50
ENAP,1945,,,,,,,,,,54
ENAP,1946,,,,,,,,,,53
ENAP,1947,,,,,,,,,,55
ENAP,1948,,,,,,,,,,55
ENAP,1949,,,,,,,,,,56
ENAP,1950,,,,,,,,,,56
ENAP,1951,,,,,,,,,,59
ENAP,1952,,,,,,,,,,60
ENAP,1953,,,,,,,,,,63
ENAP,1954,,,,,,,,,,76
ENAP,1955,,,,,,,,,,92
ENAP,1956,,,,,,,,,,94
ENAP,1957,,,,,,,,,,110
ENAP,1958,,,,,,,,,,99
ENAP,1959,,,,,,46,,16,,62
ENAP,1960,,,,,,,,110,,110
ENAP,1961,,,,,,,,,,76
ENAP,1962,,,,,,,,,,78
ENAP,1963,,,,,,,,,,75
ENAP,1964,,,,,,,,,,78
ENAP,1965,,,,,,,,69,,69
ENAP,1966,,,,,,,,67,,67
ENAP,1967,,,,,,,,71,,71
ENAP,1968,,,,,,,,70,,70
ENAP,1969,,,,,,,,66,,66
ENAP,1970,,,,,,,,68,,68
ENAP,1971,,,,35,33,4,,,,72
ENAP,1972,,,,43,34,4,,,,81
ENAP,1973,,,,37,38,4,,,,79
ENAP,1974,,1,,54,36,5,,,,96
ENAP,1975,,,,51,36,6,,,,93
ENAP,1976,,,,58,33,18,,,,109
ENAP,1977,,,,57,36,22,,,,115
ENAP,1978,,1,,50,34,21,,,,106
ENAP,1979,,2,,64,37,27,,,,130
ENAP,1980,,,,,,,,,,
ENAP,1981,,,,,,,,,,
ENAP,1982,,,,,,,,,,
ENAP,1983,,,,,,,,,,
ENAP,1984,,,,,,,,,,
ENAP,1985,,,,,,,,,,
ENAP,1986,,,,,,,,,,
ENAP,1987,,,,,,,,,,
ENAP,1988,,,,,,,,,,
ENAP,1989,,,,,,,,,,
ENAP,1990,,,,,,,,,,
ENAP,1991,,,,,,,,,,
ENAP,1992,,,,,,,,,,
ENAP,1993,,,,,,,,,,
ENAP,1994,,,,,,,,,,
ENAP,1995,,,,,,,,,,
ENAP,1996,,,,,,,,,,
ENAP,1997,,,,,,,,,,
Facultad de Ciencias,1931,,,,,,,,,,
Facultad de Ciencias,1932,,,,,,,,,,
Facultad de Ciencias,1933,,,,,,,,,,
Facultad de Ciencias,1934,,,,,,,,,,
Facultad de Ciencias,1935,,,,,,,,,,
Facultad de Ciencias,1936,,,,,,,,,,17
Facultad de Ciencias,1937,,,,,,,,,,27
Facultad de Ciencias,1938,,,,,,,,,,33
Facultad de Ciencias,1939,,,,,,,,,,59
Facultad de Ciencias,1940,,,,,,,,,,60
Facultad de Ciencias,1941,,,,,,,,,,63
Facultad de Ciencias,1942,,,,,,,,,,47
Facultad de Ciencias,1943,,,,,,,,,,59
Facultad de Ciencias,1944,,,,,,,,,,66
Facultad de Ciencias,1945,,,,,,,,,,71
Facultad de Ciencias,1946,,,,,,,,,,84
Facultad de Ciencias,1947,,,,,,,,,,59
Facultad de Ciencias,1948,,,,,,,,,,71
Facultad de Ciencias,1949,,,,,,,,,,67
Facultad de Ciencias,1950,,,,,,,,,,69
Facultad de Ciencias,1951,,,,,,,,,,69
Facultad de Ciencias,1952,,,,,,,,,,77
Facultad de Ciencias,1953,,,,,,,,,,78
Facultad de Ciencias,1954,,,,,,,,,,83
Facultad de Ciencias,1955,,,,,,,,,,85
Facultad de Ciencias,1956,,,,,,,,,,92
Facultad de Ciencias,1957,,,,,,,,,,124
Facultad de Ciencias,1958,,,,,,,,,,127
Facultad de Ciencias,1959,,,,,,1,,97,,98
Facultad de Ciencias,1960,,,,,,3,,165,,168
Facultad de Ciencias,1961,,,,,,,,,,159
Facultad de Ciencias,1962,,,,,,,,,,162
Facultad de Ciencias,1963,,,,,,,,,,173
Facultad de Ciencias,1964,,,,,,,,,,178
Facultad de Ciencias,1965,,3,,,,,,165,,168
Facultad de Ciencias,1966,,4,,,,,,247,,251
Facultad de Ciencias,1967,,16,,,,,,341,,357
Facultad de Ciencias,1968,,14,5,,,,,372,,391
Facultad de Ciencias,1969,,15,5,,,,1,327,,348
Facultad de Ciencias,1970,,21,12,,,,8,458,,499
Facultad de Ciencias,1971,,12,6,98,23,231,9,,,379
Facultad de Ciencias,1972,,21,8,125,23,257,2,,,436
Facultad de Ciencias,1973,,24,17,118,26,290,2,,,477
Facultad de Ciencias,1974,,35,15,145,,339,2,,,536
Facultad de Ciencias,1975,,30,12,173,50,432,2,,2,701
Facultad de Ciencias,1976,,26,9,163,62,485,2,,2,749
Facultad de Ciencias,1977,,39,8,175,62,476,3,,12,775
Facultad de Ciencias,1978,,46,10,208,59,495,2,,,820
Facultad de Ciencias,1979,,97,7,243,37,556,1,,29,970
Facultad de Ciencias,1980,,,,,,,,,,
Facultad de Ciencias,1981,,,,,,,,,,
Facultad de Ciencias,1982,,,,,,,,,,
Facultad de Ciencias,1983,,,,,,,,,,
Facultad de Ciencias,1984,,,,,,,,,,
Facultad de Ciencias,1985,,,,,,,,,,
Facultad de Ciencias,1986,,,,,,,,,,
Facultad de Ciencias,1987,,,,,,,,,,
Facultad de Ciencias,1988,,,,,,,,,,
Facultad de Ciencias,1989,,,,,,,,,,
Facultad de Ciencias,1990,,,,,,,,,,
Facultad de Ciencias,1991,,,,,,,,,,
Facultad de Ciencias,1992,,,,,,,,,,
Facultad de Ciencias,1993,,,,,,,,,,
Facultad de Ciencias,1994,,,,,,,,,,
Facultad de Ciencias,1995,,,,,,,,,,
Facultad de Ciencias,1996,,,,,,,,,,
Facultad de Ciencias,1997,,,,,,,,,,
Facultad de ciencias Políticas y Sociales,1931,,,,,,,,,,
Facultad de ciencias Políticas y Sociales,1932,,,,,,,,,,
Facultad de ciencias Políticas y Sociales,1933,,,,,,,,,,
Facultad de ciencias Políticas y Sociales,1934,,,,,,,,,,
Facultad de ciencias Políticas y Sociales,1935,,,,,,,,,,
Facultad de ciencias Políticas y Sociales,1936,,,,,,,,,,
Facultad de ciencias Políticas y Sociales,1937,,,,,,,,,,
Facultad de ciencias Políticas y Sociales,1938,,,,,,,,,,
Facultad de ciencias Políticas y Sociales,1939,,,,,,,,,,
Facultad de ciencias Políticas y Sociales,1940,,,,,,,,,,
Facultad de ciencias Políticas y Sociales,1941,,,,,,,,,,
Facultad de ciencias Políticas y Sociales,1942,,,,,,,,,,
Facultad de ciencias Políticas y Sociales,1943,,,,,,,,,,
Facultad de ciencias Políticas y Sociales,1944,,,,,,,,,,
Facultad de ciencias Políticas y Sociales,1945,,,,,,,,,,
Facultad de ciencias Políticas y Sociales,1946,,,,,,,,,,
Facultad de ciencias Políticas y Sociales,1947,,,,,,,,,,
Facultad de ciencias Políticas y Sociales,1948,,,,,,,,,,
Facultad de ciencias Políticas y Sociales,1949,,,,,,,,,,
Facultad de ciencias Políticas y Sociales,1950,,,,,,,,,,
Facultad de ciencias Políticas y Sociales,1951,,,,,,,,,,
Facultad de ciencias Políticas y Sociales,1952,,,,,,,,,,26
Facultad de ciencias Políticas y Sociales,1953,,,,,,,,,,56
Facultad de ciencias Políticas y Sociales,1954,,,,,,,,,,82
Facultad de ciencias Políticas y Sociales,1955,,,,,,,,,,78
Facultad de ciencias Políticas y Sociales,1956,,,,,,,,,,80
Facultad de ciencias Políticas y Sociales,1957,,,,,,,,,,93
Facultad de ciencias Políticas y Sociales,1958,,,,,,,,,,102
Facultad de ciencias Políticas y Sociales,1959,,,,,,,7,69,,76
Facultad de ciencias Políticas y Sociales,1960,,,,,,6,,37,,43
Facultad de ciencias Políticas y Sociales,1961,,,,,,,,,,104
Facultad de ciencias Políticas y Sociales,1962,,,,,,,,,,92
Facultad de ciencias Políticas y Sociales,1963,,6,2,,,,,103,,111
Facultad de ciencias Políticas y Sociales,1964,,6,2,,,,,112,,120
Facultad de ciencias Políticas y Sociales,1965,,9,2,,,,,121,,132
Facultad de ciencias Políticas y Sociales,1966,,9,1,,,,,117,,127
Facultad de ciencias Políticas y Sociales,1967,,7,2,,,,,114,,123
Facultad de ciencias Políticas y Sociales,1968,,9,2,,,,,132,,143
Facultad de ciencias Políticas y Sociales,1969,,8,2,,,,12,145,,167
Facultad de ciencias Políticas y Sociales,1970,,11,3,,,,12,138,,164
Facultad de ciencias Políticas y Sociales,1971,,12,,91,21,65,37,,,226
Facultad de ciencias Políticas y Sociales,1972,,22,3,106,21,75,15,,,242
Facultad de ciencias Políticas y Sociales,1973,,37,23,78,18,74,3,,,233
Facultad de ciencias Políticas y Sociales,1974,,47,20,131,23,119,13,,,353
Facultad de ciencias Políticas y Sociales,1975,,53,16,165,28,190,13,,,465
Facultad de ciencias Políticas y Sociales,1976,,59,13,191,24,219,14,,,520
Facultad de ciencias Políticas y Sociales,1977,,61,17,169,27,241,15,,,530
Facultad de ciencias Políticas y Sociales,1978,,69,12,179,24,210,7,,,501
Facultad de ciencias Políticas y Sociales,1979,,84,11,162,26,173,9,,,494
Facultad de ciencias Políticas y Sociales,1980,,,,,,,,,,
Facultad de ciencias Políticas y Sociales,1981,,,,,,,,,,
Facultad de ciencias Políticas y Sociales,1982,,,,,,,,,,
Facultad de ciencias Políticas y Sociales,1983,,,,,,,,,,
Facultad de ciencias Políticas y Sociales,1984,,,,,,,,,,
Facultad de ciencias Políticas y Sociales,1985,,,,,,,,,,
Facultad de ciencias Políticas y Sociales,1986,,,,,,,,,,
Facultad de ciencias Políticas y Sociales,1987,,,,,,,,,,
Facultad de ciencias Políticas y Sociales,1988,,,,,,,,,,
Facultad de ciencias Políticas y Sociales,1989,,,,,,,,,,
Facultad de ciencias Políticas y Sociales,1990,,,,,,,,,,
Facultad de ciencias Políticas y Sociales,1991,,,,,,,,,,
Facultad de ciencias Políticas y Sociales,1992,,,,,,,,,,
Facultad de ciencias Políticas y Sociales,1993,,,,,,,,,,
Facultad de ciencias Políticas y Sociales,1994,,,,,,,,,,
Facultad de ciencias Políticas y Sociales,1995,,,,,,,,,,
Facultad de ciencias Políticas y Sociales,1996,,,,,,,,,,
Facultad de ciencias Políticas y Sociales,1997,,,,,,,,,,
FcyA,1931,,,,,,,,,,95
FcyA,1932,,,,,,,,,,99
FcyA,1933,,,,,,,,,,86
FcyA,1934,,,,,,,,,,20
FcyA,1935,,,,,,,,,,57
FcyA,1936,,,,,,,,,,57
FcyA,1937,,,,,,,,,,75
FcyA,1938,,,,,,,,,,103
FcyA,1939,,,,,,,,,,125
FcyA,1940,,,,,,,,,,150
FcyA,1941,,,,,,,,,,148
FcyA,1942,,,,,,,,,,169
FcyA,1943,,,,,,,,,,179
FcyA,1944,,,,,,,,,,187
FcyA,1945,,,,,,,,,,211
FcyA,1946,,,,,,,,,,232
FcyA,1947,,,,,,,,,,262
FcyA,1948,,,,,,,,,,296
FcyA,1949,,,,,,,,,,311
FcyA,1950,,,,,,,,,,309
FcyA,1951,,,,,,,,,,291
FcyA,1952,,,,,,,,,,280
FcyA,1953,,,,,,,,,,274
FcyA,1954,,,,,,,,,,275
FcyA,1955,,,,,,,,,,266
FcyA,1956,,,,,,,,,,300
FcyA,1957,,,,,,,,,,346
FcyA,1958,,,,,,,,,,346
FcyA,1959,,,3,,,,11,215,,229
FcyA,1960,,,3,,,,,310,,313
FcyA,1961,,,,,,,,,,298
FcyA,1962,,,,,,,,,,337
FcyA,1963,1,,,,,,,342,,343
FcyA,1964,1,,,,,,,320,,321
FcyA,1965,1,,,,,,,284,,285
FcyA,1966,1,,,,,,,333,,334
FcyA,1967,,,,,,,,333,,333
FcyA,1968,,,1,,,,,342,,343
FcyA,1969,,4,3,,,,2,523,,532
FcyA,1970,,15,1,,,,,422,,438
FcyA,1971,,24,,350,142,17,12,,,545
FcyA,1972,,13,1,308,118,20,4,,,464
FcyA,1973,,25,4,216,109,10,2,,,366
FcyA,1974,,35,15,379,121,32,7,,15,544
FcyA,1975,,35,20,375,112,10,5,,20,577
FcyA,1976,,34,19,369,106,3,6,,23,560
FcyA,1977,,36,17,316,94,1,1,,32,497
FcyA,1978,,35,16,364,92,,,,33,540
FcyA,1979,,47,22,336,78,1,,,6,490
FcyA,1980,,,,,,,,,,
FcyA,1981,,,,,,,,,,
FcyA,1982,,,,,,,,,,
FcyA,1983,,,,,,,,,,
FcyA,1984,,,,,,,,,,
FcyA,1985,,,,,,,,,,
FcyA,1986,,,,,,,,,,
FcyA,1987,,,,,,,,,,
FcyA,1988,,,,,,,,,,
FcyA,1989,,,,,,,,,,
FcyA,1990,,,,,,,,,,
FcyA,1991,,,,,,,,,,
FcyA,1992,,,,,,,,,,
FcyA,1993,,,,,,,,,,
FcyA,1994,,,,,,,,,,
FcyA,1995,,,,,,,,,,
FcyA,1996,,,,,,,,,,
FcyA,1997,,,,,,,,,,
Fderecho,1931,,,,,,,,,,77
Fderecho,1932,,,,,,,,,,92
Fderecho,1933,,,,,,,,,,97
Fderecho,1934,,,,,,,,,,103
Fderecho,1935,,,,,,,,,,85
Fderecho,1936,,,,,,,,,,120
Fderecho,1937,,,,,,,,,,139
Fderecho,1938,,,,,,,,,,150
Fderecho,1939,,,,,,,,,,175
Fderecho,1940,,,,,,,,,,186
Fderecho,1941,,,,,,,,,,193
Fderecho,1942,,,,,,,,,,222
Fderecho,1943,,,,,,,,,,235
Fderecho,1944,,,,,,,,,,247
Fderecho,1945,,,,,,,,,,241
Fderecho,1946,,,,,,,,,,241
Fderecho,1947,,,,,,,,,,235
Fderecho,1948,,,,,,,,,,214
Fderecho,1949,,,,,,,,,,240
Fderecho,1950,,,,,,,,,,251
Fderecho,1951,,,,,,,,,,285
Fderecho,1952,,,,,,,,,,303
Fderecho,1953,,,,,,,,,,306
Fderecho,1954,,,,,,,,,,303
Fderecho,1955,,,,,,,,,,348
Fderecho,1956,,,,,,,,,,321
Fderecho,1957,,,,,,,,,,316
Fderecho,1958,,,,,,,,,,306
Fderecho,1959,,,,,,20,8,181,,209
Fderecho,1960,2,4,21,,,21,,280,,328
Fderecho,1961,,,,,,,,,,328
Fderecho,1962,,,,,,,,,,258
Fderecho,1963,,,,,,,,,,288
Fderecho,1964,2,5,13,,,,,252,,272
Fderecho,1965,2,8,13,,,3,,289,,315
Fderecho,1966,2,5,17,,,,,273,,298
Fderecho,1967,1,7,18,,,,,281,,307
Fderecho,1968,1,9,29,,,,,276,,315
Fderecho,1969,1,7,24,,,,,267,,299
Fderecho,1970,1,11,25,,,,13,377,,427
Fderecho,1971,1,6,12,92,191,47,28,2,,379
Fderecho,1972,,10,16,225,83,47,4,,,385
Fderecho,1973,,17,38,187,73,48,9,,,372
Fderecho,1974,,19,33,195,62,48,11,,,368
Fderecho,1975,,18,29,187,69,61,15,,2,381
Fderecho,1976,,18,26,182,67,55,13,,2,363
Fderecho,1977,,19,24,158,58,64,8,,2,333
Fderecho,1978,,19,26,181,54,67,7,,2,356
Fderecho,1979,,19,32,197,50,52,5,,,355
Fderecho,1980,,,,,,,,,,
Fderecho,1981,,,,,,,,,,
Fderecho,1982,,,,,,,,,,
Fderecho,1983,,,,,,,,,,
Fderecho,1984,,,,,,,,,,
Fderecho,1985,,,,,,,,,,
Fderecho,1986,,,,,,,,,,
Fderecho,1987,,,,,,,,,,
Fderecho,1988,,,,,,,,,,
Fderecho,1989,,,,,,,,,,
Fderecho,1990,,,,,,,,,,
Fderecho,1991,,,,,,,,,,
Fderecho,1992,,,,,,,,,,
Fderecho,1993,,,,,,,,,,
Fderecho,1994,,,,,,,,,,
Fderecho,1995,,,,,,,,,,
Fderecho,1996,,,,,,,,,,
Fderecho,1997,,,,,,,,,,
Facultad de Economia,1931,,,,,,,,,,
Facultad de Economia,1932,,,,,,,,,,
Facultad de Economia,1933,,,,,,,,,,
Facultad de Economia,1934,,,,,,,,,,13
Facultad de Economia,1935,,,,,,,,,,26
Facultad de Economia,1936,,,,,,,,,,38
Facultad de Economia,1937,,,,,,,,,,40
Facultad de Economia,1938,,,,,,,,,,48
Facultad de Economia,1939,,,,,,,,,,54
Facultad de Economia,1940,,,,,,,,,,55
Facultad de Economia,1941,,,,,,,,,,43
Facultad de Economia,1942,,,,,,,,,,53
Facultad de Economia,1943,,,,,,,,,,55
Facultad de Economia,1944,,,,,,,,,,68
Facultad de Economia,1945,,,,,,,,,,77
Facultad de Economia,1946,,,,,,,,,,80
Facultad de Economia,1947,,,,,,,,,,80
Facultad de Economia,1948,,,,,,,,,,89
Facultad de Economia,1949,,,,,,,,,,91
Facultad de Economia,1950,,,,,,,,,,82
Facultad de Economia,1951,,,,,,,,,,84
Facultad de Economia,1952,,,,,,,,,,91
Facultad de Economia,1953,,,,,,,,,,111
Facultad de Economia,1954,,,,,,,,,,122
Facultad de Economia,1955,,,,,,,,,,118
Facultad de Economia,1956,,,,,,,,,,129
Facultad de Economia,1957,,,,,,,,,,138
Facultad de Economia,1958,,,,,,,,,,188
Facultad de Economia,1959,,5,2,,,24,1,97,,129
Facultad de Economia,1960,,2,3,,,61,,196,,262
Facultad de Economia,1961,,,,,,,,,,245
Facultad de Economia,1962,,,,,,,,,,221
Facultad de Economia,1963,2,2,1,,,,,204,,209
Facultad de Economia,1964,2,1,4,,,,,175,,182
Facultad de Economia,1965,1,2,6,,,,,127,,136
Facultad de Economia,1966,2,2,8,,,,,148,,160
Facultad de Economia,1967,2,1,13,,,,,136,,152
Facultad de Economia,1968,3,2,19,,,,,144,,168
Facultad de Economia,1969,3,7,18,,,,8,101,,137
Facultad de Economia,1970,3,8,23,,,,1,121,,156
Facultad de Economia,1971,3,8,17,37,68,54,12,,,199
Facultad de Economia,1972,1,8,,108,31,67,4,,,219
Facultad de Economia,1973,3,9,29,90,32,108,3,,,274
Facultad de Economia,1974,3,21,28,105,30,112,4,,,303
Facultad de Economia,1975,4,29,23,111,29,88,2,,,286
Facultad de Economia,1976,,33,24,128,26,110,1,,,322
Facultad de Economia,1977,2,46,28,174,21,102,1,,8,382
Facultad de Economia,1978,3,49,24,145,21,114,1,,11,368
Facultad de Economia,1979,2,55,30,163,,91,,,20,361
Facultad de Economia,1980,,,,,,,,,,
Facultad de Economia,1981,,,,,,,,,,
Facultad de Economia,1982,,,,,,,,,,
Facultad de Economia,1983,,,,,,,,,,
Facultad de Economia,1984,,,,,,,,,,
Facultad de Economia,1985,,,,,,,,,,
Facultad de Economia,1986,,,,,,,,,,
Facultad de Economia,1987,,,,,,,,,,
Facultad de Economia,1988,,,,,,,,,,
Facultad de Economia,1989,,,,,,,,,,
Facultad de Economia,1990,,,,,,,,,,
Facultad de Economia,1991,,,,,,,,,,
Facultad de Economia,1992,,,,,,,,,,
Facultad de Economia,1993,,,,,,,,,,
Facultad de Economia,1994,,,,,,,,,,
Facultad de Economia,1995,,,,,,,,,,
Facultad de Economia,1996,,,,,,,,,,
Facultad de Economia,1997,,,,,,,,,,
Escuela Nacional de Enfermeria y Obstetricia,1931,,,,,,,,,,
Escuela Nacional de Enfermeria y Obstetricia,1932,,,,,,,,,,
Escuela Nacional de Enfermeria y Obstetricia,1933,,,,,,,,,,
Escuela Nacional de Enfermeria y Obstetricia,1934,,,,,,,,,,
Escuela Nacional de Enfermeria y Obstetricia,1935,,,,,,,,,,
Escuela Nacional de Enfermeria y Obstetricia,1936,,,,,,,,,,
Escuela Nacional de Enfermeria y Obstetricia,1937,,,,,,,,,,
Escuela Nacional de Enfermeria y Obstetricia,1938,,,,,,,,,,
Escuela Nacional de Enfermeria y Obstetricia,1939,,,,,,,,,,
Escuela Nacional de Enfermeria y Obstetricia,1940,,,,,,,,,,
Escuela Nacional de Enfermeria y Obstetricia,1941,,,,,,,,,,
Escuela Nacional de Enfermeria y Obstetricia,1942,,,,,,,,,,54
Escuela Nacional de Enfermeria y Obstetricia,1943,,,,,,,,,,62
Escuela Nacional de Enfermeria y Obstetricia,1944,,,,,,,,,,68
Escuela Nacional de Enfermeria y Obstetricia,1945,,,,,,,,,,53
Escuela Nacional de Enfermeria y Obstetricia,1946,,,,,,,,,,51
Escuela Nacional de Enfermeria y Obstetricia,1947,,,,,,,,,,52
Escuela Nacional de Enfermeria y Obstetricia,1948,,,,,,,,,,57
Escuela Nacional de Enfermeria y Obstetricia,1949,,,,,,,,,,52
Escuela Nacional de Enfermeria y Obstetricia,1950,,,,,,,,,,57
Escuela Nacional de Enfermeria y Obstetricia,1951,,,,,,,,,,57
Escuela Nacional de Enfermeria y Obstetricia,1952,,,,,,,,,,56
Escuela Nacional de Enfermeria y Obstetricia,1953,,,,,,,,,,57
Escuela Nacional de Enfermeria y Obstetricia,1954,,,,,,,,,,52
Escuela Nacional de Enfermeria y Obstetricia,1955,,,,,,,,,,45
Escuela Nacional de Enfermeria y Obstetricia,1956,,,,,,,,,,59
Escuela Nacional de Enfermeria y Obstetricia,1957,,,,,,,,,,73
Escuela Nacional de Enfermeria y Obstetricia,1958,,,,,,,,,,75
Escuela Nacional de Enfermeria y Obstetricia,1959,,,,,,11,,48,,59
Escuela Nacional de Enfermeria y Obstetricia,1960,,,1,,,16,,57,,74
Escuela Nacional de Enfermeria y Obstetricia,1961,,,,,,,,,,66
Escuela Nacional de Enfermeria y Obstetricia,1962,,,,,,,,,,81
Escuela Nacional de Enfermeria y Obstetricia,1963,,,,,,,,,,58
Escuela Nacional de Enfermeria y Obstetricia,1964,,,,,,,,,,97
Escuela Nacional de Enfermeria y Obstetricia,1965,,,,,,,102,,,102
Escuela Nacional de Enfermeria y Obstetricia,1966,,,,,,,109,,,109
Escuela Nacional de Enfermeria y Obstetricia,1967,,,,,,,118,,,118
Escuela Nacional de Enfermeria y Obstetricia,1968,,,,,,,110,,,110
Escuela Nacional de Enfermeria y Obstetricia,1969,,,,,,,95,,,95
Escuela Nacional de Enfermeria y Obstetricia,1970,,,,,,,127,,,127
Escuela Nacional de Enfermeria y Obstetricia,1971,,,,,,,120,,,120
Escuela Nacional de Enfermeria y Obstetricia,1972,,,,59,36,10,,,,105
Escuela Nacional de Enfermeria y Obstetricia,1973,,,,68,32,6,,,,106
Escuela Nacional de Enfermeria y Obstetricia,1974,,,,76,36,5,,,,117
Escuela Nacional de Enfermeria y Obstetricia,1975,,1,1,89,37,5,,,,133
Escuela Nacional de Enfermeria y Obstetricia,1976,,1,,109,34,8,,,,152
Escuela Nacional de Enfermeria y Obstetricia,1977,,1,,101,35,5,,,,142
Escuela Nacional de Enfermeria y Obstetricia,1978,,1,,107,35,8,,,,151
Escuela Nacional de Enfermeria y Obstetricia,1979,,1,1,111,34,7,,,,154
Escuela Nacional de Enfermeria y Obstetricia,1980,,,,,,,,,,
Escuela Nacional de Enfermeria y Obstetricia,1981,,,,,,,,,,
Escuela Nacional de Enfermeria y Obstetricia,1982,,,,,,,,,,
Escuela Nacional de Enfermeria y Obstetricia,1983,,,,,,,,,,
Escuela Nacional de Enfermeria y Obstetricia,1984,,,,,,,,,,
Escuela Nacional de Enfermeria y Obstetricia,1985,,,,,,,,,,
Escuela Nacional de Enfermeria y Obstetricia,1986,,,,,,,,,,
Escuela Nacional de Enfermeria y Obstetricia,1987,,,,,,,,,,
Escuela Nacional de Enfermeria y Obstetricia,1988,,,,,,,,,,
Escuela Nacional de Enfermeria y Obstetricia,1989,,,,,,,,,,
Escuela Nacional de Enfermeria y Obstetricia,1990,,,,,,,,,,
Escuela Nacional de Enfermeria y Obstetricia,1991,,,,,,,,,,
Escuela Nacional de Enfermeria y Obstetricia,1992,,,,,,,,,,
Escuela Nacional de Enfermeria y Obstetricia,1993,,,,,,,,,,
Escuela Nacional de Enfermeria y Obstetricia,1994,,,,,,,,,,
Escuela Nacional de Enfermeria y Obstetricia,1995,,,,,,,,,,
Escuela Nacional de Enfermeria y Obstetricia,1996,,,,,,,,,,
Escuela Nacional de Enfermeria y Obstetricia,1997,,,,,,,,,,
FFyL,1931,,,,,,,,,,38
FFyL,1932,,,,,,,,,,38
FFyL,1933,,,,,,,,,,37
FFyL,1934,,,,,,,,,,82
FFyL,1935,,,,,,,,,,87
FFyL,1936,,,,,,,,,,101
FFyL,1937,,,,,,,,,,109
FFyL,1938,,,,,,,,,,123
FFyL,1939,,,,,,,,,,114
FFyL,1940,,,,,,,,,,109
FFyL,1941,,,,,,,,,,116
FFyL,1942,,,,,,,,,,119
FFyL,1943,,,,,,,,,,139
FFyL,1944,,,,,,,,,,151
FFyL,1945,,,,,,,,,,160
FFyL,1946,,,,,,,,,,160
FFyL,1947,,,,,,,,,,160
FFyL,1948,,,,,,,,,,160
FFyL,1949,,,,,,,,,,178
FFyL,1950,,,,,,,,,,183
FFyL,1951,,,,,,,,,,183
FFyL,1952,,,,,,,,,,184
FFyL,1953,,,,,,,,,,185
FFyL,1954,,,,,,,,,,271
FFyL,1955,,,,,,,,,,170
FFyL,1956,,,,,,,,,,184
FFyL,1957,,,,,,,,,,234
FFyL,1958,,,,,,,,,,235
FFyL,1959,,29,1,,,,,134,,164
FFyL,1960,1,29,5,,,,,256,,291
FFyL,1961,,,,,,,,,,258
FFyL,1962,,,,,,,,,,199
FFyL,1963,3,29,9,,,,,215,,256
FFyL,1964,3,28,10,,,,,178,,219
FFyL,1965,1,,10,,,,,216,,227
FFyL,1966,3,28,10,,,,,229,,270
FFyL,1967,4,26,11,,,,,263,,304
FFyL,1968,6,29,16,,,,,238,,289
FFyL,1969,3,23,11,,,,2,251,,290
FFyL,1970,2,38,47,,,,10,446,,543
FFyL,1971,2,25,15,137,116,82,23,,,400
FFyL,1972,2,19,8,157,111,68,5,,,370
FFyL,1973,2,23,40,121,109,31,4,,,330
FFyL,1974,1,28,44,101,91,41,3,,,309
FFyL,1975,1,41,33,105,91,30,4,,4,309
FFyL,1976,1,36,29,101,88,32,6,,18,311
FFyL,1977,2,50,38,130,81,36,4,,19,360
FFyL,1978,3,57,43,120,77,38,3,,27,368
FFyL,1979,6,95,56,124,44,27,2,,29,389
FFyL,1980,,,,,,,,,,
FFyL,1981,,,,,,,,,,
FFyL,1982,,,,,,,,,,
FFyL,1983,,,,,,,,,,
FFyL,1984,,,,,,,,,,
FFyL,1985,,,,,,,,,,
FFyL,1986,,,,,,,,,,
FFyL,1987,,,,,,,,,,
FFyL,1988,,,,,,,,,,
FFyL,1989,,,,,,,,,,
FFyL,1990,,,,,,,,,,
FFyL,1991,,,,,,,,,,
FFyL,1992,,,,,,,,,,
FFyL,1993,,,,,,,,,,
FFyL,1994,,,,,,,,,,
FFyL,1995,,,,,,,,,,
FFyL,1996,,,,,,,,,,
FFyL,1997,,,,,,,,,,
FI,1931,,,,,,,,,,117
FI,1932,,,,,,,,,,127
FI,1933,,,,,,,,,,92
FI,1934,,,,,,,,,,84
FI,1935,,,,,,,,,,118
FI,1936,,,,,,,,,,146
FI,1937,,,,,,,,,,171
FI,1938,,,,,,,,,,211
FI,1939,,,,,,,,,,182
FI,1940,,,,,,,,,,166
FI,1941,,,,,,,,,,175
FI,1942,,,,,,,,,,191
FI,1943,,,,,,,,,,202
FI,1944,,,,,,,,,,207
FI,1945,,,,,,,,,,248
FI,1946,,,,,,,,,,254
FI,1947,,,,,,,,,,309
FI,1948,,,,,,,,,,283
FI,1949,,,,,,,,,,281
FI,1950,,,,,,,,,,289
FI,1951,,,,,,,,,,289
FI,1952,,,,,,,,,,300
FI,1953,,,,,,,,,,459
FI,1954,,,,,,,,,,578
FI,1955,,,,,,,,,,578
FI,1956,,,,,,,,,,711
FI,1957,,,,,,,,,,596
FI,1958,,,,,,,,,,597
FI,1959,,6,12,,13,90,,248,,369
FI,1960,1,6,20,,,124,,315,,466
FI,1961,,,,,,,,,,
FI,1962,,,,,,,,,,
FI,1963,,8,25,441,,,,,,474
FI,1964,,8,24,429,,,,,,461
FI,1965,,9,29,152,,,,293,,483
FI,1966,,7,27,83,,131,,243,,491
FI,1967,2,8,36,142,,79,,208,,475
FI,1968,1,13,67,216,,131,,187,,615
FI,1969,,12,36,272,,113,31,196,,660
FI,1970,,,36,,,,,585,,621
FI,1971,,18,37,365,177,102,12,,,711
FI,1972,,9,27,,1,142,2,621,,802
FI,1973,,19,,617,1,174,2,42,,855
FI,1974,,74,,664,,176,3,,2,919
FI,1975,,20,51,691,,171,2,,4,939
FI,1976,,16,23,692,,182,8,30,3,954
FI,1977,,23,24,781,,139,4,,8,979
FI,1978,,26,22,721,,126,6,,13,914
FI,1979,,66,48,548,128,129,1,,14,934
FI,1980,,,,,,,,,,
FI,1981,,,,,,,,,,
FI,1982,,,,,,,,,,
FI,1983,,,,,,,,,,
FI,1984,,,,,,,,,,
FI,1985,,,,,,,,,,
FI,1986,,,,,,,,,,
FI,1987,,,,,,,,,,
FI,1988,,,,,,,,,,
FI,1989,,,,,,,,,,
FI,1990,,,,,,,,,,
FI,1991,,,,,,,,,,
FI,1992,,,,,,,,,,
FI,1993,,,,,,,,,,
FI,1994,,,,,,,,,,
FI,1995,,,,,,,,,,
FI,1996,,,,,,,,,,
FI,1997,,,,,,,,,,
F Medicina,1931,,,,,,,,,,256
F Medicina,1932,,,,,,,,,,259
F Medicina,1933,,,,,,,,,,260
F Medicina,1934,,,,,,,,,,268
F Medicina,1935,,,,,,,,,,274
F Medicina,1936,,,,,,,,,,302
F Medicina,1937,,,,,,,,,,351
F Medicina,1938,,,,,,,,,,348
F Medicina,1939,,,,,,,,,,363
F Medicina,1940,,,,,,,,,,393
F Medicina,1941,,,,,,,,,,405
F Medicina,1942,,,,,,,,,,373
F Medicina,1943,,,,,,,,,,391
F Medicina,1944,,,,,,,,,,421
F Medicina,1945,,,,,,,,,,422
F Medicina,1946,,,,,,,,,,518
F Medicina,1947,,,,,,,,,,623
F Medicina,1948,,,,,,,,,,458
F Medicina,1949,,,,,,,,,,579
F Medicina,1950,,,,,,,,,,476
F Medicina,1951,,,,,,,,,,496
F Medicina,1952,,,,,,,,,,498
F Medicina,1953,,,,,,,,,,506
F Medicina,1954,,,,,,,,,,522
F Medicina,1955,,,,,,,,,,519
F Medicina,1956,,,,,,,,,,514
F Medicina,1957,,,,,,,,,,761
F Medicina,1958,,,,,,,,,,761
F Medicina,1959,,50,26,,,564,15,351,,1006
F Medicina,1960,,6,28,,,63,,887,,984
F Medicina,1961,,,,,,,,,,1231
F Medicina,1962,,,,,,,,,,1195
F Medicina,1963,,23,28,,,,,1146,,1197
F Medicina,1964,,20,26,,,,,1170,,1216
F Medicina,1965,1,24,24,,,8,,1266,,1323
F Medicina,1966,2,26,24,,,2,,1337,,1391
F Medicina,1967,4,36,24,,,2,,1602,,1668
F Medicina,1968,4,50,30,,,2,,1793,,1879
F Medicina,1969,3,29,27,,,2,11,1943,,2015
F Medicina,1970,,,29,,,,,2183,,2212
F Medicina,1971,3,48,26,929,296,1211,20,,,2533
F Medicina,1972,1,57,14,1057,298,1345,3,,,2775
F Medicina,1973,2,65,27,1153,246,1406,18,,,2917
F Medicina,1974,1,64,20,1418,291,1744,23,,9,3570
F Medicina,1975,1,57,15,1459,279,1664,18,,15,3508
F Medicina,1976,1,56,19,1547,326,1875,17,,12,3853
F Medicina,1977,4,106,21,1764,366,1927,4,,12,4204
F Medicina,1978,2,133,30,1963,340,2015,3,,11,4497
F Medicina,1979,1,80,19,2268,329,1950,5,,11,4663
F Medicina,1980,,,,,,,,,,
F Medicina,1981,,,,,,,,,,
F Medicina,1982,,,,,,,,,,
F Medicina,1983,,,,,,,,,,
F Medicina,1984,,,,,,,,,,
F Medicina,1985,,,,,,,,,,
F Medicina,1986,,,,,,,,,,
F Medicina,1987,,,,,,,,,,
F Medicina,1988,,,,,,,,,,
F Medicina,1989,,,,,,,,,,
F Medicina,1990,,,,,,,,,,
F Medicina,1991,,,,,,,,,,
F Medicina,1992,,,,,,,,,,
F Medicina,1993,,,,,,,,,,
F Medicina,1994,,,,,,,,,,
F Medicina,1995,,,,,,,,,,
F Medicina,1996,,,,,,,,,,
F Medicina,1997,,,,,,,,,,
F Medicina Veterinaria y Zootecnia,1931,,,,,,,,,,53
F Medicina Veterinaria y Zootecnia,1932,,,,,,,,,,47
F Medicina Veterinaria y Zootecnia,1933,,,,,,,,,,44
F Medicina Veterinaria y Zootecnia,1934,,,,,,,,,,46
F Medicina Veterinaria y Zootecnia,1935,,,,,,,,,,53
F Medicina Veterinaria y Zootecnia,1936,,,,,,,,,,53
F Medicina Veterinaria y Zootecnia,1937,,,,,,,,,,55
F Medicina Veterinaria y Zootecnia,1938,,,,,,,,,,55
F Medicina Veterinaria y Zootecnia,1939,,,,,,,,,,54
F Medicina Veterinaria y Zootecnia,1940,,,,,,,,,,54
F Medicina Veterinaria y Zootecnia,1941,,,,,,,,,,53
F Medicina Veterinaria y Zootecnia,1942,,,,,,,,,,64
F Medicina Veterinaria y Zootecnia,1943,,,,,,,,,,64
F Medicina Veterinaria y Zootecnia,1944,,,,,,,,,,65
F Medicina Veterinaria y Zootecnia,1945,,,,,,,,,,68
F Medicina Veterinaria y Zootecnia,1946,,,,,,,,,,73
F Medicina Veterinaria y Zootecnia,1947,,,,,,,,,,72
F Medicina Veterinaria y Zootecnia,1948,,,,,,,,,,82
F Medicina Veterinaria y Zootecnia,1949,,,,,,,,,,57
F Medicina Veterinaria y Zootecnia,1950,,,,,,,,,,57
F Medicina Veterinaria y Zootecnia,1951,,,,,,,,,,56
F Medicina Veterinaria y Zootecnia,1952,,,,,,,,,,56
F Medicina Veterinaria y Zootecnia,1953,,,,,,,,,,59
F Medicina Veterinaria y Zootecnia,1954,,,,,,,,,,62
F Medicina Veterinaria y Zootecnia,1955,,,,,,,,,,110
F Medicina Veterinaria y Zootecnia,1956,,,,,,,,,,47
F Medicina Veterinaria y Zootecnia,1957,,,,,,,,,,112
F Medicina Veterinaria y Zootecnia,1958,,,,,,,,,,112
F Medicina Veterinaria y Zootecnia,1959,,6,4,,,,,,,58
F Medicina Veterinaria y Zootecnia,1960,,7,3,,,8,,48,,152
F Medicina Veterinaria y Zootecnia,1961,,,,,,,,134,,79
F Medicina Veterinaria y Zootecnia,1962,,,,,,,,,,113
F Medicina Veterinaria y Zootecnia,1963,,,,,,,,,,124
F Medicina Veterinaria y Zootecnia,1964,,,,,,,,,,124
F Medicina Veterinaria y Zootecnia,1965,,24,3,,,,,97,,124
F Medicina Veterinaria y Zootecnia,1966,,23,2,,,,,127,,152
F Medicina Veterinaria y Zootecnia,1967,,21,,,,,,120,,141
F Medicina Veterinaria y Zootecnia,1968,,22,2,,,,,126,,150
F Medicina Veterinaria y Zootecnia,1969,,23,2,,,,,101,,126
F Medicina Veterinaria y Zootecnia,1970,,21,3,,,1,,107,,132
F Medicina Veterinaria y Zootecnia,1971,,29,4,28,39,45,,,,145
F Medicina Veterinaria y Zootecnia,1972,,10,2,45,38,44,2,,,141
F Medicina Veterinaria y Zootecnia,1973,,36,3,27,36,51,,,,153
F Medicina Veterinaria y Zootecnia,1974,,43,1,25,49,71,2,,,191
F Medicina Veterinaria y Zootecnia,1975,,43,3,37,45,79,2,,,209
F Medicina Veterinaria y Zootecnia,1976,,42,4,41,47,95,1,,2,232
F Medicina Veterinaria y Zootecnia,1977,,51,4,56,42,108,1,,5,267
F Medicina Veterinaria y Zootecnia,1978,,46,4,71,37,103,1,,6,268
F Medicina Veterinaria y Zootecnia,1979,,60,4,71,36,90,,,7,268
F Medicina Veterinaria y Zootecnia,1980,,,,,,,,,,
F Medicina Veterinaria y Zootecnia,1981,,,,,,,,,,
F Medicina Veterinaria y Zootecnia,1982,,,,,,,,,,
F Medicina Veterinaria y Zootecnia,1983,,,,,,,,,,
F Medicina Veterinaria y Zootecnia,1984,,,,,,,,,,
F Medicina Veterinaria y Zootecnia,1985,,,,,,,,,,
F Medicina Veterinaria y Zootecnia,1986,,,,,,,,,,
F Medicina Veterinaria y Zootecnia,1987,,,,,,,,,,
F Medicina Veterinaria y Zootecnia,1988,,,,,,,,,,
F Medicina Veterinaria y Zootecnia,1989,,,,,,,,,,
F Medicina Veterinaria y Zootecnia,1990,,,,,,,,,,
F Medicina Veterinaria y Zootecnia,1991,,,,,,,,,,
F Medicina Veterinaria y Zootecnia,1992,,,,,,,,,,
F Medicina Veterinaria y Zootecnia,1993,,,,,,,,,,
F Medicina Veterinaria y Zootecnia,1994,,,,,,,,,,
F Medicina Veterinaria y Zootecnia,1995,,,,,,,,,,
F Medicina Veterinaria y Zootecnia,1996,,,,,,,,,,
F Medicina Veterinaria y Zootecnia,1997,,,,,,,,,,
Escuela nacional de musica,1931,,,,,,,,,,34
Escuela nacional de musica,1932,,,,,,,,,,33
Escuela nacional de musica,1933,,,,,,,,,,34
Escuela nacional de musica,1934,,,,,,,,,,28
Escuela nacional de musica,1935,,,,,,,,,,29
Escuela nacional de musica,1936,,,,,,,,,,38
Escuela nacional de musica,1937,,,,,,,,,,57
Escuela nacional de musica,1938,,,,,,,,,,61
Escuela nacional de musica,1939,,,,,,,,,,60
Escuela nacional de musica,1940,,,,,,,,,,50
Escuela nacional de musica,1941,,,,,,,,,,64
Escuela nacional de musica,1942,,,,,,,,,,64
Escuela nacional de musica,1943,,,,,,,,,,68
Escuela nacional de musica,1944,,,,,,,,,,75
Escuela nacional de musica,1945,,,,,,,,,,76
Escuela nacional de musica,1946,,,,,,,,,,80
Escuela nacional de musica,1947,,,,,,,,,,84
Escuela nacional de musica,1948,,,,,,,,,,88
Escuela nacional de musica,1949,,,,,,,,,,89
Escuela nacional de musica,1950,,,,,,,,,,88
Escuela nacional de musica,1951,,,,,,,,,,88
Escuela nacional de musica,1952,,,,,,,,,,94
Escuela nacional de musica,1953,,,,,,,,,,94
Escuela nacional de musica,1954,,,,,,,,,,94
Escuela nacional de musica,1955,,,,,,,,,,103
Escuela nacional de musica,1956,,,,,,,,,,109
Escuela nacional de musica,1957,,,,,,,,,,118
Escuela nacional de musica,1958,,,,,,,,,,118
Escuela nacional de musica,1959,,1,,,,9,,71,,81
Escuela nacional de musica,1960,,,,,,26,,94,,120
Escuela nacional de musica,1961,,,,,,,,,,104
Escuela nacional de musica,1962,,,,,,,,,,106
Escuela nacional de musica,1963,,,,,,,,,,99
Escuela nacional de musica,1964,,,,,,,,,,101
Escuela nacional de musica,1965,,,,,,,,95,,95
Escuela nacional de musica,1966,,,,,,,,95,,95
Escuela nacional de musica,1967,1,,,,,,,116,,117
Escuela nacional de musica,1968,,1,,,,,,111,,112
Escuela nacional de musica,1969,1,2,,,,,1,95,,99
Escuela nacional de musica,1970,,,,,,,2,98,,100
Escuela nacional de musica,1971,,,,43,36,19,2,,,100
Escuela nacional de musica,1972,,,,34,42,20,,,,96
Escuela nacional de musica,1973,,,,42,42,18,,,,102
Escuela nacional de musica,1974,,1,,44,40,21,,,,106
Escuela nacional de musica,1975,,1,,43,39,23,,,,106
Escuela nacional de musica,1976,,1,,51,34,25,,,,111
Escuela nacional de musica,1977,,,,52,40,26,,,,118
Escuela nacional de musica,1978,,1,,50,38,32,,,,121
Escuela nacional de musica,1979,,1,,48,38,24,,,,111
Escuela nacional de musica,1980,,,,,,,,,,
Escuela nacional de musica,1981,,,,,,,,,,
Escuela nacional de musica,1982,,,,,,,,,,
Escuela nacional de musica,1983,,,,,,,,,,
Escuela nacional de musica,1984,,,,,,,,,,
Escuela nacional de musica,1985,,,,,,,,,,
Escuela nacional de musica,1986,,,,,,,,,,
Escuela nacional de musica,1987,,,,,,,,,,
Escuela nacional de musica,1988,,,,,,,,,,
Escuela nacional de musica,1989,,,,,,,,,,
Escuela nacional de musica,1990,,,,,,,,,,
Escuela nacional de musica,1991,,,,,,,,,,
Escuela nacional de musica,1992,,,,,,,,,,
Escuela nacional de musica,1993,,,,,,,,,,
Escuela nacional de musica,1994,,,,,,,,,,
Escuela nacional de musica,1995,,,,,,,,,,
Escuela nacional de musica,1996,,,,,,,,,,
Escuela nacional de musica,1997,,,,,,,,,,
Escuela nacional de odontologia,1931,,,,,,,,,,51
Escuela nacional de odontologia,1932,,,,,,,,,,51
Escuela nacional de odontologia,1933,,,,,,,,,,50
Escuela nacional de odontologia,1934,,,,,,,,,,48
Escuela nacional de odontologia,1935,,,,,,,,,,46
Escuela nacional de odontologia,1936,,,,,,,,,,54
Escuela nacional de odontologia,1937,,,,,,,,,,73
Escuela nacional de odontologia,1938,,,,,,,,,,79
Escuela nacional de odontologia,1939,,,,,,,,,,80
Escuela nacional de odontologia,1940,,,,,,,,,,79
Escuela nacional de odontologia,1941,,,,,,,,,,82
Escuela nacional de odontologia,1942,,,,,,,,,,90
Escuela nacional de odontologia,1943,,,,,,,,,,90
Escuela nacional de odontologia,1944,,,,,,,,,,80
Escuela nacional de odontologia,1945,,,,,,,,,,102
Escuela nacional de odontologia,1946,,,,,,,,,,106
Escuela nacional de odontologia,1947,,,,,,,,,,108
Escuela nacional de odontologia,1948,,,,,,,,,,106
Escuela nacional de odontologia,1949,,,,,,,,,,106
Escuela nacional de odontologia,1950,,,,,,,,,,105
Escuela nacional de odontologia,1951,,,,,,,,,,105
Escuela nacional de odontologia,1952,,,,,,,,,,105
Escuela nacional de odontologia,1953,,,,,,,,,,105
Escuela nacional de odontologia,1954,,,,,,,,,,123
Escuela nacional de odontologia,1955,,,,,,,,,,118
Escuela nacional de odontologia,1956,,,,,,,,,,122
Escuela nacional de odontologia,1957,,,,,,,,,,132
Escuela nacional de odontologia,1958,,,,,,,,,,132
Escuela nacional de odontologia,1959,,,,,,,,,,106
Escuela nacional de odontologia,1960,,,3,2,,61,,100,,166
Escuela nacional de odontologia,1961,,,,,,,,,,181
Escuela nacional de odontologia,1962,,,,,,,,,,217
Escuela nacional de odontologia,1963,,,,,,,,,,213
Escuela nacional de odontologia,1964,,,,,,,,,,209
Escuela nacional de odontologia,1965,,7,1,,,,,207,,215
Escuela nacional de odontologia,1966,,5,98,,,,,136,,239
Escuela nacional de odontologia,1967,,4,1,,,,,210,,215
Escuela nacional de odontologia,1968,,4,1,,,,,233,,238
Escuela nacional de odontologia,1969,,3,1,,,,,226,,230
Escuela nacional de odontologia,1970,,3,3,,,,,237,,243
Escuela nacional de odontologia,1971,,5,2,67,89,76,,,,239
Escuela nacional de odontologia,1972,,4,,54,96,113,,,,267
Escuela nacional de odontologia,1973,,5,,88,109,105,,,,307
Escuela nacional de odontologia,1974,,3,13,97,115,130,,,,358
Escuela nacional de odontologia,1975,,19,,134,115,168,,,,436
Escuela nacional de odontologia,1976,,,15,144,114,178,1,,,452
Escuela nacional de odontologia,1977,,3,25,185,118,188,,,,519
Escuela nacional de odontologia,1978,,4,35,184,111,214,,,,548
Escuela nacional de odontologia,1979,,10,57,178,96,238,,,,579
Escuela nacional de odontologia,1980,,,,,,,,,,
Escuela nacional de odontologia,1981,,,,,,,,,,
Escuela nacional de odontologia,1982,,,,,,,,,,
Escuela nacional de odontologia,1983,,,,,,,,,,
Escuela nacional de odontologia,1984,,,,,,,,,,
Escuela nacional de odontologia,1985,,,,,,,,,,
Escuela nacional de odontologia,1986,,,,,,,,,,
Escuela nacional de odontologia,1987,,,,,,,,,,
Escuela nacional de odontologia,1988,,,,,,,,,,
Escuela nacional de odontologia,1989,,,,,,,,,,
Escuela nacional de odontologia,1990,,,,,,,,,,
Escuela nacional de odontologia,1991,,,,,,,,,,
Escuela nacional de odontologia,1992,,,,,,,,,,
Escuela nacional de odontologia,1993,,,,,,,,,,
Escuela nacional de odontologia,1994,,,,,,,,,,
Escuela nacional de odontologia,1995,,,,,,,,,,
Escuela nacional de odontologia,1996,,,,,,,,,,
Escuela nacional de odontologia,1997,,,,,,,,,,
F piscologia,1931,,,,,,,,,,
F piscologia,1932,,,,,,,,,,
F piscologia,1933,,,,,,,,,,
F piscologia,1934,,,,,,,,,,
F piscologia,1935,,,,,,,,,,
F piscologia,1936,,,,,,,,,,
F piscologia,1937,,,,,,,,,,
F piscologia,1938,,,,,,,,,,
F piscologia,1939,,,,,,,,,,
F piscologia,1940,,,,,,,,,,
F piscologia,1941,,,,,,,,,,
F piscologia,1942,,,,,,,,,,
F piscologia,1943,,,,,,,,,,
F piscologia,1944,,,,,,,,,,
F piscologia,1945,,,,,,,,,,
F piscologia,1946,,,,,,,,,,
F piscologia,1947,,,,,,,,,,
F piscologia,1948,,,,,,,,,,
F piscologia,1949,,,,,,,,,,
F piscologia,1950,,,,,,,,,,
F piscologia,1951,,,,,,,,,,
F piscologia,1952,,,,,,,,,,
F piscologia,1953,,,,,,,,,,
F piscologia,1954,,,,,,,,,,
F piscologia,1955,,,,,,,,,,
F piscologia,1956,,,,,,,,,,
F piscologia,1957,,,,,,,,,,
F piscologia,1958,,,,,,,,,,
F piscologia,1959,,,,,,,,,,
F piscologia,1960,,,,,,,,,,
F piscologia,1961,,,,,,,,,,
F piscologia,1962,,,,,,,,,,
F piscologia,1963,,,,,,,,,,
F piscologia,1964,,,,,,,,,,
F piscologia,1965,,,,,,,,,,
F piscologia,1966,,,,,,,,,,
F piscologia,1967,,,,,,,,,,
F piscologia,1968,,,,,,,,,,
F piscologia,1969,,,,,,,,,,
F piscologia,1970,,,,,,,,,,
F piscologia,1971,,,,,,,,,,
F piscologia,1972,,,,,,,,,,
F piscologia,1973,,11,15,20,,54,,,,100
F piscologia,1974,,35,24,71,27,79,4,,1,241
F piscologia,1975,,43,28,65,25,78,4,,1,244
F piscologia,1976,,39,30,62,20,75,5,,15,246
F piscologia,1977,,60,31,64,20,89,4,,19,287
F piscologia,1978,,69,29,65,19,85,3,,20,290
F piscologia,1979,,87,29,78,18,88,,,24,324
F piscologia,1980,,,,,,,,,,
F piscologia,1981,,,,,,,,,,
F piscologia,1982,,,,,,,,,,
F piscologia,1983,,,,,,,,,,
F piscologia,1984,,,,,,,,,,
F piscologia,1985,,,,,,,,,,
F piscologia,1986,,,,,,,,,,
F piscologia,1987,,,,,,,,,,
F piscologia,1988,,,,,,,,,,
F piscologia,1989,,,,,,,,,,
F piscologia,1990,,,,,,,,,,
F piscologia,1991,,,,,,,,,,
F piscologia,1992,,,,,,,,,,
F piscologia,1993,,,,,,,,,,
F piscologia,1994,,,,,,,,,,
F piscologia,1995,,,,,,,,,,
F piscologia,1996,,,,,,,,,,
F piscologia,1997,,,,,,,,,,
F Quimica,1931,,,,,,,,,,84
F Quimica,1932,,,,,,,,,,78
F Quimica,1933,,,,,,,,,,78
F Quimica,1934,,,,,,,,,,61
F Quimica,1935,,,,,,,,,,59
F Quimica,1936,,,,,,,,,,66
F Quimica,1937,,,,,,,,,,109
F Quimica,1938,,,,,,,,,,103
F Quimica,1939,,,,,,,,,,112
F Quimica,1940,,,,,,,,,,111
F Quimica,1941,,,,,,,,,,123
F Quimica,1942,,,,,,,,,,131
F Quimica,1943,,,,,,,,,,131
F Quimica,1944,,,,,,,,,,134
F Quimica,1945,,,,,,,,,,158
F Quimica,1946,,,,,,,,,,158
F Quimica,1947,,,,,,,,,,158
F Quimica,1948,,,,,,,,,,161
F Quimica,1949,,,,,,,,,,232
F Quimica,1950,,,,,,,,,,183
F Quimica,1951,,,,,,,,,,176
F Quimica,1952,,,,,,,,,,185
F Quimica,1953,,,,,,,,,,195
F Quimica,1954,,,,,,,,,,205
F Quimica,1955,,,,,,,,,,217
F Quimica,1956,,,,,,,,,,237
F Quimica,1957,,,,,,,,,,310
F Quimica,1958,,,,,,,,,,318
F Quimica,1959,,2,1,,,125,,97,,225
F Quimica,1960,,,,,,134,,118,,252
F Quimica,1961,,,,,,,,,,257
F Quimica,1962,,,,,,,,,,271
F Quimica,1963,,,,,,,,,,275
F Quimica,1964,,,,,,,,,,273
F Quimica,1965,,4,2,,,,,292,,298
F Quimica,1966,,5,3,,,,,299,,307
F Quimica,1967,,3,2,,,,,315,,320
F Quimica,1968,1,8,6,,,,,309,,324
F Quimica,1969,1,3,2,,,,,342,,348
F Quimica,1970,1,15,10,,,,1,334,,361
F Quimica,1971,1,36,19,101,66,238,2,,,463
F Quimica,1972,1,32,9,159,57,279,,,,537
F Quimica,1973,1,45,20,169,37,369,2,,,643
F Quimica,1974,2,57,19,183,57,382,7,,10,717
F Quimica,1975,1,68,17,202,57,400,7,,9,761
F Quimica,1976,,72,13,298,65,277,7,,14,746
F Quimica,1977,,71,12,309,66,255,7,,33,753
F Quimica,1978,,84,11,368,73,234,4,,41,755
F Quimica,1979,,101,17,352,62,131,2,,54,719
F Quimica,1980,,,,,,,,,,
F Quimica,1981,,,,,,,,,,
F Quimica,1982,,,,,,,,,,
F Quimica,1983,,,,,,,,,,
F Quimica,1984,,,,,,,,,,
F Quimica,1985,,,,,,,,,,
F Quimica,1986,,,,,,,,,,
F Quimica,1987,,,,,,,,,,
F Quimica,1988,,,,,,,,,,
F Quimica,1989,,,,,,,,,,
F Quimica,1990,,,,,,,,,,
F Quimica,1991,,,,,,,,,,
F Quimica,1992,,,,,,,,,,
F Quimica,1993,,,,,,,,,,
F Quimica,1994,,,,,,,,,,
F Quimica,1995,,,,,,,,,,
F Quimica,1996,,,,,,,,,,
F Quimica,1997,,,,,,,,,,
EN Trabajo Social,1931,,,,,,,,,,
EN Trabajo Social,1932,,,,,,,,,,
EN Trabajo Social,1933,,,,,,,,,,
EN Trabajo Social,1934,,,,,,,,,,
EN Trabajo Social,1935,,,,,,,,,,
EN Trabajo Social,1936,,,,,,,,,,
EN Trabajo Social,1937,,,,,,,,,,
EN Trabajo Social,1938,,,,,,,,,,
EN Trabajo Social,1939,,,,,,,,,,
EN Trabajo Social,1940,,,,,,,,,,
EN Trabajo Social,1941,,,,,,,,,,
EN Trabajo Social,1942,,,,,,,,,,
EN Trabajo Social,1943,,,,,,,,,,
EN Trabajo Social,1944,,,,,,,,,,
EN Trabajo Social,1945,,,,,,,,,,
EN Trabajo Social,1946,,,,,,,,,,
EN Trabajo Social,1947,,,,,,,,,,
EN Trabajo Social,1948,,,,,,,,,,
EN Trabajo Social,1949,,,,,,,,,,
EN Trabajo Social,1950,,,,,,,,,,
EN Trabajo Social,1951,,,,,,,,,,
EN Trabajo Social,1952,,,,,,,,,,
EN Trabajo Social,1953,,,,,,,,,,
EN Trabajo Social,1954,,,,,,,,,,
EN Trabajo Social,1955,,,,,,,,,,
EN Trabajo Social,1956,,,,,,,,,,
EN Trabajo Social,1957,,,,,,,,,,
EN Trabajo Social,1958,,,,,,,,,,
EN Trabajo Social,1959,,,,,,,,,,
EN Trabajo Social,1960,,,,,,,,,,
EN Trabajo Social,1961,,,,,,,,,,
EN Trabajo Social,1962,,,,,,,,,,
EN Trabajo Social,1963,,,,,,,,,,
EN Trabajo Social,1964,,,,,,,,,,
EN Trabajo Social,1965,,,,,,,,,,
EN Trabajo Social,1966,,,,,,,,,,
EN Trabajo Social,1967,,,,,,,,,,
EN Trabajo Social,1968,,,,,,,,,,
EN Trabajo Social,1969,,,,,,,,,,
EN Trabajo Social,1970,,,,,,,,,,
EN Trabajo Social,1971,,,,,,,,,,
EN Trabajo Social,1972,,,,,,,,,,
EN Trabajo Social,1973,,,,,,,,,,
EN Trabajo Social,1974,,,2,14,6,16,,,,38
EN Trabajo Social,1975,,,2,17,6,16,,,,41
EN Trabajo Social,1976,,,2,27,8,10,,,,47
EN Trabajo Social,1977,,,4,37,8,6,,,,55
EN Trabajo Social,1978,,,4,31,7,6,,,,48
EN Trabajo Social,1979,,,4,35,5,6,,,,50
EN Trabajo Social,1980,,,,,,,,,,
EN Trabajo Social,1981,,,,,,,,,,
EN Trabajo Social,1982,,,,,,,,,,
EN Trabajo Social,1983,,,,,,,,,,
EN Trabajo Social,1984,,,,,,,,,,
EN Trabajo Social,1985,,,,,,,,,,
EN Trabajo Social,1986,,,,,,,,,,
EN Trabajo Social,1987,,,,,,,,,,
EN Trabajo Social,1988,,,,,,,,,,
EN Trabajo Social,1989,,,,,,,,,,
EN Trabajo Social,1990,,,,,,,,,,
EN Trabajo Social,1991,,,,,,,,,,
EN Trabajo Social,1992,,,,,,,,,,
EN Trabajo Social,1993,,,,,,,,,,
EN Trabajo Social,1994,,,,,,,,,,
EN Trabajo Social,1995,,,,,,,,,,
EN Trabajo Social,1996,,,,,,,,,,
EN Trabajo Social,1997,,,,,,,,,,
Centro de estudios filosóficos,1959,,,,,,,,,,
IH,1959,,,,,,,,,,
IM,1959,,,,,,,,,,
IF,1959,,,,,,,,,,
IDComparado,1959,,,,,,,,,,
IQ,1959,,,,,,,,,,
Igeología,1959,,,,,,,,,,
Igeofísica,1959,,,,,,,,,,
Igeografía,1959,,,,,,,,,,
IB,1959,,,,,,,,,,
IMB,1959,,,,,,,,,,
IIS,1959,,,,,,,,,,
IIE,1959,,,,,,,,,,
Observatorio Astronómico Nacional,1959,,,,,,,,,,
BN,1959,,,,,,,,,,
HN,1959,,,,,,,,,,
Depto E Física,1959,,,,,,,,,,
