year,dep,eme_h,eme_m,tctita_h,tctita_m,tctib_h,tctib_m,tctic_h,tctic_m,mctia_h,mctia_m,mctib_h,mctib_m,mctic_h,mctic_m,tcasa_h,tcasa_m,tcasb_h,tcasb_m,tcasc_h,tcasc_m,mcasa_h,mcasa_m,mcasb_h,mcasb_m,mcasc_h,mcasc_m,ay_h,ay_m,tec_h,tec_m
1960,ENA,,,,,,,,,,,,,,,,,,,,,,,,,,,,,,
1960,ENAP,,,,,,,,,,,,,,,,,,,,,,,,,,,,,,
1960,FC,,,1,,,,,,,,,,,,,,,,,,,,,,,,,,,
1960,FCPyS,,,,,,,,,,,,,,,,,,,,,,,,,,,,,,
1960,ENCQ,,,,,,,,,,,,,,,,,,,,,,,,,,,,,,
1960,ENCA,,,,,,,,,,,,,,,,,,,,,,,,,,,,,,
1960,FD,,,,,,,,,,,,,,,,,,,,,,,,,,,,,,
1960,ENE,,,29,2,,,,,,,,,,,,,,,,,,,,,,,,,,
1960,ENEO,,,,,,,,,,,,,,,,,,,,,,,,,,,,,,
1960,FFyL,,,,,,,,,,,,,,,,,,,,,,,,,,,,,,
1960,ENI,,,21,,,,,,,,,,,,,,,,,,,,,,,,,,,
1960,ENMed,,,7,3,,,,,,,,,,,,,,,,,,,,,,,,,,
1960,ENM,,,7,,,,,,,,,,,,,,,,,,,,,,,,,,,
1960,ENO,,,,,,,,,,,,,,,,,,,,,,,,,,,,,,
1960,ENMVZ,,,,,,,,,,,,,,,,,,,,,,,,,,,,,,
1960,ENP,,,,,,,,,,,,,,,,,,,,,,,,,,,,,,
1960,Centro de estudios filosóficos,,,8,,,,,,,,,,,,,,,,,,,,,,,,,,,
1960,IH,,,9,1,,,,,,,,,,,,,,,,,,,,,,,1,1,,
1960,IM,,,7,,,,,,,,,,,,,,,,,,,,,,,,,,,
1960,IF,,,13,,,,,,,,,,,,,,,,,,,,,,,,2,2,,
1960,IDComparado,,,4,1,,,,,,,,,,,,,,,,,,,,,,,1,3,,
1960,IQ,,,15,2,,,,,,,,,,,,,,,,,,,,,,,,,,
1960,Igeología,,,5,2,,,,,,,,,,,,,,,,,,,,,,,8,3,,
1960,Igeofísica,,,3,,,,,,,,,,,,,,,,,,,,,,,,7,10,,
1960,Igeografía,,,,3,,,,,,,,,,,,,,,,,,,,,,,1,2,,
1960,IB,,,7,6,,,,,,,,,,,,,,,,,,,,,,,1,1,,
1960,IMB,,,8,1,,,,,,,,,,,,,,,,,,,,,,,,,,
1960,IIS,,,6,1,,,,,,,,,,,,,,,,,,,,,,,,,,
1960,IIE,,,3,,,,,,,,,,,,,,,,,,,,,,,,,,,
1960,Observatorio Astronómico Nacional,1,,3,,,,,,,,,,,,,,,,,,,,,,,,2,1,,
1960,BN,,,8,,,,,,,,,,,,,,,,,,,,,,,,,,,
1960,HN,,,,,,,,,,,,,,,,,,,,,,,,,,,,,,
1960,Depto E Física,,,,,,,,,,,,,,,,,,,,,,,,,,,,,,
1962,FC,,,,,,,,,,,,,,,,,,,,,,,,,,,,,,
1962,FFyL,,,,,,,,,,,,,,,,,,,,,,,,,,,,,,
1962,FI,,,,,,,,,,,,,,,,,,,,,,,,,,,,,,
1962,FM,,,,,,,,,,,,,,,,,,,,,,,,,,,,,,
1962,ENCA,,,,,,,,,,,,,,,,,,,,,,,,,,,,,,
1962,ENE,,,9,2,,,,,,,,,,,,,,,,,,,,,,,,,,
1962,ENM,,,1,0,,,,,,,,,,,,,,,,,,,,,,,,,,
1962,IB,,,9,4,,,,,,,,,,,,,,,,,,,,,,,,,,
1962,ID Comparado,,,6,1,,,,,,,,,,,,,,,,,,,,,,,,,,
1962,CEFilosoficos,,,6,0,,,,,,,,,,,,,,,,,,,,,,,,,,
1962,IEMB,,,11,3,,,,,,,,,,,,,,,,,,,,,,,,,,
1962,IF,,,16,0,,,,,,,,,,,,,,,,,,,,,,,,,,
1962,Igeología,,,10,0,,,,,,,,,,,,,,,,,,,,,,,,,,
1962,igeografía,,,2,2,,,,,,,,,,,,,,,,,,,,,,,,,,
1962,igeofísica,,,5,1,,,,,,,,,,,,,,,,,,,,,,,,,,
1962,IH,,,8,1,,,,,,,,,,,,,,,,,,,,,,,,,,
1962,IIE,,,3,0,,,,,,,,,,,,,,,,,,,,,,,,,,
1962,IIS,,,6,1,,,,,,,,,,,,,,,,,,,,,,,,,,
1962,Imat,,,10,0,,,,,,,,,,,,,,,,,,,,,,,,,,
1962,IQ,,,14,2,,,,,,,,,,,,,,,,,,,,,,,,,,
1962,BN,,,4,0,,,,,,,,,,,,,,,,,,,,,,,,,,
1962,OAN,1,,5,0,,,,,,,,,,,,,,,,,,,,,,,,,,
1963,ENE,,,4,,3,2,,,,,,,,,,,,,,,,,,,,,,,,
1963,CEFilosoficos,,,4,,,0,,,,,,,,,,,1,,,,,,,,,,,,,
1963,IB,,,6,5,2,1,,,1,,,,,,,,,,,,,,,,,,,,,
1963,IDComparado,,,3,,,1,,,,,,,,,,,,,,,,,,,,,,,,
1963,IEMB,,,7,,2,3,,,,,1,1,,,,,2,,,,,,3,1,,,,,,
1963,IF,,,8,,10,0,,,,,,,,,,,,,,,,,8,2,,,,,,
1963,Igeofísica,,,2,,7,1,,,,,1,,,,,,,,,,,,1,,,,,,,
1963,Igeografía,,,,,,2,,,,,,,,,,,,2,,,,,,2,,,,,,
1963,Igeología,,,7,,1,1,,,,,11,1,,,,,,,,,,,3,2,,,,,,
1963,IH,,,6,,1,1,,,,,,,,,,,,1,,,,,,,,,,,,
1963,IIE,,,2,,1,0,,,,,2,2,,,,,,,,,,,4,1,,,,,,
1963,IIS,,,1,,2,0,,,,,,,,,,,2,1,,,,,1,,,,,,,
1963,IM,,,7,,2,0,,,,,1,,,,,,3,,,,,,,,,,,,,
1963,IQ,,,11,,4,3,,,,,,,,,,,,,,,,,,,,,,,,
1963,BN,,,1,,1,0,,,1,,,,,,,,,,,,,,,,,,,,,
1963,OAN,1,,4,,1,0,,,,,,,,,,,,,,,,,1,1,,,,,,
1964,ENE,,,5,,3,2,,,,,,,,,,,,,,,,,,,,,,,,
1964,CEFilosoficos,,,5,,2,,,,,,,,,,,,1,,,,,,,,,,,,,
1964,IB,,,7,5,1,2,,,,,,2,,,,,1,,,,,,3,2,,,,,,
1964,IDComparado,,,4,,,,,,,,,,,,,,,,,,,,,,,,,,,
1964,IEMB,,,7,,3,1,,,1,,3,2,,,,,2,1,,,,,10,4,,,,,,
1964,IF,,,10,,12,,,,,,5,1,,,,,2,,,,,,4,4,,,,,,
1964,Igeofísica,,,3,1,9,1,,,,,1,,,,,,2,,,,,,1,,,,,,,
1964,Igeografía,,,1,,,3,,,,,,,,,,,,2,,,,,,2,,,,,,
1964,Igeología,,,7,,2,1,,,2,,4,,,,,,4,1,,,,,3,2,,,,,,
1964,IH,,,6,,1,1,,,1,,,,,,,,,,,,,,9,5,,,,,,
1964,IIE,,,,,1,,,,,1,2,3,,,,,,,,,,,6,1,,,,,,
1964,IIS,,,1,,2,1,,,,,,,,,,,1,1,,,,,1,,,,,,,
1964,IM,,,7,,2,,,,,,1,,,,,,4,,,,,,,,,,,,,
1964,IQ,,,12,,4,3,,,,,,,,,,,,,,,,,,,,,,,,
1964,BN,,,2,,2,,,,,,,,,,,,,,,,,,1,1,,,,,,
1964,OAN,,,5,,3,,,,,,,,,,,,,,,,,,2,1,,,,,,
1965,IB,,,4,6,2,1,,,,,,2,,,,,2,,,,,,3,1,,,,,,
1965,IEMB,,,6,,4,2,,,,,3,2,,,,,,2,,,,,8,4,,,,,,
1965,IF,,,10,,16,,,,2,,,,,,,,2,,,,,,5,2,,,,,,
1965,Igeofísica,,,3,1,13,1,,,,,2,,,,,,,,,,,,1,,,,,,,
1965,Igeografía,,,,1,,3,,,,,,,,,,,,2,,,,,,3,,,,,,
1965,Igeología,,,7,,2,1,,,2,,4,,,,,,4,2,,,,,3,,,,,,,
1965,im,,,7,,2,,,,,,1,,,,,,5,,,,,,,,,,,,,
1965,iq,,,12,,4,3,,,,,,,,,,,,,,,,,,,,,,,,
1965,oan,1,,4,,4,,,,,,,,,,,,,,,,,,1,1,,,,,,
1965,CEFilosoficos,,,5,,2,,,,,,1,,,,,,,,,,,,,,,,,,,
1965,bn,,,2,,2,,,,,,,,,,,,,,,,,,,1,,,,,,
1965,IDComparado,,,5,,,,,,,,,,,,,,,,,,,,,,,,,,,
1965,iie,,,,,,,,,,,2,1,,,,,,,,,,,4,3,,,,,,
1965,iih,,,6,,1,1,,,1,1,,,,,,,,1,,,,,11,4,,,,,,
1965,iis,,,1,,2,1,,,,,,,,,,,1,1,,,,,1,,,,,,,
1965,fc,,,,,1,,,,,,,,,,,,,,,,,,,,,,,,,
1965,ene,,,6,1,,1,,,,,,,,,,,,,,,,,,,,,,,,
1965,ffyl,,,,,,,,,,,,,,,,,,,,,,,,,,,,,,
1965,fm,,,,,,,,,,,,,,,,,,,,,,,,,,,,,,
1966,CEFilosoficos,,,6,1,4,4,,,,,,,,,,,3,1,,,,,,,,,,,,
1966,IDComparado,,,3,,,,,,,,2,,,,,,1,,,,,,,,,,,,,
1966,iie,,,2,,,,,,,,2,1,,,,,,,,,,,4,3,,,,,,
1966,iih,,,5,2,1,,,,1,1,,,,,,,,,,,,,11,5,,,,,,
1966,iis,,,2,1,1,1,,,,,,,,,,,1,,,,,,,1,,,,,,
1966,bn,,,1,,2,2,,,,,,,,,,,1,1,,,,,,1,,,,,,
1966,IB,,,5,5,1,,,,,,1,2,,,,,,,,,,,2,1,,,,,,
1966,IEMB,,,7,1,3,1,,,2,,4,2,,,,,3,,,,,,3,4,,,,,,
1966,IF,,,8,,4,3,,,2,,,1,,,,,4,,,,,,8,1,,,,,,
1966,Igeofísica,,,1,1,11,,,,,,1,,,,,,2,,,,,,3,,,,,,,
1966,Igeografía,,,,,14,1,,,,,,,,,,,,,,,,,,3,,,,,,
1966,Igeología,,,7,,,3,,,1,,4,,,,,,,2,,,,,4,1,,,,,,
1966,im,,,7,,2,1,,,,,,,,,,,4,2,,,,,,,,,,,,
1966,iq,,,10,,2,2,,,,,,,,,,,5,,,,,,,,,,,,,
1966,oan,,,4,,4,3,,,,,,,,,,,,,,,,,1,1,,,,,,
1966,jb,,,,,4,,,,,,,,,,,,,,,,,,,,,,,,,
1966,ene,,,4,1,,1,,,,,,,,,,,,,,,,,,,,,,,,
1966,ffyl,,,,,,,,,,,,,,,,,,,,,,,,,,,,,,
1966,fm,,,,,,,,,,,,,,,,,,,,,,,,,,,,,,
1967,FC,,,,,1,1,,,,,,,,,,,,,,,,,,,,,,,,
1967,ENE,,,6,,,,,,1,,,,,,,,,,,,,,,,,,,,,
1967,IDComparado,,,3,,1,1,,,,,1,,,,,,,,,,,,,,,,,,,
1967,IEF,,,6,,2,,,,1,,,,,,,,,,,,,,,,,,,,,
1967,IIE,,,,,,,,,,,,,,,,,,,,,,,,,,,,,,
1967,IIH,,,3,1,2,,,,,1,2,1,,,,,2,1,,,,,4,,,,,,,
1967,IIS,,,4,,3,1,,,,2,,,,,,,1,,,,,,,,,,,,,
1967,CELinguisticos,,,,,,,,,,,,,,,,,,,,,,,,,,,,,,
1967,Satropología,1,,1,,,,,,,,,,,,,,,,,,,,3,,,,,,,
1967,BN,,,1,,1,,,,,,1,,,,,,1,1,,,,,2,,,,,,,
1967,Centro de Calculo Electrónico,,,1,,,,,,,,,,,,,,,,,,,,,,,,,,,
1967,IB,,,5,5,3,1,,,,,1,1,,,,,6,,,,,,4,1,,,,,,
1967,EMB,,,8,,6,3,,,2,,1,2,,,,,6,2,,,,,2,2,,,,,,
1967,IF,,,10,,12,,,,2,,,1,,,,,7,,,,,,4,2,,,,,,
1967,Igeofísica,,,1,1,13,1,,,,,,,,,,,,,,,,,,,,,,,,
1967,Igeografía,,,,,,3,,,,,,,,,,,2,2,,,,,,3,,,,,,
1967,Igeología,,,6,,2,1,,,,,4,,,,,,4,2,,,,,2,1,,,,,,
1967,IM,,,8,,3,,,,1,,,,,,,,5,,,,,,,,,,,,,
1967,IQ,,,9,,3,2,,,,,,,,,,,1,,,,,,,,,,,,,
1967,OAN,,,6,,2,,,,,,,,,,,,,,,,,,1,1,,,,,,
1968,CELiterarios,,,,,,,,,,,,,,,,,,,,,,,,,,,,,,
1968,CELingustica H,,,,,,,,,,,,,,,,,,,,,,,,,,,,,,
1968,Centro de traducción de lenguas clásicas,,,,,,,,,,,,,,,,,,,,,,,,,,,,,,
1968,Sem Estudio Escritura Maya,,,,,,,,,,,,,,,,,,,,,,,,,,,,,,
1968,BN,,,1,,1,,,,1,,2,1,,,,,,,,,,,,,,,,,,
1968,IIEc,,,6,,,1,,,,,,,,,,,1,1,,,,,,,,,,,,
1968,IIE,,,2,1,,,,,3,1,1,2,,,,,,,,,,,,,,,,,,
1968,IIF,,,5,,2,,,,,,,,,,,,,,,,,,,,,,,,,
1968,IIH,,,1,1,2,,,,1,1,3,2,,,,,2,1,,,,,,,,,,,,
1968,Santropología,1,,1,,,,,,,,2,,,,,,1,,,,,,,,,,,,,
1968,IIJ,1,,1,,1,1,,,2,,,,,,,,1,,,,,,,,,,,,,
1968,IIS,,,3,,3,1,,,,,,2,,,,,1,,,,,,,,,,,,,
1968,CCE,,,1,,1,,,,,,,,,,,,,,,,,,,,,,,,,
1968,Lab Nuclear,,,2,2,,,,,,,,,,,,,,,,,,,,,,,,,,
1968,IA,,,10,1,6,,,,,,,,,,,,1,,,,,,1,1,,,,,,
1968,IB,,,17,8,5,5,,,,,,,,,,,3,1,,,,,3,1,,,,,,
1968,IF,,,37,2,12,,,,2,,1,1,,,,,8,,,,,,6,2,,,,,,
1968,Igeofísica,,,14,2,1,1,,,,,,,,,,,12,1,,,,,,,,,,,,
1968,Igeografía,,,3,6,,,,,,,,,,,,,,2,,,,,,2,,,,,,
1968,Igeología,,,19,4,6,,,,1,,,,,,,,2,2,,,,,6,1,,,,,,
1968,IIBIOMÉDICAS,,,24,6,7,,,,2,,,,,,,,7,2,,,,,3,3,,,,,,
1968,IM,,,15,,7,,,,,,,,,,,,4,,,,,,,,,,,,,
1968,IQ,,,11,3,9,,,,,,,,,,,,1,3,,,,,,,,,,,,
1969,BN,,,1,,1,,,,,,1,1,,,,,1,1,,,,,3,1,,,,,,
1969,IIEc,,,7,,,,,,,,,,,,,,,,,,,,1,,,,,,,
1969,IIE,,,2,,,1,,,,,3,1,,,,,,,,,,,2,2,,,,,,
1969,IIF,,,4,,1,,,,,,,,,,,,,,,,,,,,,,,,,
1969,IIH,1,,2,,3,1,,,,,,1,,,,,2,1,,,,,5,2,,,,,,
1969,IIJ,1,,1,,1,1,,,,1,1,,,,,,1,,,,,,1,,,,,,,
1969,IIS,1,,3,1,3,1,,,,,,,,,,,1,,,,,,,1,,,,,,
1969,IA,,,7,,2,,,,,,,,,,,,1,,,,,,,,,,,,,
1969,IB,,,6,6,3,1,,,,,,1,,,,,5,,,,,,4,1,,,,,,
1969,IF,,,13,,10,1,,,1,,,1,,,,,6,,,,,,7,,,,,,,
1969,Igeofísica,,,1,1,12,1,,,,,,,,,,,,,,,,,,,,,,,,
1969,Igeografía,,,,,,3,,,,,1,,,,,,2,2,,,,,3,2,,,,,,
1969,Igeología,,,6,,2,1,,,1,,1,,,,,,2,3,,,,,2,1,,,,,,
1969,IIBIOMÉDICAS,,,8,,12,4,,,2,,1,2,,,,,3,1,,,,,1,1,,,,,,
1969,Imat,1,,8,,4,,,,,,,,,,,,3,,,,,,,,,,,,,
1969,IQ,,,8,,1,2,,,,,,,,,,,,,,,,,,,,,,,,
1970,IIBiblio,,,1,,1,,,,,,1,1,,,,,1,1,,,,,4,2,,,,,,
1970,IIEc,,,6,,,1,,,1,,,,,,,,1,1,,,,,3,1,,,,,,
1970,IIE,,,1,,,1,,,,,4,1,,,,,,,,,,,1,3,,,,,,
1970,IIF,,,4,1,,,,,,,,,,,,,,,,,,,,,,,,,,
1970,IIH,1,,2,1,3,1,,,,,1,1,,,,,2,1,,,,,2,4,,,,,,
1970,IIJ,1,,1,,1,1,,,1,,1,,,,,,1,,,,,,,,,,,,,
1970,IIS,,,1,,4,,,,,,,,,,,,1,,,,,,,2,,,,,,
1970,IA,,,7,,2,,,,1,,,,,,,,3,,,,,,,,,,,,,
1970,IB,,,7,4,3,,,,,,,,,,,,9,,,,,,,,,,,,,
1970,IF,,,15,,11,1,,,1,,,1,,,,,8,,,,,,4,,,,,,,
1970,Igeofísica,,,1,2,12,1,,,,,,,,,,,,,,,,,,,,,,,,
1970,Igeografía,,,,,1,3,,,,,,,,,,,2,3,,,,,1,1,,,,,,
1970,Igeología,,,4,,6,2,,,1,,2,,,,,,3,2,,,,,2,,,,,,,
1970,IIBIOMÉDICAS,,,9,,12,4,,,1,,1,2,,,,,3,2,,,,,1,1,,,,,,
1970,Imat,,,9,,4,,,,,,,,,,,,2,,,,,,,,,,,,,
1970,IQ,,,7,,1,2,,,,,,,,,,,,,,,,,,,,,,,,
1971,CELiterarios,,,,,,,,,,,,,,,,,,,,,,,,,,,,,,
1971,CELing,,,,,,,,,,,,,,,,,,,,,,,,,,,,,,
1971,CTradLenguas Clas,,,,,,,,,,,,,,,,,,,,,,,,,,,,,,
1971,CE Mayas,,,,,,,,,,,,,,,,,,,,,,,,,,,,,,
1971,BN,,,1,,1,,3,,,,1,1,2,2,,,,,,,,,,,,,,,,
1971,IIEc,,,6,1,,,1,1,2,,,,,,,,,,,,,,,,,,,,,
1971,IIE,,,1,1,,3,1,,,,3,,,1,,,,,,,,,,,,,,,,
1971,IIF,,,3,1,,,,,,,,,,,,,,,,,,,,,,,,,,
1971,IIH,,,,1,1,,2,1,,1,,,1,4,,,,,,,,,,,,,,,,
1971,Sección Antropología,1,,2,,4,1,,,,,,,1,,,,,,,,,,,,,,,,,
1971,IIJ,1,,1,1,2,,1,,,,,,,,,,,,,,,,,,,,,,,
1971,IIS,,,1,,6,,,2,,,,,1,,,,,,,,,,,,,,,,,
1971,CCE,,,,,,,,,,,,,,,,,,,,,,,,,,,,,,
1971,CI Materiales,,,1,,,,,,1,,1,,,,,,,,,,,,,,,,,,,
1971,IA,,,7,,3,,2,,1,,,,,,,,,,,,,,,,,,,,,
1971,JB,,,,,,,,,,,,,,,,,,,,,,,,,,,,,,
1971,IF,,,17,,10,1,,,1,,,1,2,1,,,,,,,,,,,,,,,,
1971,Igeofísica,,,2,2,13,1,,,,,,,,,,,,,,,,,,,,,,,,
1971,Igeografía,,,,,1,2,2,4,,,,,1,,,,,,,,,,,,,,,,,
1971,Igeología,,,3,,4,2,3,2,1,,2,,3,,,,,,,,,,,,,,,,,
1971,IIBIOMÉDICAS,,,9,,12,5,3,1,1,,1,2,1,2,,,,,,,,,,,,,,,,
1971,IM,,,9,,3,,2,,,,,,,,,,,,,,,,,,,,,,,
1971,IQ,,,7,,1,2,,,,,,,,,,,,,,,,,,,,,,,,
1971,Lab Nuclear,,,,,,,,,,,,,,,,,,,,,,,,,,,,,,
1971,ENA,,,,,,,,,1,,,,,,,,,,,,,,,,,,,,,
1971,ANP,,,,,,,,,,,,,,,,,,,,,,,,,,,,,,
1971,FC,,,,,,,,,,,,,,,,,,,,,,,,,,,,,,
1971,FCPyS,,,,,,,,,,,,,,,,,,,,,,,,,,,,,,
1971,FM,,,,,,,,,,,,,,,,,,,,,,,,,,,,,,
1972,CELiterarios,,,1,,,,,,,,,,,,1,2,2,1,1,1,,,,,,,,,,
1972,CELing,,,,,,,,,,,,,,,,,,,,,2,1,,,,,,,,
1972,CTradLenguas Clas,,,,,,,,,,,,,,,,,,,,,1,,,,,,,,,
1972,CE Mayas,,,,,,,,,,,,,,,,,,,,,,,,,,,,,,
1972,BN,,,,,,,1,,,,,,,,1,,,1,2,,2,,2,3,,,,,,
1972,IIEc,,,1,1,1,,3,,2,,,,,,1,,1,,3,,,,,,,,,,,
1972,IIE,,,,,,,,1,,,,,,,,1,,,4,3,,,,,,,,,,
1972,IIF,1,,3,,1,,2,,,1,,,,,,,,,,,,,,,,,,,,
1972,IIH,,,,1,,,,,1,,,,,,1,1,1,,1,,,3,,,1,,,,,
1972,Sección Antropología,1,,,,,,2,,,,,,,,,,,,3,1,,,,,1,,,,,
1972,IIJ,1,,1,,,,1,,1,,,,,,4,,,,3,,1,,,,,,,,,
1972,IIS,,,,,1,,3,,,,,,,,4,3,6,,5,,1,1,1,,,,,,,
1972,CIMASS,,,3,,,,,,,,,,,,2,,,,1,,,,,,,,,,,
1972,CIMateriales,,,2,,1,,,,1,,,,,,5,,2,,1,,,,,,,,,,,
1972,CEN,,,,,1,,,,,,,,,,5,1,2,,,,,1,2,,1,,,,,
1972,IA,,,2,,1,,5,,,,1,,,,1,,1,1,1,,1,1,,,,,,,,
1972,Ibio,,,7,1,2,,4,3,,,,,,,5,,8,1,1,,1,,,,,,,,,
1972,JB,,,,,,,,,,,,,,,1,,,,,,,,,,,,,,,
1972,Chamela,,,,,,,,,,,,,,,1,,,,,,,,,,,,,,,
1972,IF,,,5,,12,,9,,1,,,,,,2,,5,1,6,2,2,,1,,,1,,,,
1972,Igeofísica,,,6,,,,1,2,,,,,,,1,1,6,1,6,1,,,,,,,,,,
1972,Igeografía,,,1,,,1,,,,,,,,,,1,,1,5,,1,2,,,,,,,,
1972,Igeología,,,,,2,,,,1,,,,,,16,3,2,1,2,2,4,1,1,,1,,,,,
1972,IIBIOMÉDICAS,,,,8,,7,1,6,,,,1,,,5,,3,2,2,1,1,1,1,2,,,,,,
1972,IM,,,4,,2,,7,,,,,,,,1,1,,,1,,,,,,,,,,,
1972,IQ,,,1,,2,1,6,,,,,,,,3,,4,,2,1,,,,,,,,,,
1972,ENA,,,,,,,,,,,,,,,,,,,,,,,,,,,,,,
1972,FC,,,,,,,,,,,,,,,1,,,,,,1,,,,,,,,,
1972,FCPyS,,,,,,,,,,,,,,,1,,,,,,1,,,,,,,,,
1972,FD,,,,,,,,,,,,,,,,,,,,,,,,,,,,,,
1972,ffyl,,,,,,,,,,,,,,,,,,,,,1,,,,,,,,,
1972,FI,,,,,,,,,,,,,,,1,,,,,,,,,,,,,,,
1972,FM ,,,4,,2,,,,,,,,,,,,,,,,,,,,,,,,,
1972,CUEC,,,,,,,,,,,,,,,,,,,,,,,,,,,,,,
1973,CELiterarios,,,,,1,,,,,,,,,,1,2,2,,1,1,,,,,,,1,2,,
1973,CELing,,,,,,,,,,,,,,,,,,,,,2,1,,,,,2,1,,
1973,CTradLenguas Clas,,,,,,,,,,,,,,,,,2,,,,1,,,,,,,1,,
1973,CE Mayas,,,,,,,,,,,,,,,,,,,,,3,2,,,,,,2,,
1973,BN,,,1,,1,,1,,,,,,,,1,,,,,1,2,,2,2,,1,,,,
1973,IIEc,,,3,1,1,,3,,,,,,,,4,3,3,,3,,,,,,,,8,4,,
1973,IIE,,,,,,,,1,,,,,,,,1,,,1,3,,,,,3,,,,4,
1973,IIF,1,,5,,1,,2,,,,,,,,,,,,,,,,,,,,,,1,1
1973,IIH,1,,,,,,2,1,,,,,,,5,1,,,4,1,,,,,2,,,,,2
1973,IIJ,1,,,1,,,1,,,,,,,,1,,6,1,3,,,,,,,,,,,2
1973,IIS,1,,,,1,,4,,,,,,,,3,4,4,2,5,,1,,,1,,,,7,,
1973,CIMASS,,,6,,1,,1,,1,,,,,,1,2,3,,2,,,,,,,,,,,2
1973,CIMateriales,,,3,,1,,,,2,,,,,,6,,4,,5,,1,,,,,,,,1,
1973,CEN,,,,,1,,,,,,,,,,5,2,2,1,,,1,1,1,,1,,,,1,
1973,Centro de instrumentos,,,,,,,1,,,,,,,,,,,,,,,,,,,,,,,
1973,IA,,,4,,,,5,,,,,,1,,2,1,3,1,1,,,,,1,,,,,3,
1973,Ibio,,,7,1,2,,4,3,,,,,,,7,3,7,1,3,1,,,,1,,3,1,1,1,1
1973,JB,,,,,,,,,,,,,,,2,1,1,,,,,,,,,,,,3,3
1973,Estación de Investigaciones Marinas El Carmen,,,,,,,,,,,,,,,,1,,,,,,,,,,,,,,
1973,Chamela,,,,,,,,,,,,,,,1,,,,,,,,,,,,,,,
1973,IF,,,5,,12,,8,,,,1,,,,3,,5,1,5,2,2,,1,1,1,,,,,
1973,Igeofísica,,,4,1,,,1,2,,,,1,,,5,1,7,1,6,,1,,,,,,,,,
1973,Igeografía,,,2,,,1,,,,,,,,,2,5,,1,2,4,,,,,,,,,,
1973,Igeología,,,1,,2,,,,1,,1,,,,17,3,3,1,3,2,2,1,,,1,,,,,
1973,IIBIOMÉDICAS,,,8,,7,1,7,,1,,1,,,,3,1,3,3,2,2,1,1,1,2,,,,,,2
1973,IM,,,4,,2,,7,,,,,,,,1,1,,,2,1,,,,,,,,,4,6
1973,IQ,,,1,,2,1,6,,,,,,,,3,,4,,2,1,,,,,,,,,,
1973,CI Arqu,,,,,,,,,1,,,,,,,,,,,,,,1,,,,,,,
1973,FC,,,1,,,,,,,,,,,,1,,,,,,1,,,,,,,,,
1973,FCPyS,,,1,,,,,,,,,,,,,1,,,,,2,1,1,,,,,,,
1973,FD,,,,,,,,,1,,,,,,,,,,,,,,,,,,,,,
1973,ffyl,,,,,,,,,,,,,,,,,1,,,,,,,,,,,,,
1973,FM ,,,4,1,,,,,,,,,,,,,,1,,,,,,1,,,,,,
1974,BN,,,1,,,,1,,,,,,,,2,,,,,1,1,,2,2,,,,1,,
1974,IIEc,,,4,,1,1,3,,,,,,,,5,3,5,3,3,,,,,,,,4,4,9,2
1974,IIE,,,,,,,,1,,,,,,,,1,,1,2,2,,,,1,2,,,2,1,1
1974,IIF,1,,4,,,,1,,,,,,,,,,,,,,1,,,,,,,,,1
1974,IIH,,,,,,1,,1,,,,,,,,1,2,1,2,,,3,,1,2,,,,,3
1974,IIJ,1,,1,,,,1,,,,,,,,,,4,,4,1,,,,,,,,,1,
1974,IIS,1,,,,,,4,,,,,,,,2,2,5,3,6,1,2,,,1,,,12,4,1,3
1974,IIFilológicas,,,,,,,,,,,,,,,,,,,,,,,,,,,1,1,2,
1974,CELiterarios,,,1,,,,1,,,,,,,,,2,2,,1,1,,,,,1,,2,2,3,2
1974,CELing,,,,,,,,,,,,,,,,,1,1,2,,,,,,1,,,1,3,1
1974,CTradLenguas Clas,,,1,1,,,,,,,,,,,,,4,,,,2,,,,,1,,,,1
1974,CE Mayas,,,1,,,,,,,,,,,,1,3,,,1,1,,3,2,,,,1,2,,1
1974,IIAntropología,,,1,,,,2,,,,,,,,,1,1,,2,,,,,,,,,,,
1974,CIMASS,4,2,3,,1,,,,,,,,,,5,,4,,5,,,,,3,,,2,,3,
1974,CIMateriales,3,,2,1,1,,1,,,,,,,,5,1,4,,3,,1,,,,,,4,,5,1
1974,CEN,1,,1,,,,,,,,,,,,7,,2,1,,,1,1,,,1,,,,1,1
1974,Centro de instrumentos,,,,,,,,,,,,,,,,,,,,,,,,,,,,,3,
1974,Centro de informacion ientifica y humanistica,,,,,,,,,,,,,,,,,,,,,,,,,,,,,6,4
1974,centro de servicios de computo,,,,,,,,,,,,,,,1,,1,,,,,,,,,,,,,
1974,IA,3,,,,4,,,,,,1,,,,1,2,4,1,1,1,,,1,,,,6,1,8,4
1974,Ibio,8,1,1,,5,3,1,,,,,,,,19,3,12,1,3,3,,,1,,,2,2,1,5,6
1974,JB,,,,,,,,,,,,,,,2,1,1,,,,,,,,,,,,3,3
1974,Chamela,,,,,,,,,,,,,,,1,,,,,,,,,,,,,,,
1974,IF,8,,11,,9,,,,1,,,,,,5,,6,,8,,6,2,,,,,,,1,
1974,Igeofísica,3,1,2,,1,2,,,,,,,,,6,2,6,2,8,,2,,,,,,9,,5,2
1974,Igeografía,2,,,1,,,,,,,,,,,8,4,,1,4,2,,,,,,,6,6,,
1974,Igeología,3,,2,,,,1,,1,,,,,,15,4,2,1,3,2,1,2,,,1,,5,,1,1
1974,CDICiencias de la Tierra,,,,,,,,,,,,,,,1,,,,,,,,,,,,1,,,
1974,IIBIOMÉDICAS,6,,4,1,6,,,,,,2,,,,6,3,1,2,3,2,2,,1,2,,,,,6,7
1974,IM,2,,2,,8,,,,,,,,,,1,,1,,1,3,,,,,,,,,,
1974,IQ,2,,2,1,7,,,,,,,,,,2,,2,,2,1,,,,,,,,,,
1974,ENA,,,,,,1,,,,,,,,,4,1,3,1,,,1,,2,,,,,,,
1974,FC,1,,,,,,,,,,,,,,,,,,,,,,,,,,,1,1,1
1974,FCPyS,,,1,,,,,,,,,,,,2,1,,,,,1,1,,,,,19,16,,
1974,FCA,,,,,,,,,,,,,,,2,,2,,1,,,,,,,,,,,
1974,ENE,,,,,,,,,,,,,,,,,,,,,,,,,,,1,2,,
1974,FI,,,,,,,,,,,,,,,,,,,,,,,,,,,,,1,
1974,II,,,,,,,,,,,,,,,,,,,,,,,,,,,15,2,,
1974,FM ,1,,,,,,,,,,,,,,,,1,,,,,,,,,,4,5,,
1974,FP,1,,,1,,,,,,,,,,,,,,,,,2,2,2,1,,,8,11,17,7
1974,FQ,,,,,,,,,,,,,,,,,,1,,,,,,,,,4,1,,2
1974,CUEC,,,,,,,,,,,,,,,,,,,,,,,,,,,,,,
1974,ENP,,,,,,,,,,,,,,,,,,,1,,,,,,,,,,,
1975,BN,,,1,,,,1,,,,,,,,1,1,,,,2,1,,2,2,,,,1,,
1975,IIEc,,,4,,1,1,3,,,,,,,,6,3,5,3,3,,,,,,,,5,4,12,2
1975,IIE,,,,,,1,,1,,,,,,,,1,,,2,2,,,,3,2,,,2,1,1
1975,IIF,1,,4,,,,3,,,,,,,,,,,,,,2,,,,,,,,1,1
1975,IIH,,,,,,1,,,,,,,,,,1,3,,2,,,2,,,2,,,,,3
1975,IIJ,1,,,1,,,1,,,,,,,,,,6,1,5,1,,,,,,,2,12,2,
1975,IIS,1,,2,,,,4,,,,,,,,2,3,5,4,4,1,,1,,,,,1,1,2,2
1975,IIFilológicas,,,,,,,,,,,,,,,,,,,,,,,,,,,,4,2,1
1975,IIAntropología,,,1,,,,2,,,,,,,,1,3,1,1,2,,,,,,,,1,3,,
1975,CELiterarios,,,1,,,,1,,,,,,,,,2,2,,1,,,,,,1,,,,2,
1975,Centro de Lingüística Hispanica,,,,,,,,,,,,,,,,,,2,2,1,,,,,1,1,,,2,
1975,Centro de Estudios Clasicos,,,1,1,,,,,,,,,,,,,5,,,,,1,,,,,1,4,1,
1975,Centro de Estudios Mayas,,,1,,,,,,,,,,,,2,1,1,,1,,,1,1,,,,2,1,,
1975,CIMASS,,,3,,6,,2,,,,,,,,5,3,5,,2,1,,,,,,,5,,2,
1975,CIMateriales,,,3,,2,,1,,1,,,,,,7,1,4,,4,,1,,1,,,,,,5,1
1975,CEN,,,1,,1,,,,1,,,,,,7,1,2,1,,,1,1,,,1,,,,1,1
1975,Centro de instrumentos,,,,,,,,,,,,,,,,,,,,,,,,,,,,,3,
1975,Centro de informacion ientifica y humanistica,,,,,,,,,,,,,,,,,,,,,,,,,,,,,5,4
1975,centro de servicios de computo,,,,,,,,,,,,,,,1,,,,,,,,,,,,,,,
1975,Centro de ciencias del mar y limnologia,,,1,,,,,1,1,,,,,,5,,2,,3,,,,,,,,2,,1,
1975,IA,,,4,,,1,4,,,,,,1,,2,,5,1,1,1,,,1,,,,6,1,8,4
1975,Ibio,,,7,1,1,,5,2,,,,,,,10,2,8,,5,3,,,,,,2,,1,6,6
1975,JB,,,,,,,,,,,,,,,2,1,1,,,,,,,,,,,,3,3
1975,Chamela,,,,,,,,,,,,,,,1,,,,,,,,,,,,,,,
1975,IF,,,7,1,11,,8,,,,,,,,5,,6,1,10,1,4,2,,,,,,,2,
1975,Igeofísica,,,2,1,2,1,,2,,,,,,,5,3,6,1,10,,2,,,,,,9,,6,1
1975,Igeografía,,,3,1,,1,,,,,,,,,4,3,,2,2,3,,,,,,,4,8,,
1975,Igeología,,,3,,2,1,,,1,,,,,,17,3,2,2,2,2,1,2,,,1,,2,,3,1
1975,CDICiencias de la Tierra,,,,,,,,,,,,,,,2,,,,,,,,,,,,3,,,
1975,IIBIOMÉDICAS,1,,6,,3,1,7,,1,,,,,,5,3,2,3,2,4,1,1,1,2,,,,,5,5
1975,IM,,,3,1,4,,8,,,,,,,,1,,1,,1,1,,,,,,,2,,,
1975,IQ,,,2,1,3,1,6,,,,,,,,3,,2,,2,,,,,,,,,,,
1975,ENA,,,,,,,1,,1,,,,,,,,,,,,1,,2,,,,,,,
1975,FC,,,,,,,,,,,,,,,3,1,,,,,1,,,,,,2,1,1,
1975,FCPyS,,,,,1,,,,,,,,,,,1,1,,,,,1,,,,,15,14,,
1975,FCA,,,,,,,,,,,,,,,,,,,,,,,,,,,,,3,
1975,FD,,,,,,,,,1,,,,,,,,,,,,,,,,,,,,,
1975,ENE,,,1,,,,,,,1,,,,,,,,,,,,,,,,,,1,,
1975,FI,,,,,,,,,,,,,,,2,,2,,,,,,,,,,1,,,
1975,II,,,5,,1,,,,1,,,,,,,,1,,,1,,,,,,,15,1,,
1975,FM ,,,2,,,,,,,,,,,,,,,,,,,,,,,,1,4,1,
1975,ENM,,,,,,,,,,,,,,,,,,,1,,,,,,,,,,,
1975,FP,,,1,,,,1,,,,,,,,2,,,1,,,1,2,,1,,,10,12,18,3
1975,FQ,,,,,,,,,,,,,,,,,,1,,,,,,,,,6,3,,2
1975,CCH,,,,,,,,,,,,,,,,,1,,1,,,,,,,,,,,
1976,BN,,,1,,,,1,,,,,,,,1,1,1,,,,2,1,2,2,1,,,,,
1976,HN,,,,,,,,,,,,,,,,,,,,,,,,,,,1,1,1,1
1976,IIEc,,,4,,1,1,3,,,,,,,,8,3,3,2,,2,,,,,2,,3,6,10,2
1976,IIE,,,,,,,,1,,,,,,,,1,,1,,3,1,2,,,1,,,2,2,
1976,IIF,1,,4,,,,4,,1,,,,,,,,,,1,,,,,,,,,,1,
1976,IIH,,,,,1,,1,2,,,,1,,,1,1,1,1,,1,,,3,1,,2,,,,3
1976,IIJ,1,,1,1,,,1,,,,,,,,,,7,1,1,1,1,,,,,,1,,4,
1976,IIS,1,,2,,1,,4,1,,,,,,,2,5,4,5,1,2,,,,,,,3,14,3,1
1976,IIFilológicas,,,,,,,,,,,,,,,,,,,5,,,,,,,,,,2,2
1976,IIAntropología,,,1,1,,,3,,,,,,,,3,6,2,1,,2,,,,,,,1,8,,
1976,CELiterarios,,,1,,,,1,,,,,,,,,1,2,,1,1,2,,,,,,1,3,1,1
1976,Centro de Lingüística Hispanica,,,,,,,,,,,,,,,,,,2,,2,,,,,,1,,,,
1976,Centro de Estudios Clasicos,,,1,1,,,,,,,,,,,,,4,,2,,,,1,,,1,,,1,
1976,Centro de Estudios Mayas,,,1,,,,,,,,,,,,1,2,1,,,1,1,,1,1,,,1,4,,
1976,CIMASS,,,3,,5,,2,,,,,,,,3,4,7,1,1,5,,,,,,,1,1,9,
1976,CIMateriales,,,3,,1,,1,,1,,,,,,4,1,4,,3,,1,,1,,,,6,1,4,1
1976,CEN,,,1,,,1,,,1,,,,,,5,1,2,,3,1,1,,,,1,,,,1,1
1976,Centro de instrumentos,,,,,,,,,,,,,,,,,,,,,,,,,,,1,,6,1
1976,Centro de informacion ientifica y humanistica,,,,,,,,,,,,,,,,,,,,,,,,,,,,,,5
1976,centro de servicios de computo,,,,,,,,,,,,,,,1,,,,,,,,,,,,,,,
1976,Centro de ciencias del mar y limnologia,,,1,,,,,1,1,,,,,,8,2,5,,3,,,,,,,,1,,5,4
1976,IA,,,6,,,1,4,,,,,,1,,3,,5,2,1,1,,,1,,,,5,3,13,4
1976,Ibio,,,6,2,1,1,3,3,,,,,,,8,2,3,,4,,,,,,,1,,,3,4
1976,JB,,,,,,,,,,,,,,,1,,2,1,,,,,,,,,,,,
1976,Chamela,,,,,,,,,,,,,,,,,1,,,,,,,,,,,,,
1976,IF,,,8,1,4,,8,,,,,,,,4,,3,,4,1,3,1,,,,,,,4,
1976,Igeofísica,,,2,1,2,,,2,,,,,,,4,2,7,1,5,,2,,,,,,14,1,5,1
1976,Igeografía,,,2,,,1,,,,,,,,,7,7,,2,1,2,,1,,,,,3,5,,
1976,Igeología,,,3,,,1,,1,1,,,,,,21,3,4,2,3,2,1,2,,,1,,,2,4,1
1976,CDICiencias de la Tierra,,,,,,,,,,,,,,,3,,,,,,,,,,,,1,,1,
1976,IIBIOMÉDICAS,1,,5,,6,1,5,,2,,,,,,2,2,3,2,3,6,1,1,1,2,,,,,6,5
1976,IM,,,1,2,3,9,,,,,,,,,3,,2,,,,,,,,,,2,,,
1976,IQ,,,1,1,3,1,6,,,,,,,,4,,,,1,,,,,,,,,,,
1976,ENA,,,,,,,,,1,,,,,,,,,,,,1,,1,,,,,,,
1976,FC,,,2,,,,,,,,,,,,2,1,1,,,,,,,,,,5,,1,
1976,FCPyS,,,,,1,,,,,,,,,,,1,1,,,,,1,,,,,13,7,,
1976,FD,,,,,,,,,1,,,,,,,,,,,,,,,,,,,,,
1976,ENE,,,2,,1,,,1,,,,,,,,1,,,,,,,,,,,2,5,,
1976,FFyL,,,,,,,,,,,,,,,,1,,,,,,,,,,,2,,,
1976,II,,,6,,6,,5,,3,,,,1,,7,,4,,,,,,1,,,,13,1,,
1976,FM ,,,,1,,,,,,,,,,,,,,,,,,,,,,,1,4,,1
1976,FQ,,,,,,,,,,,,,,,,,1,1,,1,,,,,,,3,2,1,1
1976,FP,,,1,,,,1,,,,,,,,2,,,1,,,,,,,,,12,18,16,8
1976,CUEC,,,,,,,,,,,,,,,,,,,,,2,3,,1,,,,,,
1976,ENESZ,,,,,,,,,,,,,,,,,,,,,,,,,,,,,,
1976,ENESA,,,,,,,,,,,,,,,,,,1,,,,,,,,,,,,
1976,CCH,,,,,,,,,,,,,,,,,,,,,,,,,,,,,,
1977,BN,,,1,,,,2,,,,,,,,1,1,1,1,,2,2,1,2,,,,,1,,
1977,HN,,,,,,,,,,,,,,,,,,,,,,,,,,,1,1,1,
1977,IIEc,,,2,1,1,1,2,,,,,,,,3,4,4,,4,2,1,,,,,,4,6,11,3
1977,IIE,,,,,,,,1,1,,,,,,1,1,,,2,1,2,,,,1,,,3,2,1
1977,IIF,1,,5,,,,2,1,,,,,,,,,,,,,,,1,,,,,,,2
1977,IIH,,,,,1,,2,2,,,,,,,,,1,2,,1,,3,,,2,,,,,3
1977,IIJ,1,,2,1,,,1,,,,,,,,,,4,,2,1,,,,,,,,,3,
1977,IIS,,,2,,,,4,1,,,,,,,6,4,4,5,3,,,,,,,,5,13,4,2
1977,IIFilológicas,,,,,,,1,,,,,,,,,,,,,1,,,,,,,,,1,
1977,CELiterarios,,,,1,,,,,,,,,,,1,2,1,,1,1,,,,,1,,1,7,,
1977,Centro de Lingüística Hispanica,,,,,,,,,,,,,,,,,,,1,,,,,,1,1,,,,
1977,Centro de Estudios Clasicos,,,,1,,,,,,,,,,,,,1,,,,,,1,1,,,,,,
1977,Centro de Estudios Mayas,,,2,1,1,,,,,,,,,,,1,1,,1,1,,,,,,,3,3,,
1977,IIAntropología,,,1,3,1,,2,1,,,,,,,2,5,1,,2,,,,,,,,3,10,,1
1977,CIMateriales,,,4,,2,,4,,,,,,,,2,,5,,2,1,1,,,,,,5,1,9,1
1977,CEN,,,1,,1,1,,,,,,,,,5,1,2,1,2,1,,,,,,,,,1,2
1977,Centro de instrumentos,,,1,,,,,,,,,,,,,,,,,,,,,,,,,,9,1
1977,Centro de informacion ientifica y humanistica,,,,,,,1,,,,,,,,,,,,,,,,,,,,,,8,8
1977,centro de servicios de computo,,,,,,,,,,,,,,,1,,,,1,,,,,,,,,,1,
1977,Centro de ciencias del mar y limnologia,,,1,,,,,1,1,,,,,,8,1,8,,4,,,,,,,,1,,10,4
1977,IA,,,5,,1,,4,1,,,,,1,,1,1,4,2,2,1,,,,,,,4,3,15,4
1977,Ibio,,,7,3,1,1,4,3,,1,,,,,6,2,4,1,4,2,,,,,,1,1,,13,8
1977,JB,,,1,1,,,,,,,,,,,,,1,1,1,,,,,,,,,,1,2
1977,Tuxtlas,,,,,,,,,,,,,,,,,,,,,,,,,,,,,2,
1977,Chamela,,,,,,,,,,,,,,,,,1,,,,,,,,,,,,2,
1977,IF,,,5,1,5,,8,1,,,,,,,5,,6,,4,2,,1,1,1,,,,,5,
1977,Igeofísica,,,6,,4,2,,2,,,,,,,10,3,8,3,7,,2,,,1,,,9,1,25,3
1977,Centro de Ceincias de la Atmosfera,,,,,,,1,,,,,,,,,,,,,,,,,,,,,,,
1977,Igeografía,,,2,,,1,,1,,,,,,,5,7,2,2,1,2,,1,,,,,7,8,,
1977,Igeología,,,4,,,1,1,1,1,,,,,,12,3,5,2,2,,,2,,1,1,,,4,4,1
1977,CDICiencias de la Tierra,,,,,,,,,,,,,,,1,,,,1,,,,,,,,2,,1,
1977,IIBIOMÉDICAS,1,,4,,7,1,8,,,,,,,,2,2,7,2,5,4,1,1,1,,,,,,4,12
1977,IM,,,1,1,2,,9,1,,,,,,,1,,3,,,,,,,,,,2,1,,
1977,IQ,,,1,1,3,1,6,,,,,,,,2,,1,,1,,,,,,,,,,1,
1977,IIMAS,,,1,,6,1,1,,,,,,,,3,2,8,1,6,3,,,,,,,3,3,12,
1977,II,,,7,,6,,5,,3,,1,,1,,10,1,4,1,1,,,2,,,,,20,4,2,
1977,ENA,,,,,,,,,2,,,,,,,,,,,,1,1,,,,,,,,
1977,ENAP,,,1,,,,,,,,,,,,,,,,,,,,,,,,,,,
1977,FC,,,1,,,,,,,,,,,,1,,,,,1,,,,,,,1,,,1
1977,FCPyS,,,,,1,,,,,,,,,,,1,,,,,,,,,,,19,25,1,1
1977,FD,,,,,,,,,1,,,,,,,,,,,,,1,,,,,,,,
1977,FE,,,1,,1,,2,1,,2,,,,,,,,,,,,,,,,,6,5,,
1977,FFyL,,,,,,,,,,,,,,,,,,,,1,,,,,,,2,3,1,
1977,FI,,,,,,,2,,,,,,,,,,,,,,,,,,,,1,,,
1977,FM ,,,1,1,,,,,,,,,,,,1,,1,,1,,,,,,,3,4,1,1
1977,FP,,,1,,,,2,,,,,,,,2,,,1,,,1,,1,,,,6,12,12,7
1977,FQ,,,,,,,,,,,,,,,,,1,,,,,,,,,,4,2,,1
1977,CELE,,,,,,,,,,,,,,,,,,1,,,,,,,,,,1,,
1977,CUEC,,,,,,,,,,,,,,,,,,,,,,,,,,,,,,
1977,ENEPC,,,1,,,,,,,,,,,,,,,,,,,,,,,,,,,
1977,ENEPAc,,,,,,,,,,,,,,,2,,,,,,,,,,,,,,,
1977,ENEPAr,,,,,,,,,,,,,,,,,,,,,,,,,,,,,,
1977,ENEPZ,,,,,,,,,,,,,,,,,,,,,,,,,,,,,5,2
1977,CCH,,,2,,,,,,,,,,,,,,,,,1,,,,,,,,,,
1978,BN,,,,,,,2,,,,,,,,1,1,1,,,2,2,1,2,1,,,1,1,,
1978,HN,,,,,,,,,,,,,,,,,,,,,,,,,,,1,3,2,1
1978,IIEc,,,3,,1,1,4,,,,,,,,3,5,3,1,2,1,1,,,,,,5,4,11,3
1978,IIE,,,,,,,1,1,1,,,,,,,1,1,1,3,1,2,,1,,1,,1,3,3,1
1978,IIF,,,5,,,,3,,,,,,,,,,,,,,,,1,1,,,,,,2
1978,IIH,,,,,,,2,1,,,,,,,,,,1,,1,,3,,,2,,,,,2
1978,IIJ,1,,2,1,,,1,,,,,,,,1,,5,,2,1,,,,,,,,,3,1
1978,IIS,,,3,,,,,4,1,,,,,,5,6,3,5,3,,,,,,,,9,12,5,
1978,IIFilológicas,,,,,,,1,,,,,,,,,,,,,1,,,,,,,,,1,
1978,CELiterarios,,,,1,,,,,,,,,,,2,1,1,,1,1,,,,,,,,9,,
1978,Centro de Lingüística Hispanica,,,,,,,1,,,,,,,,,1,,,,,,,,,1,1,,,,
1978,Centro de Estudios Clasicos,,,,1,,,,,,,,,,,,,,,,,,,,1,,,,,,
1978,Centro de Estudios Mayas,,,1,,1,,,,,,,,,,,2,1,1,1,1,,,,,,,2,4,,
1978,IIAntropología,,,2,3,1,,2,,,,,,,,2,4,1,,,,,,,,,,6,10,1,1
1978,Ccatmosfera,,,,,,,,,,,,,1,,,,,,,,,,,,,,1,,,
1978,CIMateriales,,,6,,2,,2,1,,,,,,,2,,7,,2,1,1,,,,,,3,,9,1
1978,CEN,,,2,,1,1,,,,,,,,,5,3,1,1,3,1,,,,,,,,,1,2
1978,Centro de instrumentos,,,1,,,,,,,,,,,,,,,,,,,,,,,,,,10,1
1978,Centro de informacion ientifica y humanistica,,,,,,,1,,,,,,,,,,,,,,,,,,,,,,9,9
1978,centro de servicios de computo,,,,,,,,,,,,,,,1,,,,2,,,,,,,,,,1,
1978,Centro de ciencias del mar y limnologia,,,1,,,,,1,,,,,,,8,1,9,,4,,,,,,,,2,,7,4
1978,IA,,,4,,,,4,1,,,,,1,,1,1,4,2,2,1,,,,,,,2,2,12,4
1978,Observatorio Astronómico Nacional,,,,,,,,,,,,,,,,,,,,,,,,,,,,,4,
1978,Ibio,,,,,1,,,,,,,,,,5,2,5,,5,1,,,,,,1,2,,9,12
1978,JB,,,9,1,2,,4,4,,,,,,,1,1,1,1,1,,,,,,,,,,3,2
1978,Tuxtlas,,,,,,,,,,,,,,,,,,,,,,,,,,,,,2,
1978,Chamela,,,,,,,,,,,,,,,,,1,,,,,,,,,,,,2,
1978,IF,,,6,1,4,,10,,,,1,,,,5,1,8,,3,1,,,1,1,,,,,5,1
1978,Igeofísica,,,4,,5,1,1,2,,,,,,,13,2,6,2,6,,2,,,1,,,11,1,26,2
1978,Igeografía,,,3,,,1,,1,,,,,,,4,9,3,4,,2,,1,,,,,6,9,,
1978,Igeología,,,4,1,,1,1,1,1,,,,,,10,2,5,3,3,,,2,,,1,,,5,4,2
1978,CDICiencias de la Tierra,,,,,,,,,,,,,,,1,,,,,,,,,,,,1,,1,
1978,OficReg noro Hermosillo,,,,,,,,,,,,,,,,,1,,,,,,,,,,,,,
1978,IIBIOMÉDICAS,1,,6,,6,,4,,,,,,,,2,1,6,3,4,5,1,1,1,,,,,,9,12
1978,IM,,,1,2,,,,,,,4,,,,1,,3,,9,,,,,,,,2,1,,
1978,IQ,,,1,1,3,1,5,,,,,,,,2,,1,,1,,,,,,,,,,2,
1978,IIMAS,,,4,,8,,1,,,,,,,,3,2,9,1,6,2,,,,,,,4,2,14,
1978,II,,,6,,11,,8,,3,,1,,2,,10,,8,1,3,,1,,2,,,,22,4,2,
1978,ENA,,,,,,,,,2,,,,,,,,,,,,1,,1,,,,,,,
1978,ENAP,,,2,,,,,,,,,,,,,,,,,,,,,,,,,,,
1978,FC,,,1,,,,1,,,,,,,,,,,,,1,,,,,,,,,1,
1978,FCPyS,,,,,,,,,1,,,,,,,,,,,,,,,,,,24,26,3,1
1978,FD,,,,,,,,,1,,,,,,,,,,,,,,1,,,,,,,
1978,FE,,,2,,1,,2,1,1,2,,,,,,,,,,,,,,,,,6,3,,
1978,FFyL,,,,,,,,,,,,,,,,,,,,,,,,,,,1,2,,1
1978,FI,,,,,,,2,,,,,,,,,,,,,,,,,,,,1,,1,
1978,FM ,,,1,,,,,,,,,,,,1,1,1,,,1,,,,,,,6,4,3,1
1978,FP,,,1,,,,2,,,,,,,,2,,,1,,,2,,,1,,,5,10,9,6
1978,FQ,,,,,,,,,,,,,,,,,1,,,,,,,,,,,3,,
1978,CELE,,,,,,,,,,,,,,,,,,1,,,1,,,,,,,1,,
1978,CUEC,,,,,,,,,,,,,,,,,,,,,,,,,,,,,,
1978,ENEPC,,,2,,,,,,,,,,,,,,,,,,,,,,,,,,,
1978,ENEPAc,,,,,,,,,,,,,,,,,,1,,,,,,,,,2,,2,1
1978,ENEPZ,,,,,,,,,,,,,,,,,,,,,,,,,,,,,6,2
1978,CCH,,,,,,,,,,,,,,,,,,,1,,,,,,,,,,,
1979,BN,,,,2,1,,2,,,,,,,,,,1,1,,2,1,1,1,1,,,3,1,,
1979,HN,,,,,,,,,,,,,,,,,,,,,,,,,,,1,3,,
1979,IIEc,,,3,,1,1,4,,,,,,,,4,5,9,2,5,2,1,,,,,,6,3,7,3
1979,IIE,,,,1,,,1,4,2,,,,,,2,2,2,2,3,,2,,1,,1,,2,2,4,2
1979,IIF,,,2,,1,,5,,,,,,,,,,,,,,,,1,,,,,,3,1
1979,IIH,,,2,,1,,2,1,,,,,,,1,,1,1,2,1,1,2,,,2,,,,,1
1979,IIJ,1,,4,1,,,1,,1,,,,,,,,7,1,5,1,,,,,1,,,,3,1
1979,IIS,,,2,1,,,5,1,,,,,,,7,7,4,5,4,,,,,,,,7,12,5,
1979,IIFilológicas,,,,,1,,2,,,,,,,,,,,,,1,,1,,,,,,,,
1979,CELiterarios,,,1,,1,,,,,,,,,,2,1,1,1,1,1,,,,,,,2,8,,
1979,Centro de Lingüística Hispanica,,,1,,,,,,,,,,,,,,,,,2,,,,,1,1,,,,
1979,Centro de Estudios Clasicos,,,2,1,,,1,,,,,,,,,,,,5,1,,,,1,1,,,,,
1979,Centro de Estudios Mayas,,,1,,1,,,,,,,,,,,3,1,2,2,,,,,,,,,,,
1979,IIAntropología,,,3,2,3,1,2,,,,,,,,4,5,1,,1,,,,,,,,5,8,,1
1979,Ccatmosfera,,,2,,1,,2,,,,,,1,,6,,1,,4,,,,1,1,,,4,1,2,2
1979,CIMateriales,,,9,1,2,,5,,,,,,,,7,,15,,7,1,1,,,,,,2,1,11,1
1979,CEN,,,2,,3,1,1,,,,,,,,2,3,3,1,3,1,,,,,,,,,1,1
1979,Centro de instrumentos,,,1,,,,,,,,,,,,,,,,,,,,,,,,,,20,2
1979,Centro de informacion ientifica y humanistica,,,,,,,2,,,,,,,,,,,,,,,,,,,,,,8,6
1979,centro de servicios de computo,,,,,,,,,,,,,,,,,,,1,,,,,,,,,,1,
1979,Centro de ciencias del mar y limnologia,,,2,,,,1,1,,,,,,,13,,12,,9,,,,,,,,2,,4,1
1979,IA,,,3,1,4,,5,1,,,,,1,,1,2,2,2,2,1,,,,,,,1,2,8,4
1979,Observatorio Astronómico Nacional,,,,,,,,,,,,,,,,,2,,,,,,,,,,,,4,
1979,Ibio,,,8,4,9,2,9,4,,,,,,,6,4,9,4,6,3,,,,,,1,2,1,4,5
1979,JB,,,,,,,,,,,,,,,1,1,,1,1,,,,,,,,,,1,1
1979,Tuxtlas,,,,,,,,,,,,,,,,,1,,1,,,,,,,,,,,
1979,Chamela,,,,,,,,,,,,,,,,,1,,1,,,,,,,,,,,
1979,IF,,,12,1,6,,18,,,,1,,,,4,1,12,2,11,1,,,,,,,,,7,1
1979,Igeofísica,,,3,1,2,2,1,1,,,,,,,6,3,9,1,5,,1,,,,,,6,,17,
1979,Igeografía,,,3,2,1,1,,2,,,,,,,6,10,4,4,,3,,1,,,,,1,6,4,1
1979,Igeología,,,3,1,3,1,3,1,1,,,,1,,14,2,11,3,6,,,2,,,1,,,5,4,1
1979,CDICiencias de la Tierra,,,1,,,,,,,,,,,,1,,,,,,,,,,,,1,,,
1979,OficReg noro Hermosillo,,,,,,,,,,,,,,,,,1,,,,,,,,,,,,,
1979,IIBIOMÉDICAS,1,,8,1,6,,10,1,,,,,,,3,2,6,2,3,4,1,1,,,,,,,7,12
1979,IM,,,3,2,5,1,9,,,,,,,,,,3,1,5,,,,,,,,3,,,
1979,IQ,,,9,1,3,1,7,,,,,,,,5,,3,,1,,,,,,,,,,,
1979,IIMAS,,,5,,10,2,1,,,,,,,,4,2,12,2,7,2,,,,,,,4,3,,
1979,II,,,13,,12,,8,,1,,1,2,,,20,,11,1,8,,2,,2,,2,,11,3,,
1979,ENA,,,,,,,,,2,,2,1,,,,,,,,,,,,,1,,,,,
1979,ENAP,,,1,,,,,,,,,,,,,,,,,,,,,,,,,,,
1979,FC,,,2,,1,1,2,,,,,,,,,,,,1,1,,,,,,,1,1,,
1979,FCPyS,,,,,1,,,,,,,,,,,,,,,,,,,,,,24,30,,
1979,FD,,,,,,,,,1,,,,,,,,,,,,,,,,,,,,,
1979,FE,,,1,,2,,1,,,1,,,,,,,,,,,,,,,,,2,6,,
1979,FFyL,,,,1,,,1,,,,,,,,,,1,,,,,1,,,,,,,,
1979,FI,,,1,,2,,,,,,,,,,,,,1,1,,,,,,,,,,1,
1979,FM ,,,2,1,,,,,,,,,,,1,1,1,,,1,,1,,,,,2,4,1,1
1979,FP,,,1,,,,2,,,,,,,,4,,,1,,,1,1,,1,,,8,18,2,
1979,FQ,,,,,,,,,,,,,,,1,,2,,,,,,,,,,6,1,,
1979,EPE,,,,,,,,,,,,,,,,,,,,,,,,,,,,,,
1979,CUEC,,,,,,,,,,,,,,,,,,,,,,,,,,,,,,
1979,ENEPC,,,3,,,,,,,,,,,,,,,,,,,,,,,,,,1,
1979,ENEPAc,,,,,,,,,,,,,,,,,,1,2,,,,,,,,,,,
1979,ENEPZ,,,,,,,,,,,,,,,,,,,,,,,,,,,,,,
1979,ENP,,,,,1,,,,,,,1,,,,1,,,,,,2,,,1,,,,,1
1979,CCH,,,,,,,,,,,,,,,,,,,,,,,,,,,,,1,
1980,IIB,,,,4,1,,1,,1,,,,,,1,,2,1,1,1,1,1,1,,1,,3,3,1,3
1980,IIEc,,,4,,3,,6,,,,,,,,4,6,8,3,4,4,,,,,,,5,6,8,3
1980,IIE,,,3,1,,,1,4,1,,,,,,3,3,1,,2,2,1,,2,,1,,,2,4,6
1980,IIF,,,3,,1,,5,1,,,,,,,,2,,2,,,,,1,,1,,,,1,2
1980,IIH,,,2,,,,4,1,,,,,,,1,,1,1,2,,,3,,1,2,,,,4,1
1980,IIJ,,,5,2,1,,4,,,1,,,,,1,,4,,7,1,,,1,,2,,,,2,
1980,IIS,,,2,1,4,,4,1,,,,,,,5,7,7,5,3,1,,,,,,,9,15,5,
1980,IIFilológicas,,1,2,1,3,1,4,1,,,,,,,4,4,4,,8,7,2,2,,1,3,1,2,1,2,5
1980,IIAntropología,,,3,1,2,,1,,,,,,,,5,9,1,1,1,,,,,,,,5,5,1,1
1980,IA,,,5,,5,,6,1,,,,,,,1,2,4,,4,4,,,,,,,3,,11,5
1980,Ibio,,,8,3,4,1,5,3,,,,,,,8,1,16,2,9,1,,,1,,1,,3,1,16,7
1980,IF,,,16,2,9,2,23,,,,,,,,1,2,12,1,11,2,,,1,1,,,2,,8,1
1980,Igeofísica,,,2,,2,1,2,1,,,,,,,5,1,9,,10,,,,,,,,1,,18,
1980,Igeografía,,,3,1,3,,,1,,,,,,,9,4,7,5,2,5,,3,,,,,7,6,1,
1980,Igeología,,,7,1,3,1,3,1,,,,,1,,8,1,12,6,8,,2,,1,,,,,4,8,4
1980,IIBIOMÉDICAS,,,9,1,5,,17,1,,,,,,,1,3,7,6,6,5,1,2,1,,,,,,12,18
1980,IM,,,5,2,5,1,9,,,,,,,,,,6,1,6,1,,,,,,,,,4,1
1980,IQ,,,5,1,5,,8,1,,,,,,,5,,4,,1,,,,,,,,,,13,2
1980,IIMAS,,,10,1,10,1,3,,,,,,,,3,1,12,2,15,,,,,,,,3,3,11,1
1980,II,,,14,,12,,9,,1,,1,,2,,13,,19,1,12,1,1,,4,,1,,8,3,12,1
1980,IIMateriales,,,9,2,3,,5,,,,,,,,3,3,14,1,12,,,,,,,,1,,15,1
1980,ENA,,,,,1,,,,2,,1,,,,,,,,,,,,,,2,,,,,
1980,ENAP,,,1,,,,,,,,,,,,,,,,,,,,,,,,,,,
1980,FC,,,1,,,,,,,,,,,,,,,,,,,,,,,,,,,2
1980,FCPyS,,,,,,,1,,,,,,,,,,,,,,,,,,,,24,31,,
1980,FE,,,1,,2,,,1,,1,,,,,,,,,,,,,,,,,4,8,,
1980,FFyL,,,,,,,,,,,,,,,,,,,,,,,,,,,2,2,,1
1980,FI,,,,,,,,,,,,,,,,,,,,,,,,,,,1,,,
1980,FM ,,,1,,,,,,,,,,,,1,,1,,,,,,,,,,1,4,,1
1980,FMVZ,,,,,,,,,,,,,,,,,,,,,,,,,,,,,,
1980,FP,,,1,,,,3,,,,,,,,4,1,,1,,,2,2,1,1,,,13,14,1,1
1980,FQ,,,,,,,,,,,,,,,,,,,,,,,,,,,3,,1,
1980,CELE,,,,,,,,,,,,,,,,,,,,,,,,,,,,,,
1980,ENEPC,,,1,1,,,,,,,,,,,,,,1,,,,,,,,,,,1,
1980,ENEPAc,,,,,,,,,,,,,,,,,,1,,,,,,,,,1,,2,1
1980,ENEPZ,,,,,,,,,,,,,,,,,,,,,,,,,,,,,7,1
1980,CUEC,,,,,,,,,,,,,,,,,,,,,,,1,,,,,,,
